Fall2021-2022(202210),10006,ACCT,210,1,FinancialAccounting,3,3,SB,40,0,0930,1045,OSB,230,M,.,W,.,.,.,.,.,.,.,.,.,.,.,.,.,.,.,Bassima,Hout,,
Fall2021-2022(202210),10007,ACCT,210,10,FinancialAccounting,3,3,SB,39,1,1400,1515,OSB,227,.,T,.,R,.,.,.,.,.,.,.,.,.,.,.,.,.,.,Abdeljalil,Ghanem,,
Fall2021-2022(202210),10008,ACCT,210,2,FinancialAccounting,3,3,SB,39,1,1100,1215,OSB,216,M,.,W,.,.,.,.,.,.,.,.,.,.,.,.,.,.,.,Sana,ElHajj,,
Fall2021-2022(202210),10009,ACCT,210,3,FinancialAccounting,3,3,SB,40,0,1230,1345,OSB,233,M,.,W,.,.,.,.,.,.,.,.,.,.,.,.,.,.,.,Sana,ElHajj,,
Fall2021-2022(202210),10010,ACCT,210,4,FinancialAccounting,3,3,SB,40,0,1530,1645,OSB,226,M,.,W,.,.,.,.,.,.,.,.,.,.,.,.,.,.,.,Ali,Charif,,
Fall2021-2022(202210),10011,ACCT,210,5,FinancialAccounting,3,3,SB,34,6,1530,1645,OSB,233,.,T,.,R,.,.,.,.,.,.,.,.,.,.,.,.,.,.,Abdeljalil,Ghanem,,
Fall2021-2022(202210),10012,ACCT,210,6,FinancialAccounting,3,3,SB,38,2,1700,1815,OSB,233,.,T,.,R,.,.,.,.,.,.,.,.,.,.,.,.,.,.,Abdeljalil,Ghanem,,
Fall2021-2022(202210),10013,ACCT,210,7,FinancialAccounting,3,3,SB,37,3,0930,1045,OSB,227,.,T,.,R,.,.,.,.,.,.,.,.,.,.,.,.,.,.,Bassima,Hout,,
Fall2021-2022(202210),10014,ACCT,210,8,FinancialAccounting,3,3,SB,38,2,1100,1215,OSB,238,.,T,.,R,.,.,.,.,.,.,.,.,.,.,.,.,.,.,Bassima,Hout,,
Fall2021-2022(202210),10015,ACCT,210,9,FinancialAccounting,3,3,SB,38,2,1230,1345,OSB,241,.,T,.,R,.,.,.,.,.,.,.,.,.,.,.,.,.,.,Sana,ElHajj,,
Fall2021-2022(202210),10016,ACCT,215,1,ManagementAccounting,3,3,SB,34,-4,0930,1045,OSB,233,M,.,W,.,.,.,.,.,.,.,.,.,.,.,.,.,.,.,Antoine,Wakim,,
Fall2021-2022(202210),10017,ACCT,215,2,ManagementAccounting,3,3,SB,38,-8,1230,1345,OSB,241,M,.,W,.,.,.,.,.,.,.,.,.,.,.,.,.,.,.,Rania,UwaydahMardini,,
Fall2021-2022(202210),10018,ACCT,215,3,ManagementAccounting,3,3,SB,37,-7,1100,1215,OSB,227,.,T,.,R,.,.,.,.,.,.,.,.,.,.,.,.,.,.,Mohamad,Mazboudi,,
Fall2021-2022(202210),10019,ACCT,215,4,ManagementAccounting,3,3,SB,36,-6,1230,1345,OSB,227,.,T,.,R,.,.,.,.,.,.,.,.,.,.,.,.,.,.,Mohamad,Mazboudi,,
Fall2021-2022(202210),10020,ACCT,221,1,Intermed.FinancialAccount.I,3,3,SB,7,28,1100,1215,OSB,230,M,.,W,.,.,.,.,.,.,.,.,.,.,.,.,.,.,.,Bassima,Hout,,
Fall2021-2022(202210),10021,ACCT,223,1,Intermed.FinancialAccount.II,3,3,SB,18,17,1230,1345,OSB,233,.,T,.,R,.,.,.,.,.,.,.,.,.,.,.,.,.,.,Abdeljalil,Ghanem,,
Fall2021-2022(202210),10022,ACCT,231,1,FraudExaminat.&InternalAudit,3,3,SB,14,21,0930,1045,OSB,241,.,T,.,R,.,.,.,.,.,.,.,.,.,.,.,.,.,.,Rania,UwaydahMardini,,
Fall2021-2022(202210),10023,ACCT,250R,1,FinancialStatementsAnalysis,3,3,SB,14,1,1400,1515,OSB,241,M,.,W,.,.,.,.,.,.,.,.,.,.,.,.,.,.,.,Rania,UwaydahMardini,,
Fall2021-2022(202210),10024,ACCT,301,1,Finan.Reporting&Analysis,3,3,SB,38,4,1800,2030,OSB,230,.,.,.,R,.,.,.,.,.,.,.,.,.,.,.,.,.,.,Rania,UwaydahMardini,,
Fall2021-2022(202210),10001,ACCT,301,9,Finan.Reporting&Analysis,3,3,SB,9,31,.,.,.,.,.,.,.,.,.,.,.,.,.,.,.,.,.,.,.,.,.,.,Rania,UwaydahMardini,,
Fall2021-2022(202210),10025,AGBU,211,1,Intr.toAgric.Issues&Policies,3,3,AG,22,18,1200,1250,AGRIC,211,M,.,W,.,F,.,.,.,.,.,.,.,.,.,.,.,.,.,Youssef,Doughan,,
Fall2021-2022(202210),10026,AGBU,213,1,LegalAspectsofAgribusiness,3,3,AG,13,7,0900,0950,AGRIC,211,M,.,W,.,F,.,.,.,.,.,.,.,.,.,.,.,.,.,Hachem,ElHousseini,,
Fall2021-2022(202210),10027,AGBU,236,1,NewTrendsinAgr.&FoodSystem,3,3,AG,6,9,1000,1050,AGRIC,209,M,.,W,.,F,.,.,.,.,.,.,.,.,.,.,.,.,.,Youssef,Doughan,,
Fall2021-2022(202210),10028,AGBU,239,1,Agribusin.Comm.SkillsWorkshop,0,0,AG,15,5,1400,1559,AGRIC,209,.,.,W,.,.,.,.,.,.,.,.,.,.,.,.,.,.,.,RachelAnne,Bahn,,
Fall2021-2022(202210),13267,AGBU,240,1,CareerPlann.Worksh.forAgribu,0,0,AG,11,1,0900,0950,.,.,.,.,.,.,.,S,.,.,.,.,.,.,.,.,.,.,.,.,Makram,BouNassar,,
Fall2021-2022(202210),10029,AGSC,201,1,Orientat.toAgr.&FoodSystems,2,2,AG,31,-6,1200,1250,AGRIC,203,.,T,.,R,.,.,.,.,.,.,.,.,.,.,.,.,.,.,Lina,Jaber,,
Fall2021-2022(202210),10030,AGSC,204,1,NaturalScien.forAgribusin.,3,3,AG,20,-5,0900,0950,AGRIC,310,.,T,.,R,.,.,.,1400,1659,AGRIB,503,.,.,W,.,.,.,.,Hana,Sobh,,
Fall2021-2022(202210),10031,AGSC,205,1,TheFoodOdyssey,3,3,AG,50,-20,1230,1345,AGRIC,102,M,.,W,.,.,.,.,.,.,.,.,.,.,.,.,.,.,.,Shady,Hamadeh,,
Fall2021-2022(202210),10032,AGSC,207,1,LandandWaterResources,3,3,AG,18,7,1000,1050,AGRIC,325,.,T,.,R,.,.,.,1400,1700,.,.,.,T,.,.,.,.,.,Sandra,Yanni,,
Fall2021-2022(202210),10033,AGSC,212,1,Microecono.Th.ofFood&Farming,3,3,AG,32,-12,1100,1150,AGRIC,205,M,.,W,.,.,.,.,1700,1750,AGRIC,203,M,.,.,.,.,.,.,Ali,Chalak,,
Fall2021-2022(202210),13237,AGSC,212,2,Microecono.Th.ofFood&Farming,3,3,AG,10,0,1100,1150,.,.,M,.,W,.,F,.,.,.,.,.,.,.,.,.,.,.,.,.,Youssef,Doughan,,
Fall2021-2022(202210),10034,AGSC,219,1,Apiculture,3,3,AG,10,2,1300,1350,AGRIC,203,.,T,.,R,.,.,.,1400,1659,AGRIC,HBL,.,T,.,.,.,.,.,Rami,Ollaik,,
Fall2021-2022(202210),10035,AGSC,220,1,PrinciplesofPlantPhysiology,3,3,AG,25,-5,1000,1050,.,.,M,.,W,.,.,.,.,1400,1659,.,.,M,.,.,.,.,.,.,Walid,ElKayal,,
Fall2021-2022(202210),10036,AGSC,230,1,CropSystems,3,3,AG,29,1,1000,1115,AGRIC,203,.,.,.,.,F,.,.,1300,1415,AGRIC,203,.,.,.,.,F,.,.,Mustapha,Haidar,,
Fall2021-2022(202210),10037,AGSC,233,1,PlantHealthI,3,3,AG,25,0,1100,1150,AGRIC,211,.,T,.,R,.,.,.,1400,1658,AGRIB,509,.,T,.,.,.,.,.,Youssef,AbouJawdeh,,
Fall2021-2022(202210),10038,AGSC,234,1,ChemicalsinAgriculture,3,3,AG,19,1,0900,1015,AGRIC,203,.,T,.,R,.,.,.,.,.,.,.,.,.,.,.,.,.,.,Youssef,AbouJawdeh,,
Fall2021-2022(202210),10039,AGSC,249,1,GISforAgriculture,3,3,AG,15,10,0900,0950,.,.,.,T,.,R,.,.,.,1430,1730,.,.,M,.,.,.,.,.,.,Hadi,Jaafar,,
Fall2021-2022(202210),10040,AGSC,252,1,ConservativeAgriculture,3,3,AG,20,0,1200,1315,AGRIC,211,.,T,.,R,.,.,.,.,.,.,.,.,.,.,.,.,.,.,Sandra,Yanni,,
Fall2021-2022(202210),10041,AGSC,257,1,Emerg.Iss.inAg.Netw.w.Pr.Sect,1,1,AG,13,7,1300,1350,.,.,.,.,.,R,.,.,.,.,.,.,.,.,.,.,.,.,.,.,Hana,Sobh,,
Fall2021-2022(202210),10042,AGSC,265,1,SoilFertility,3,3,AG,10,5,1100,1230,AGRIC,203,.,.,W,.,.,.,.,1400,1659,.,.,.,.,W,.,.,.,.,Isam,Bashour,,
Fall2021-2022(202210),13269,AGSC,299,1,Sp.Tp.inAgriculturalScience,2,2,AG,1,3,.,.,.,.,.,.,.,.,.,.,.,.,.,.,.,.,.,.,.,.,.,.,Walid,ElKayal,,
Fall2021-2022(202210),13346,AGSC,300A,1,GraduateTutorial,1,1,AG,1,1,.,.,.,.,.,.,.,.,.,.,.,.,.,.,.,.,.,.,.,.,.,.,Rami,Zurayk,,
Fall2021-2022(202210),10043,AGSC,300B,1,GraduateTutorial,2,2,AG,0,2,.,.,.,.,.,.,.,.,.,.,.,.,.,.,.,.,.,.,.,.,.,.,Youssef,AbouJawdeh,,
Fall2021-2022(202210),13319,AGSC,307,1,AdvancedCropProduction,3,3,AG,4,5,0900,1155,.,.,.,.,W,.,.,.,.,.,.,.,.,.,.,.,.,.,.,.,Walid,ElKayal,,
Fall2021-2022(202210),10044,AGSC,308,1,PlantTiss.Cult.&CropImprovem,3,3,AG,0,10,.,.,.,.,.,.,.,.,.,.,.,.,.,.,.,.,.,.,.,.,.,.,.,STAFF,,
Fall2021-2022(202210),13173,AGSC,310,1,AdvancedSoilPhysics,3,3,AG,6,4,1400,1650,.,.,.,.,.,R,.,.,.,.,.,.,.,.,.,.,.,.,.,.,Hadi,Jaafar,,
Fall2021-2022(202210),10045,AGSC,324,1,Method:Soil&PlantTissueAnaly,3,3,AG,7,3,1000,1155,AGRIC,310,.,.,.,.,F,.,.,1200,1559,AGRIC,509,.,.,.,.,F,.,.,Isam,Bashour,,
Fall2021-2022(202210),10046,AGSC,334,0,RemoteSensingoftheEnvironm,3,3,AG,0,0,.,.,.,.,.,.,.,.,.,.,.,.,.,.,.,.,.,.,.,.,.,.,.,STAFF,,
Fall2021-2022(202210),13235,AGSC,376,1,Resource&EnvironmentalEcono,3,3,AG,4,6,1415,1529,.,.,.,T,.,.,.,.,.,1500,1615,.,.,.,.,W,.,.,.,.,Ali,Chalak,,
Fall2021-2022(202210),10047,AGSC,388,1,IntegratedPestManagement,3,3,AG,0,0,.,.,.,.,.,.,.,.,.,.,.,.,.,.,.,.,.,.,.,.,.,.,.,STAFF,,
Fall2021-2022(202210),13236,AGSC,389,1,ResearchMethodsinAppl.Econ,3,3,AG,0,10,.,.,.,.,.,.,.,.,.,.,.,.,.,.,.,.,.,.,.,.,.,.,.,STAFF,,
Fall2021-2022(202210),10048,AGSC,395,1,GraduateSeminarinAGSC,1,1,AG,5,0,1300,1350,AGRIC,325,.,T,.,.,.,.,.,.,.,.,.,.,.,.,.,.,.,.,Lina,Jaber,,
Fall2021-2022(202210),10049,AGSC,396,1,ComprehensiveExam,0,0,AG,0,5,.,.,.,.,.,.,.,.,.,.,.,.,.,.,.,.,.,.,.,.,.,.,Youssef,AbouJawdeh,,
Fall2021-2022(202210),10050,AGSC,396,2,ComprehensiveExam,0,0,AG,0,2,.,.,.,.,.,.,.,.,.,.,.,.,.,.,.,.,.,.,.,.,.,.,Walid,ElKayal,,
Fall2021-2022(202210),10051,AGSC,396,3,ComprehensiveExam,0,0,AG,2,1,.,.,.,.,.,.,.,.,.,.,.,.,.,.,.,.,.,.,.,.,.,.,Hadi,Jaafar,,
Fall2021-2022(202210),13337,AGSC,396,4,ComprehensiveExam,0,0,AG,1,1,.,.,.,.,.,.,.,.,.,.,.,.,.,.,.,.,.,.,.,.,.,.,Ali,Chalak,,
Fall2021-2022(202210),10052,AGSC,399,1,MSThesis,9,7.21,AG,0,3,.,.,.,.,.,.,.,.,.,.,.,.,.,.,.,.,.,.,.,.,.,.,Walid,ElKayal,,
Fall2021-2022(202210),10053,AGSC,399,2,MSThesis,9,7.21,AG,0,3,.,.,.,.,.,.,.,.,.,.,.,.,.,.,.,.,.,.,.,.,.,.,Youssef,AbouJawdeh,,
Fall2021-2022(202210),10054,AGSC,399,3,MSThesis,9,7.21,AG,1,4,.,.,.,.,.,.,.,.,.,.,.,.,.,.,.,.,.,.,.,.,.,.,Ali,Chalak,,
Fall2021-2022(202210),10055,AGSC,399A,1,MSThesis,9,0,AG,0,3,.,.,.,.,.,.,.,.,.,.,.,.,.,.,.,.,.,.,.,.,.,.,Walid,ElKayal,,
Fall2021-2022(202210),10056,AGSC,399A,2,MSThesis,9,0,AG,0,2,.,.,.,.,.,.,.,.,.,.,.,.,.,.,.,.,.,.,.,.,.,.,Youssef,AbouJawdeh,,
Fall2021-2022(202210),10057,AGSC,399A,3,MSThesis,9,0,AG,3,0,.,.,.,.,.,.,.,.,.,.,.,.,.,.,.,.,.,.,.,.,.,.,Hadi,Jaafar,,
Fall2021-2022(202210),13408,AGSC,399A,4,MSThesis,9,0,AG,1,1,.,.,.,.,.,.,.,.,.,.,.,.,.,.,.,.,.,.,.,.,.,.,Mustapha,Haidar,,
Fall2021-2022(202210),10058,AGSC,399B,1,MSThesis,9,0,AG,0,2,.,.,.,.,.,.,.,.,.,.,.,.,.,.,.,.,.,.,.,.,.,.,Hadi,Jaafar,,
Fall2021-2022(202210),10059,AGSC,399B,2,MSThesis,9,0,AG,0,3,.,.,.,.,.,.,.,.,.,.,.,.,.,.,.,.,.,.,.,.,.,.,Ali,Chalak,,
Fall2021-2022(202210),10060,AGSC,399B,3,MSThesis,9,0,AG,1,4,.,.,.,.,.,.,.,.,.,.,.,.,.,.,.,.,.,.,.,.,.,.,Youssef,AbouJawdeh,,
Fall2021-2022(202210),13121,AGSC,399B,4,MSThesis,9,0,AG,1,2,.,.,.,.,.,.,.,.,.,.,.,.,.,.,.,.,.,.,.,.,.,.,Walid,ElKayal,,
Fall2021-2022(202210),13129,AGSC,399B,5,MSThesis,9,0,AG,1,1,.,.,.,.,.,.,.,.,.,.,.,.,.,.,.,.,.,.,.,.,.,.,Isam,Bashour,,
Fall2021-2022(202210),13156,AGSC,399C,1,MSThesis,9,0,AG,0,2,.,.,.,.,.,.,.,.,.,.,.,.,.,.,.,.,.,.,.,.,.,.,Hadi,Jaafar,,
Fall2021-2022(202210),13351,AGSC,399C,2,MSThesis,9,0,AG,0,2,.,.,.,.,.,.,.,.,.,.,.,.,.,.,.,.,.,.,.,.,.,.,Youssef,AbouJawdeh,,
Fall2021-2022(202210),10061,AGSC,399D,1,MSThesis,9,1,AG,0,2,.,.,.,.,.,.,.,.,.,.,.,.,.,.,.,.,.,.,.,.,.,.,Youssef,AbouJawdeh,,
Fall2021-2022(202210),13289,AGSC,399F,1,MSThesis,9,1,AG,1,3,.,.,.,.,.,.,.,.,.,.,.,.,.,.,.,.,.,.,.,.,.,.,Youssef,AbouJawdeh,,
Fall2021-2022(202210),10062,AHIS,150,1,Intr.toArtHistoryforFreshm,3,3,AS,23,-1,1230,1345,NICELY,202,M,.,W,.,.,.,.,.,.,.,.,.,.,.,.,.,.,.,JosephRichard,Hammond,,
Fall2021-2022(202210),13050,AHIS,207,1,EarlyIslamicArt&Architectur,3,3,AS,0,0,.,.,.,.,.,.,.,.,.,.,.,.,.,.,.,.,.,.,.,.,.,.,.,STAFF,,
Fall2021-2022(202210),10065,AHIS,225,1,ArtNow,3,3,AS,25,-2,1100,1215,NICELY,202,.,T,.,R,.,.,.,.,.,.,.,.,.,.,.,.,.,.,Rayya,Badran,,
Fall2021-2022(202210),10066,AHIS,226,1,ArtAftertheLebaneseWars,3,3,AS,0,0,.,.,.,.,.,.,.,.,.,.,.,.,.,.,.,.,.,.,.,.,.,.,.,STAFF,,
Fall2021-2022(202210),10067,AHIS,227,1,SoundinVisualCulture,3,3,AS,26,-3,1230,1345,NICELY,B2,.,T,.,R,.,.,.,.,.,.,.,.,.,.,.,.,.,.,Rayya,Badran,,
Fall2021-2022(202210),10068,AHIS,249I,1,ST:FeministArtHistory,3,3,AS,11,14,1400,1515,NICELY,202,M,.,W,.,.,.,.,.,.,.,.,.,.,.,.,.,.,.,JosephRichard,Hammond,,
Fall2021-2022(202210),10069,AHIS,251,1,TheoriesofModernArt,3,3,AS,18,2,1400,1515,NICELY,202,.,T,.,R,.,.,.,.,.,.,.,.,.,.,.,.,.,.,Anzhela,Harutyunyan,,
Fall2021-2022(202210),10070,AHIS,252,1,ContemporaryArtandTheory,3,3,AS,15,2,1300,1530,NICELY,202,.,.,.,.,F,.,.,.,.,.,.,.,.,.,.,.,.,.,Octavian,Esanu,,
Fall2021-2022(202210),10071,AHIS,301,1,Sem:PracticesofArtHistory,3,3,AS,4,11,1530,1750,NICELY,101,.,T,.,.,.,.,.,.,.,.,.,.,.,.,.,.,.,.,Anzhela,Harutyunyan,,
Fall2021-2022(202210),10072,AHIS,311,1,Iss.ContemporaryArt&Th.,3,3,AS,6,-1,1300,1530,NICELY,202,.,.,.,.,F,.,.,.,.,.,.,.,.,.,.,.,.,.,Octavian,Esanu,,
Fall2021-2022(202210),13389,AHIS,313A,1,Tut.FeministArtHistory,3,3,AS,1,-1,.,.,.,.,.,.,.,.,.,.,.,.,.,.,.,.,.,.,.,.,.,.,JosephRichard,Hammond,,
Fall2021-2022(202210),10073,AHIS,395A,1,ComprehensiveExam,0,0,AS,3,0,.,.,.,.,.,.,.,.,.,.,.,.,.,.,.,.,.,.,.,.,.,.,Anzhela,Harutyunyan,,
Fall2021-2022(202210),10074,AHIS,399,1,GraduateThesis&Exhibition,6,7.2,AS,0,3,.,.,.,.,.,.,.,.,.,.,.,.,.,.,.,.,.,.,.,.,.,.,Hala,Auji,,
Fall2021-2022(202210),10075,AHIS,399,2,GraduateThesis&Exhibition,6,7.2,AS,1,2,.,.,.,.,.,.,.,.,.,.,.,.,.,.,.,.,.,.,.,.,.,.,Anzhela,Harutyunyan,,
Fall2021-2022(202210),10076,AHIS,399A,1,GraduateThesis&Exhibition,6,0,AS,0,3,.,.,.,.,.,.,.,.,.,.,.,.,.,.,.,.,.,.,.,.,.,.,Hala,Auji,,
Fall2021-2022(202210),10077,AHIS,399A,2,GraduateThesis&Exhibition,6,0,AS,0,3,.,.,.,.,.,.,.,.,.,.,.,.,.,.,.,.,.,.,.,.,.,.,Anzhela,Harutyunyan,,
Fall2021-2022(202210),10078,AHIS,399B,1,GraduateThesis&Exhibition,6,0,AS,1,2,.,.,.,.,.,.,.,.,.,.,.,.,.,.,.,.,.,.,.,.,.,.,Hala,Auji,,
Fall2021-2022(202210),10079,AHIS,399B,2,GraduateThesis&Exhibition,6,0,AS,0,3,.,.,.,.,.,.,.,.,.,.,.,.,.,.,.,.,.,.,.,.,.,.,Anzhela,Harutyunyan,,
Fall2021-2022(202210),10080,AHIS,399C,1,GraduateThesis&Exhibition,6,0,AS,0,3,.,.,.,.,.,.,.,.,.,.,.,.,.,.,.,.,.,.,.,.,.,.,Hala,Auji,,
Fall2021-2022(202210),10081,AHIS,399C,2,GraduateThesis&Exhibition,6,0,AS,0,3,.,.,.,.,.,.,.,.,.,.,.,.,.,.,.,.,.,.,.,.,.,.,Anzhela,Harutyunyan,,
Fall2021-2022(202210),10082,AMST,215,1,Intr.ToAmericanStudies,3,3,AS,24,-4,1230,1345,NICELY,323,.,T,.,R,.,.,.,.,.,.,.,.,.,.,.,.,.,.,Suzanne,Enzerink,,
Fall2021-2022(202210),10083,AMST,275AV,1,ST:Intr.toPhotojournalism,3,3,AS,0,0,.,.,.,.,.,.,.,.,.,.,.,.,.,.,.,.,.,.,.,.,.,.,.,STAFF,,
Fall2021-2022(202210),10084,AMST,275AW,1,ST:JournalismandSociety,3,3,AS,2,3,1530,1645,NICELY,410,M,.,W,.,.,.,.,.,.,.,.,.,.,.,.,.,.,.,Rabie,Barakat,,
Fall2021-2022(202210),10085,AMST,275M,1,Sp.Tp:Drama,3,3,AS,1,4,1530,1645,NICELY,321,M,.,W,.,.,.,.,.,.,.,.,.,.,.,.,.,.,.,Robert,Myers,,
Fall2021-2022(202210),10086,ARAB,101,1,ReadingsinArabicHeritageI,3,3,AS,24,-1,0930,1045,NICELY,320,.,T,.,R,.,.,.,.,.,.,.,.,.,.,.,.,.,.,Tarif,Bazzi,,
Fall2021-2022(202210),10087,ARAB,201,1,IssuesinContempor.ArabCult.,3,3,AS,23,0,0800,0915,REYNOL,533,.,T,.,R,.,.,.,.,.,.,.,.,.,.,.,.,.,.,Raghda,NahasEl-Zein,,
Fall2021-2022(202210),10088,ARAB,201,2,IssuesinContempor.ArabCult.,3,3,AS,23,0,0930,1045,REYNOL,533,.,T,.,R,.,.,.,.,.,.,.,.,.,.,.,.,.,.,Raghda,NahasEl-Zein,,
Fall2021-2022(202210),10089,ARAB,201,3,IssuesinContempor.ArabCult.,3,3,AS,21,2,1100,1215,REYNOL,533,.,T,.,R,.,.,.,.,.,.,.,.,.,.,.,.,.,.,Raghda,NahasEl-Zein,,
Fall2021-2022(202210),10090,ARAB,201,4,IssuesinContempor.ArabCult.,3,3,AS,24,-1,1400,1515,REYNOL,533,M,.,W,.,.,.,.,.,.,.,.,.,.,.,.,.,.,.,Sina,Moukaled,,
Fall2021-2022(202210),10091,ARAB,201,5,IssuesinContempor.ArabCult.,3,3,AS,23,0,1530,1645,REYNOL,533,M,.,W,.,.,.,.,.,.,.,.,.,.,.,.,.,.,.,Sina,Moukaled,,
Fall2021-2022(202210),10092,ARAB,201,6,IssuesinContempor.ArabCult.,3,3,AS,24,-1,1230,1345,REYNOL,533,M,.,W,.,.,.,.,.,.,.,.,.,.,.,.,.,.,.,Sina,Moukaled,,
Fall2021-2022(202210),10094,ARAB,202,1,ArabTechnicalWriting,3,3,AS,20,0,1300,1350,NICELY,107,M,.,W,.,F,.,.,.,.,.,.,.,.,.,.,.,.,.,Samir,Malti,,
Fall2021-2022(202210),10095,ARAB,202,2,ArabTechnicalWriting,3,3,AS,21,-1,1100,1150,NICELY,107,M,.,W,.,F,.,.,.,.,.,.,.,.,.,.,.,.,.,Samir,Malti,,
Fall2021-2022(202210),10096,ARAB,202,3,ArabTechnicalWriting,3,3,AS,20,0,1200,1250,NICELY,107,M,.,W,.,F,.,.,.,.,.,.,.,.,.,.,.,.,.,Samir,Malti,,
Fall2021-2022(202210),10097,ARAB,203,1,BegArabasForeignLang.I,3,3,AS,11,0,1200,1359,ADAD,209,M,.,.,.,.,.,.,1200,1329,ADAD,209,.,.,W,.,F,.,.,Rima,SultaniKanawaty,,
Fall2021-2022(202210),10098,ARAB,204,1,BegArabicasForeignLangII,3,3,AS,7,-1,1000,1159,ADAD,212,M,.,.,.,.,.,.,1000,1129,ADAD,212,.,.,W,.,F,.,.,Rima,SultaniKanawaty,,
Fall2021-2022(202210),10099,ARAB,205,1,IntermArabasForeignLangIII,3,3,AS,3,-2,0800,0959,ADAD,212,M,.,.,.,.,.,.,0800,0929,ADAD,212,.,.,W,.,F,.,.,Rima,Semaan,,
Fall2021-2022(202210),10100,ARAB,206,1,IntermArabasForeignLangIV,3,3,AS,4,-1,1000,1159,ADAD,209,M,.,.,.,.,.,.,1000,1129,ADAD,209,.,.,W,.,F,.,.,Rima,Semaan,,
Fall2021-2022(202210),10101,ARAB,207,1,Advan.Arab.asForeignLang.I,3,3,AS,2,0,0930,1045,ADAD,212,.,T,.,R,.,.,.,.,.,.,.,.,.,.,.,.,.,.,Rima,SultaniKanawaty,,
Fall2021-2022(202210),10102,ARAB,209,1,Adv.Arab.asForeignLang.III,3,3,AS,2,0,1200,1329,ADAD,212,M,.,W,.,.,.,.,.,.,.,.,.,.,.,.,.,.,.,Rima,Semaan,,
Fall2021-2022(202210),10103,ARAB,210A,1,WritingProse,3,3,AS,13,-3,1530,1800,NICELY,105,.,T,.,.,.,.,.,.,.,.,.,.,.,.,.,.,.,.,Rachid,ElDaif,,
Fall2021-2022(202210),13147,ARAB,210A,2,WritingProse,3,3,AS,11,-1,1530,1800,NICELY,108,.,.,W,.,.,.,.,.,.,.,.,.,.,.,.,.,.,.,Rachid,ElDaif,,
Fall2021-2022(202210),10104,ARAB,211,1,SurveyofArabicGrammar,3,3,AS,25,0,1100,1215,NICELY,101,.,T,.,R,.,.,.,.,.,.,.,.,.,.,.,.,.,.,Tarif,Bazzi,,
Fall2021-2022(202210),10107,ARAB,223,1,MediaArabic,3,3,AS,19,1,1230,1345,NICELY,108,M,.,W,.,.,.,.,.,.,.,.,.,.,.,.,.,.,.,Jihad,ElMallah,,
Fall2021-2022(202210),10110,ARAB,230,1,Themes&GenresofArabLit.,3,3,AS,23,0,1700,1815,REYNOL,533,M,.,W,.,.,.,.,.,.,.,.,.,.,.,.,.,.,.,Sina,Moukaled,,
Fall2021-2022(202210),10113,ARAB,235,1,AndalusianLiterature,3,3,AS,24,-1,1100,1215,NICELY,105,.,T,.,R,.,.,.,.,.,.,.,.,.,.,.,.,.,.,Maher,Jarrar,,
Fall2021-2022(202210),10114,ARAB,236,1,Qur'anicStudies,3,3,AS,18,-3,1530,1759,NICELY,101,M,.,.,.,.,.,.,.,.,.,.,.,.,.,.,.,.,.,Radwan,ElSayedAhmad,,
Fall2021-2022(202210),10115,ARAB,237,1,ModernArabicPoetryI,3,3,AS,24,1,1530,1645,NICELY,206,.,T,.,R,.,.,.,.,.,.,.,.,.,.,.,.,.,.,Jawdat,Fakhreddine,,
Fall2021-2022(202210),10118,ARAB,244,1,MuslimSchoolsofTheology,3,3,AS,26,-1,1400,1515,NICELY,101,M,.,W,.,.,.,.,.,.,.,.,.,.,.,.,.,.,.,Radwan,ElSayedAhmad,,
Fall2021-2022(202210),10119,ARAB,245,1,BackgrndStudModArabLitrI,3,3,AS,0,0,.,.,.,.,.,.,.,.,.,.,.,.,.,.,.,.,.,.,.,.,.,.,.,STAFF,,
Fall2021-2022(202210),10120,ARAB,249,1,SufiLiterature,3,3,AS,21,0,1530,1644,NICELY,107,M,.,W,.,.,.,.,.,.,.,.,.,.,.,.,.,.,.,Riccardo,Paredi,,
Fall2021-2022(202210),10121,ARAB,251AA,1,Sp.Tp:SocietyinLiterature,3,3,AS,22,1,1000,1050,NICELY,107,M,.,W,.,F,.,.,.,.,.,.,.,.,.,.,.,.,.,Samir,Malti,,
Fall2021-2022(202210),10122,ARAB,251AF,1,STHistoryinLiterature,3,3,AS,22,1,1230,1345,NICELY,101,.,T,.,R,.,.,.,.,.,.,.,.,.,.,.,.,.,.,Zeina,Halabi,,
Fall2021-2022(202210),10124,ARAB,251AN,1,ST:TranslationofPoetry,3,3,AS,8,0,1700,1815,NICELY,410,.,T,.,R,.,.,.,.,.,.,.,.,.,.,.,.,.,.,Rula,Baalbaki,,
Fall2021-2022(202210),10125,ARAB,251AP,1,ST:WomenWritersofMid.East,3,3,AS,25,0,1700,1815,NICELY,107,.,T,.,R,.,.,.,.,.,.,.,.,.,.,.,.,.,.,Alireza,Korangy,,
Fall2021-2022(202210),10126,ARAB,251AR,1,S.T:SatireinArabliterature,3,3,AS,23,0,1400,1515,NICELY,411,.,T,.,R,.,.,.,.,.,.,.,.,.,.,.,.,.,.,Maha,Abdelmegeed,,
Fall2021-2022(202210),10127,ARAB,251W,1,Sp.Tp:Nahdainperiodicals,3,3,AS,24,-1,1230,1345,REYNOL,533,.,T,.,R,.,.,.,.,.,.,.,.,.,.,.,.,.,.,Raghda,NahasEl-Zein,,
Fall2021-2022(202210),10128,ARAB,254,1,TheCityinArabicLiterature,3,3,AS,23,0,1530,1645,NICELY,412,.,T,.,R,.,.,.,.,.,.,.,.,.,.,.,.,.,.,Zeina,Halabi,,
Fall2021-2022(202210),10130,ARAB,303N,1,Sm.Visual&LiterayIslamicWest,3,3,AS,0,0,.,.,.,.,.,.,.,.,.,.,.,.,.,.,.,.,.,.,.,.,.,.,.,STAFF,,
Fall2021-2022(202210),13238,ARAB,303O,1,GS:ApproachestoStyle&Voice,3,3,AS,6,4,1700,1930,COLL,406,.,.,.,R,.,.,.,.,.,.,.,.,.,.,.,.,.,.,Maha,Abdelmegeed,,
Fall2021-2022(202210),10131,ARAB,317B,1,Grd.Sem:Adv.SemeticsOrLingui,3,3,AS,8,2,1730,2000,COLL,406,.,T,.,.,.,.,.,.,.,.,.,.,.,.,.,.,.,.,Ramzi,Baalbaki,,
Fall2021-2022(202210),13333,ARAB,390X,1,TutJahliyainArab.Lit.,3,3,AS,1,0,.,.,.,.,.,.,.,.,.,.,.,.,.,.,.,.,.,.,.,.,.,.,Bilal,Orfali,,
Fall2021-2022(202210),13348,ARAB,390Y,1,Tut.Arab.Lexicographicaltexts,3,3,AS,1,0,.,.,.,.,.,.,.,.,.,.,.,.,.,.,.,.,.,.,.,.,.,.,Ramzi,Baalbaki,,
Fall2021-2022(202210),10132,ARAB,395A,1,ComprehensiveExam,0,0,AS,0,0,.,.,.,.,.,.,.,.,.,.,.,.,.,.,.,.,.,.,.,.,.,.,Bilal,Orfali,,
Fall2021-2022(202210),10133,ARAB,399,1,M.A.Thesis,9,7.2,AS,0,5,.,.,.,.,.,.,.,.,.,.,.,.,.,.,.,.,.,.,.,.,.,.,Maha,Abdelmegeed,,
Fall2021-2022(202210),10134,ARAB,399,2,M.A.Thesis,9,7.2,AS,0,5,.,.,.,.,.,.,.,.,.,.,.,.,.,.,.,.,.,.,.,.,.,.,Bilal,Orfali,,
Fall2021-2022(202210),10135,ARAB,399,3,M.A.Thesis,9,7.2,AS,0,5,.,.,.,.,.,.,.,.,.,.,.,.,.,.,.,.,.,.,.,.,.,.,Maher,Jarrar,,
Fall2021-2022(202210),10136,ARAB,399,4,M.A.Thesis,9,7.2,AS,1,4,.,.,.,.,.,.,.,.,.,.,.,.,.,.,.,.,.,.,.,.,.,.,Ramzi,Baalbaki,,
Fall2021-2022(202210),10137,ARAB,399,5,M.A.Thesis,9,7.2,AS,0,5,.,.,.,.,.,.,.,.,.,.,.,.,.,.,.,.,.,.,.,.,.,.,Zeina,Halabi,,
Fall2021-2022(202210),10138,ARAB,399,7,M.A.Thesis,9,7.2,AS,0,5,.,.,.,.,.,.,.,.,.,.,.,.,.,.,.,.,.,.,.,.,.,.,Enass,Khansa,,
Fall2021-2022(202210),10139,ARAB,399A,1,M.A.Thesis,9,0,AS,0,5,.,.,.,.,.,.,.,.,.,.,.,.,.,.,.,.,.,.,.,.,.,.,Bilal,Orfali,,
Fall2021-2022(202210),10140,ARAB,399A,2,M.A.Thesis,9,0,AS,0,5,.,.,.,.,.,.,.,.,.,.,.,.,.,.,.,.,.,.,.,.,.,.,Ramzi,Baalbaki,,
Fall2021-2022(202210),10141,ARAB,399A,3,M.A.Thesis,9,0,AS,1,4,.,.,.,.,.,.,.,.,.,.,.,.,.,.,.,.,.,.,.,.,.,.,Maha,Abdelmegeed,,
Fall2021-2022(202210),10142,ARAB,399A,4,M.A.Thesis,9,0,AS,0,5,.,.,.,.,.,.,.,.,.,.,.,.,.,.,.,.,.,.,.,.,.,.,Mahmoud,Al-Batal,,
Fall2021-2022(202210),10143,ARAB,399A,5,M.A.Thesis,9,0,AS,0,5,.,.,.,.,.,.,.,.,.,.,.,.,.,.,.,.,.,.,.,.,.,.,Zeina,Halabi,,
Fall2021-2022(202210),10144,ARAB,399A,6,M.A.Thesis,9,0,AS,0,5,.,.,.,.,.,.,.,.,.,.,.,.,.,.,.,.,.,.,.,.,.,.,Enass,Khansa,,
Fall2021-2022(202210),10145,ARAB,399A,7,M.A.Thesis,9,0,AS,0,5,.,.,.,.,.,.,.,.,.,.,.,.,.,.,.,.,.,.,.,.,.,.,Maher,Jarrar,,
Fall2021-2022(202210),10146,ARAB,399B,1,M.A.Thesis,9,0,AS,0,5,.,.,.,.,.,.,.,.,.,.,.,.,.,.,.,.,.,.,.,.,.,.,Maher,Jarrar,,
Fall2021-2022(202210),10147,ARAB,399B,2,M.A.Thesis,9,0,AS,0,5,.,.,.,.,.,.,.,.,.,.,.,.,.,.,.,.,.,.,.,.,.,.,Ramzi,Baalbaki,,
Fall2021-2022(202210),10148,ARAB,399B,3,M.A.Thesis,9,0,AS,0,5,.,.,.,.,.,.,.,.,.,.,.,.,.,.,.,.,.,.,.,.,.,.,Maha,Abdelmegeed,,
Fall2021-2022(202210),10149,ARAB,399B,4,M.A.Thesis,9,0,AS,0,5,.,.,.,.,.,.,.,.,.,.,.,.,.,.,.,.,.,.,.,.,.,.,Mahmoud,Al-Batal,,
Fall2021-2022(202210),10150,ARAB,399B,5,M.A.Thesis,9,0,AS,0,5,.,.,.,.,.,.,.,.,.,.,.,.,.,.,.,.,.,.,.,.,.,.,Bilal,Orfali,,
Fall2021-2022(202210),10151,ARAB,399B,6,M.A.Thesis,9,0,AS,0,5,.,.,.,.,.,.,.,.,.,.,.,.,.,.,.,.,.,.,.,.,.,.,Enass,Khansa,,
Fall2021-2022(202210),10152,ARAB,399B,7,M.A.Thesis,9,0,AS,0,5,.,.,.,.,.,.,.,.,.,.,.,.,.,.,.,.,.,.,.,.,.,.,Zeina,Halabi,,
Fall2021-2022(202210),10153,ARAB,399C,1,M.A.Thesis,9,0,AS,0,5,.,.,.,.,.,.,.,.,.,.,.,.,.,.,.,.,.,.,.,.,.,.,Bilal,Orfali,,
Fall2021-2022(202210),10154,ARAB,399C,2,M.A.Thesis,9,0,AS,0,5,.,.,.,.,.,.,.,.,.,.,.,.,.,.,.,.,.,.,.,.,.,.,Maha,Abdelmegeed,,
Fall2021-2022(202210),10155,ARAB,399C,3,M.A.Thesis,9,0,AS,0,5,.,.,.,.,.,.,.,.,.,.,.,.,.,.,.,.,.,.,.,.,.,.,Mahmoud,Al-Batal,,
Fall2021-2022(202210),10156,ARAB,399C,4,M.A.Thesis,9,0,AS,0,5,.,.,.,.,.,.,.,.,.,.,.,.,.,.,.,.,.,.,.,.,.,.,Ramzi,Baalbaki,,
Fall2021-2022(202210),10157,ARAB,399C,5,M.A.Thesis,9,0,AS,0,5,.,.,.,.,.,.,.,.,.,.,.,.,.,.,.,.,.,.,.,.,.,.,Zeina,Halabi,,
Fall2021-2022(202210),10158,ARAB,399C,6,M.A.Thesis,9,0,AS,0,5,.,.,.,.,.,.,.,.,.,.,.,.,.,.,.,.,.,.,.,.,.,.,Enass,Khansa,,
Fall2021-2022(202210),10159,ARAB,399C,7,M.A.Thesis,9,0,AS,0,5,.,.,.,.,.,.,.,.,.,.,.,.,.,.,.,.,.,.,.,.,.,.,Maher,Jarrar,,
Fall2021-2022(202210),13343,ARAB,399E,1,M.A.Thesis,9,1,AS,1,-1,.,.,.,.,.,.,.,.,.,.,.,.,.,.,.,.,.,.,.,.,.,.,Bilal,Orfali,,
Fall2021-2022(202210),10160,ARAB,480,1,QualifyingExamI:Compr.Exam,0,0,AS,1,4,.,.,.,.,.,.,.,.,.,.,.,.,.,.,.,.,.,.,.,.,.,.,Bilal,Orfali,,
Fall2021-2022(202210),10161,ARAB,481,1,Qual.ExamII:Def.ThesisProp.,0,0,AS,2,3,.,.,.,.,.,.,.,.,.,.,.,.,.,.,.,.,.,.,.,.,.,.,Bilal,Orfali,,
Fall2021-2022(202210),10162,ARAB,484,1,PhDThesis,30,0,AS,1,4,.,.,.,.,.,.,.,.,.,.,.,.,.,.,.,.,.,.,.,.,.,.,Bilal,Orfali,,
Fall2021-2022(202210),13233,ARAB,484A,1,PhDThesis,0,0,AS,1,4,.,.,.,.,.,.,.,.,.,.,.,.,.,.,.,.,.,.,.,.,.,.,Mahmoud,Al-Batal,,
Fall2021-2022(202210),10163,ARAB,484B,1,PhDThesis,30,0,AS,0,3,.,.,.,.,.,.,.,.,.,.,.,.,.,.,.,.,.,.,.,.,.,.,Kassim,Shaaban,,
Fall2021-2022(202210),13069,ARCH,015,1,MicroDevices,3,3,EA,24,-4,1100,1220,.,.,.,T,.,R,.,.,.,.,.,.,.,.,.,.,.,.,.,.,Carla,Aramouny,,
Fall2021-2022(202210),13070,ARCH,020A,1,SpatialPoliticsofRevolution,3,3,EA,22,-2,1400,1520,BECHTA,111,.,T,.,R,.,.,.,.,.,.,.,.,.,.,.,.,.,.,Ghazal,Abbasy-Asbagh,,
Fall2021-2022(202210),13074,ARCH,023,1,FromUrbanDes.toLands.Urbani,3,3,EA,7,3,1530,1820,.,.,.,T,.,.,.,.,.,.,.,.,.,.,.,.,.,.,.,.,Robert,Saliba,,
Fall2021-2022(202210),13067,ARCH,040,1,MakingIt,3,3,EA,16,4,0930,1050,.,.,.,T,.,R,.,.,.,.,.,.,.,.,.,.,.,.,.,.,Karim,Najjar,,
Fall2021-2022(202210),13071,ARCH,072,1,Earth:DesignandBuilding,3,3,EA,17,3,1530,1820,BECHTA,203,.,.,.,R,.,.,.,.,.,.,.,.,.,.,.,.,.,.,SalmaSamar,Damluji,,
Fall2021-2022(202210),10164,ARCH,100,1,BasicDesign,6,6,EA,73,2,1400,1900,ANNEX,101,.,T,.,.,F,.,.,.,.,.,.,.,.,.,.,.,.,.,Rana,Haddad,,
Fall2021-2022(202210),10165,ARCH,111,1,DrawingI,3,3,EA,31,-1,0945,1245,ANNEX,101,M,.,W,.,.,.,.,.,.,.,.,.,.,.,.,.,.,.,Etienne,Bastormagi,,
Fall2021-2022(202210),13214,ARCH,111,2,DrawingI,3,3,EA,17,8,1245,1545,.,.,M,.,W,.,.,.,.,.,.,.,.,.,.,.,.,.,.,.,Etienne,Bastormagi,,BlendedCourse
Fall2021-2022(202210),10166,ARCH,121,1,HistoryofArt&ArchitectureI,3,3,EA,81,4,0800,0920,MAMC,ELH,M,.,W,.,.,.,.,.,.,.,.,.,.,.,.,.,.,.,UmitFirat,Acikgoz,,
Fall2021-2022(202210),10167,ARCH,202,1,ArchitectureDesignII,6,6,EA,30,15,1400,1800,FS1,206,M,.,W,.,F,.,.,.,.,.,.,.,.,.,.,.,.,.,Karim,Najjar,,
Fall2021-2022(202210),10168,ARCH,223,1,HistoryofArt&Archit.III,3,3,EA,43,37,1000,1120,MAMC,ELH,.,.,W,.,F,.,.,.,.,.,.,.,.,.,.,.,.,.,UmitFirat,Acikgoz,,
Fall2021-2022(202210),10169,ARCH,242,1,BuildingConstructionI,3,3,EA,17,0,1300,1530,.,.,.,T,.,R,.,.,.,.,.,.,.,.,.,.,.,.,.,.,Sany,Jamal,,
Fall2021-2022(202210),13234,ARCH,242,2,BuildingConstructionI,3,3,EA,16,0,1600,1830,.,.,.,T,.,R,.,.,.,.,.,.,.,.,.,.,.,.,.,.,Sany,Jamal,,
Fall2021-2022(202210),10170,ARCH,252,1,StructuralSystems,3,3,EA,29,6,1200,1320,BECHTA,111,M,.,W,.,.,.,.,.,.,.,.,.,.,.,.,.,.,.,Amer,Elsouri,,
Fall2021-2022(202210),10171,ARCH,304,1,ArchitectureDesignIV,6,6,EA,34,6,1400,1800,FS1,305,M,.,W,.,F,.,.,.,.,.,.,.,.,.,.,.,.,.,Serge,Yazigi,,
Fall2021-2022(202210),10172,ARCH,313,1,DigitalTools,3,3,EA,20,-1,0930,1050,SRB,217,.,T,.,R,.,.,.,.,.,.,.,.,.,.,.,.,.,.,Ghazal,Abbasy-Asbagh,,
Fall2021-2022(202210),10173,ARCH,313,2,DigitalTools,3,3,EA,15,3,1100,1220,SRB,207,.,T,.,R,.,.,.,.,.,.,.,.,.,.,.,.,.,.,Roland,BouNassr,,
Fall2021-2022(202210),10174,ARCH,360,1,Environm.IClimateResponsive,3,3,EA,35,3,1100,1220,IOEC,224A,M,.,W,.,.,.,.,.,.,.,.,.,.,.,.,.,.,.,Aram,Yeretzian,,
Fall2021-2022(202210),10175,ARCH,406,1,ArchitectureDesignV,6,6,EA,32,3,1400,1800,FS1,401,M,.,W,.,F,.,.,.,.,.,.,.,.,.,.,.,.,.,Aram,Yeretzian,,
Fall2021-2022(202210),10176,ARCH,508,1,DesignThesisI,6,6,EA,27,1,0800,0850,FS1,406,.,.,.,.,.,S,.,.,.,.,.,.,.,.,.,.,.,.,Sinan,Hassan,,
Fall2021-2022(202210),10177,ARCH,509,1,DesignThesisII,6,6,EA,0,0,0800,0850,FS1,406,.,.,.,.,.,.,U,.,.,.,.,.,.,.,.,.,.,.,.,STAFF,,
Fall2021-2022(202210),10178,AROL,101,1,IntroductiontoArchaeology,3,3,AS,25,0,0930,1045,NICELY,108,.,T,.,R,.,.,.,.,.,.,.,.,.,.,.,.,.,.,Jack,Nurpetlian,,
Fall2021-2022(202210),10179,AROL,101,2,IntroductiontoArchaeology,3,3,AS,26,-1,1100,1215,NICELY,415,.,T,.,R,.,.,.,.,.,.,.,.,.,.,.,.,.,.,Jack,Nurpetlian,,
Fall2021-2022(202210),10180,AROL,201,1,ArchaeologyinLebanon,3,3,AS,14,11,0930,1045,POST,207,.,T,.,R,.,.,.,.,.,.,.,.,.,.,.,.,.,.,Helene,Sader,,
Fall2021-2022(202210),10181,AROL,211,1,Methodology,3,3,AS,25,0,1230,1345,POST,207,.,T,.,R,.,.,.,.,.,.,.,.,.,.,.,.,.,.,Jack,Nurpetlian,,
Fall2021-2022(202210),10182,AROL,211,2,Methodology,3,3,AS,25,0,1400,1515,POST,207,.,T,.,R,.,.,.,.,.,.,.,.,.,.,.,.,.,.,Jack,Nurpetlian,,
Fall2021-2022(202210),10183,AROL,213,1,OldStoneAge(Upto10.000BC),3,3,AS,23,2,0800,0850,POST,207,M,.,W,.,F,.,.,.,.,.,.,.,.,.,.,.,.,.,Hermann,Genz,,
Fall2021-2022(202210),10184,AROL,220,1,Anc.Mesopotamia:Assyria&Babylo,3,3,AS,9,16,1230,1345,POST,203,.,T,.,R,.,.,.,.,.,.,.,.,.,.,.,.,.,.,Helene,Sader,,
Fall2021-2022(202210),10185,AROL,223,1,Archaeol.ofHellenisticWorld,3,3,AS,22,3,1100,1215,NICELY,209,.,T,.,R,.,.,.,.,.,.,.,.,.,.,.,.,.,.,PaulGraham,Newson,,
Fall2021-2022(202210),10186,AROL,225,1,Roman&ByzantineNearEast,3,3,AS,19,6,1400,1515,NICELY,318,.,T,.,R,.,.,.,.,.,.,.,.,.,.,.,.,.,.,PaulGraham,Newson,,
Fall2021-2022(202210),10187,AROL,232,1,AnimalsinArchaeology,3,3,AS,25,0,1500,1615,POST,207,.,.,W,.,F,.,.,.,.,.,.,.,.,.,.,.,.,.,Hermann,Genz,,
Fall2021-2022(202210),10188,AROL,235AF,1,ST:Origins&GrowthofAgricult.,3,3,AS,19,6,1700,1815,NICELY,327,.,T,.,R,.,.,.,.,.,.,.,.,.,.,.,.,.,.,ClaireJoanna,Malleson,,
Fall2021-2022(202210),10189,AROL,235AH,1,ST:WaterinAChangingWorld,3,3,AS,13,2,0900,0950,POST,207,M,.,W,.,F,.,.,.,.,.,.,.,.,.,.,.,.,.,Hermann,Genz,,
Fall2021-2022(202210),10190,AROL,235AI,1,ST.FarminginAncientEgypt,3,3,AS,25,0,1530,1645,NICELY,411,.,T,.,R,.,.,.,.,.,.,.,.,.,.,.,.,.,.,ClaireJoanna,Malleson,,
Fall2021-2022(202210),13280,AROL,307B,1,Sem:BronzeAgeonLeb.Coast,3,3,AS,1,0,.,.,.,.,.,.,.,.,.,.,.,.,.,.,.,.,.,.,.,.,.,.,Helene,Sader,,
Fall2021-2022(202210),13260,AROL,321E,1,Tut.ArchaeobotanicalResearch,3,3,AS,2,0,.,.,.,.,.,.,.,.,.,.,.,.,.,.,.,.,.,.,.,.,.,.,ClaireJoanna,Malleson,,
Fall2021-2022(202210),13321,AROL,322F,1,Tut.RomanLandscapes,3,3,AS,1,0,.,.,.,.,.,.,.,.,.,.,.,.,.,.,.,.,.,.,.,.,.,.,PaulGraham,Newson,,
Fall2021-2022(202210),10191,AROL,395A,1,ComprehensiveExam,0,0,AS,0,0,.,.,.,.,.,.,.,.,.,.,.,.,.,.,.,.,.,.,.,.,.,.,Hermann,Genz,,
Fall2021-2022(202210),10192,AROL,399,1,M.AThesis.,9,7.2,AS,0,5,.,.,.,.,.,.,.,.,.,.,.,.,.,.,.,.,.,.,.,.,.,.,Hermann,Genz,,
Fall2021-2022(202210),10193,AROL,399,2,M.AThesis.,9,7.2,AS,0,5,.,.,.,.,.,.,.,.,.,.,.,.,.,.,.,.,.,.,.,.,.,.,Helene,Sader,,
Fall2021-2022(202210),10194,AROL,399,3,M.AThesis.,9,7.2,AS,0,5,.,.,.,.,.,.,.,.,.,.,.,.,.,.,.,.,.,.,.,.,.,.,ClaireJoanna,Malleson,,
Fall2021-2022(202210),10195,AROL,399,4,M.AThesis.,9,7.2,AS,0,5,.,.,.,.,.,.,.,.,.,.,.,.,.,.,.,.,.,.,.,.,.,.,PaulGraham,Newson,,
Fall2021-2022(202210),10196,AROL,399A,1,M.A.Thesis,9,0,AS,0,5,.,.,.,.,.,.,.,.,.,.,.,.,.,.,.,.,.,.,.,.,.,.,Hermann,Genz,,
Fall2021-2022(202210),10197,AROL,399A,2,M.A.Thesis,9,0,AS,0,5,.,.,.,.,.,.,.,.,.,.,.,.,.,.,.,.,.,.,.,.,.,.,Helene,Sader,,
Fall2021-2022(202210),10198,AROL,399B,1,M.A.Thesis,9,0,AS,0,5,.,.,.,.,.,.,.,.,.,.,.,.,.,.,.,.,.,.,.,.,.,.,Hermann,Genz,,
Fall2021-2022(202210),10199,AROL,399B,2,M.A.Thesis,9,0,AS,1,4,.,.,.,.,.,.,.,.,.,.,.,.,.,.,.,.,.,.,.,.,.,.,Helene,Sader,,
Fall2021-2022(202210),10200,AROL,399B,3,M.A.Thesis,9,0,AS,0,5,.,.,.,.,.,.,.,.,.,.,.,.,.,.,.,.,.,.,.,.,.,.,PaulGraham,Newson,,
Fall2021-2022(202210),13401,AROL,399C,1,M.A.Thesis,9,0,AS,1,4,.,.,.,.,.,.,.,.,.,.,.,.,.,.,.,.,.,.,.,.,.,.,PaulGraham,Newson,,
Fall2021-2022(202210),10201,AVSC,220,1,LivestockProduction,3,3,AG,12,0,0900,1015,AGRIC,203,M,.,W,.,.,.,.,.,.,.,.,.,.,.,.,.,.,.,MohamadTalal,Farran,,
Fall2021-2022(202210),10202,AVSC,243,1,Genetics,3,3,AG,15,0,0845,0958,AGRIC,325,M,.,W,.,.,.,.,.,.,.,.,.,.,.,.,.,.,.,Walid,ElKayal,,
Fall2021-2022(202210),10203,AVSC,271,1,AnimalNutrition,3,3,AG,19,-4,1300,1415,AGRIC,310,M,.,W,.,.,.,.,.,.,.,.,.,.,.,.,.,.,.,MohamadTalal,Farran,,
Fall2021-2022(202210),10204,AVSC,275,1,Anat&PhyslofFarmAnimals,3,3,AG,22,3,0845,0958,.,.,.,T,.,R,.,.,.,.,.,.,.,.,.,.,.,.,.,.,Lina,Jaber,,
Fall2021-2022(202210),10205,AVSC,281,1,Product.ofNovelAvianSpecies,3,3,AG,13,-1,1100,1215,AGRIC,310,M,.,W,.,.,.,.,.,.,.,.,.,.,.,.,.,.,.,MohamadTalal,Farran,,
Fall2021-2022(202210),13284,AVSC,305,1,PoultryDiseases,3,3,AG,4,2,1400,1650,.,.,.,T,.,.,.,.,.,.,.,.,.,.,.,.,.,.,.,.,Houssam,Shaib,,
Fall2021-2022(202210),10206,AVSC,334,1,AdvancedPoultryNutrition,3,3,AG,2,8,1200,1500,AGRIC,201,.,T,.,.,.,.,.,.,.,.,.,.,.,.,.,.,.,.,MohamadTalal,Farran,,
Fall2021-2022(202210),10207,AVSC,395,1,Grad.Sem.inAnimalScience,1,1,AG,0,5,1300,1350,AGRIC,325,.,T,.,.,.,.,.,.,.,.,.,.,.,.,.,.,.,.,Lina,Jaber,,
Fall2021-2022(202210),10208,AVSC,399A,1,M.S.Thesis,9,0,AG,0,2,.,.,.,.,.,.,.,.,.,.,.,.,.,.,.,.,.,.,.,.,.,.,MohamadTalal,Farran,,
Fall2021-2022(202210),10209,AVSC,399B,1,M.S.Thesis,9,0,AG,1,4,.,.,.,.,.,.,.,.,.,.,.,.,.,.,.,.,.,.,.,.,.,.,MohamadTalal,Farran,,
Fall2021-2022(202210),10210,AVSC,399C,1,M.S.Thesis,9,0,AG,0,5,.,.,.,.,.,.,.,.,.,.,.,.,.,.,.,.,.,.,.,.,.,.,MohamadTalal,Farran,,
