Fall2021-2022(202210),10211,BIOC,246,0,BiochemistryforNursing,4,4,FM,60,1,1001,1059,.,.,.,.,.,.,F,.,.,1401,1559,.,.,.,T,.,.,.,.,.,Julnar,Usta,,
Fall2021-2022(202210),10212,BIOC,305A,0,BiochemistryResearchSeminar,0,0,FM,0,50,.,.,.,.,.,.,.,.,.,.,.,.,.,.,.,.,.,.,.,.,.,.,Pierre,Khoueiry,,Online
Fall2021-2022(202210),10213,BIOC,305B,0,BiochemistryResearchSeminar,0,0,FM,3,17,.,.,.,.,.,.,.,.,.,.,.,.,.,.,.,.,.,.,.,.,.,.,Pierre,Khoueiry,,Online
Fall2021-2022(202210),10214,BIOC,305C,0,BiochemistryResearchSeminar,1,1,FM,10,30,.,.,.,.,.,.,.,.,.,.,.,.,.,.,.,.,.,.,.,.,.,.,Pierre,Khoueiry,,Online
Fall2021-2022(202210),10215,BIOC,317,0,Sel.TopicsinBiochemistry,1,1,FM,0,25,.,.,.,.,.,.,.,.,.,.,.,.,.,.,.,.,.,.,.,.,.,.,Firas,Kobaissy,,
Fall2021-2022(202210),10216,BIOC,321,0,NucleicAcids&BasicGenetics,1,1,FM,34,26,1031,1159,.,.,M,.,.,.,.,.,.,1101,1229,.,.,.,.,W,.,.,.,.,Nadine,Darwiche,,
Fall2021-2022(202210),10217,BIOC,322,0,ProteinBiochemistry,1,1,FM,37,23,1101,1229,.,.,.,T,.,R,.,.,.,.,.,.,.,.,.,.,.,.,.,.,Firas,Kobaissy,,
Fall2021-2022(202210),10218,BIOC,323,0,CellularMetabol.&Regulation,2,2,FM,19,36,1301,1429,.,.,.,T,.,R,.,.,.,.,.,.,.,.,.,.,.,.,.,.,Aida,HabibAbdulKarim,,
Fall2021-2022(202210),10219,BIOC,325,0,Receptors&SignalTransduct,2,2,FM,22,8,1301,1429,.,.,M,.,W,.,.,.,.,.,.,.,.,.,.,.,.,.,.,.,AyadA,Jaffa,,
Fall2021-2022(202210),10220,BIOC,327,0,CancerGenomics,1,1,FM,0,55,1101,1229,.,.,M,.,W,.,.,.,.,.,.,.,.,.,.,.,.,.,.,.,.,STAFF,,Online
Fall2021-2022(202210),10221,BIOC,395A,0,ComprehensiveExam,0,0,FM,2,23,.,.,.,.,.,.,.,.,.,.,.,.,.,.,.,.,.,.,.,.,.,.,AyadA,Jaffa,,Online
Fall2021-2022(202210),10222,BIOC,399,0,MSThesis,9,7.65,FM,2,23,.,.,.,.,.,.,.,.,.,.,.,.,.,.,.,.,.,.,.,.,.,.,AyadA,Jaffa,,Online
Fall2021-2022(202210),10223,BIOC,399A,0,MSThesis,9,0,FM,3,22,.,.,.,.,.,.,.,.,.,.,.,.,.,.,.,.,.,.,.,.,.,.,AyadA,Jaffa,,Online
Fall2021-2022(202210),10224,BIOC,399B,0,MSThesis,9,0,FM,4,21,.,.,.,.,.,.,.,.,.,.,.,.,.,.,.,.,.,.,.,.,.,.,AyadA,Jaffa,,Online
Fall2021-2022(202210),10225,BIOL,101,1,BasicConceptsinBiology,3,3,AS,31,4,1000,1050,PHYS,219,M,.,W,.,F,.,.,.,.,.,.,.,.,.,.,.,.,.,Nada,Sinnu,,
Fall2021-2022(202210),10226,BIOL,101,2,BasicConceptsinBiology,3,3,AS,26,9,1200,1250,PHYS,327,M,.,W,.,F,.,.,.,.,.,.,.,.,.,.,.,.,.,Nada,Sinnu,,
Fall2021-2022(202210),10227,BIOL,104,1,Introduct.toOrganismalBiolo.,3,3,AS,31,-1,1100,1150,PHYS,331,M,.,W,.,F,.,.,.,.,.,.,.,.,.,.,.,.,.,Hind,Rizkallah,,
Fall2021-2022(202210),10228,BIOL,104,2,Introduct.toOrganismalBiolo.,3,3,AS,16,14,1100,1215,PHYS,331,.,T,.,R,.,.,.,.,.,.,.,.,.,.,.,.,.,.,Hala,Muhtasib,,
Fall2021-2022(202210),10229,BIOL,106,1,ContempIssuesinBiology,3,3,AS,34,1,0930,1045,PHYS,331,.,T,.,R,.,.,.,.,.,.,.,.,.,.,.,.,.,.,Imad,Saoud,,
Fall2021-2022(202210),10230,BIOL,200,B1,DiversityofLife,0,0,AS,5,4,1000,1250,BIOL,108,M,.,.,.,.,.,.,.,.,.,.,.,.,.,.,.,.,.,Hind,Rizkallah,10239,
Fall2021-2022(202210),10231,BIOL,200,B2,DiversityofLife,0,0,AS,9,0,1300,1550,BIOL,108,M,.,.,.,.,.,.,.,.,.,.,.,.,.,.,.,.,.,Hind,Rizkallah,10239,
Fall2021-2022(202210),10232,BIOL,200,B3,DiversityofLife,0,0,AS,8,1,1100,1350,BIOL,108,.,T,.,.,.,.,.,.,.,.,.,.,.,.,.,.,.,.,Hind,Rizkallah,10239,
Fall2021-2022(202210),10233,BIOL,200,B4,DiversityofLife,0,0,AS,0,0,.,.,.,.,.,.,.,.,.,.,.,.,.,.,.,.,.,.,.,.,.,.,.,STAFF,10240,
Fall2021-2022(202210),10234,BIOL,200,B5,DiversityofLife,0,0,AS,8,1,1400,1650,BIOL,108,.,T,.,.,.,.,.,.,.,.,.,.,.,.,.,.,.,.,Hind,Rizkallah,10240,
Fall2021-2022(202210),10235,BIOL,200,B6,DiversityofLife,0,0,AS,10,-1,1300,1550,BIOL,108,.,.,W,.,.,.,.,.,.,.,.,.,.,.,.,.,.,.,Hind,Rizkallah,10240,
Fall2021-2022(202210),10236,BIOL,200,B7,DiversityofLife,0,0,AS,10,-1,1600,1850,BIOL,108,M,.,.,.,.,.,.,.,.,.,.,.,.,.,.,.,.,.,Hind,Rizkallah,10239,
Fall2021-2022(202210),10237,BIOL,200,B8,DiversityofLife,0,0,AS,0,0,.,.,.,.,.,.,.,.,.,.,.,.,.,.,.,.,.,.,.,.,.,.,.,STAFF,10240,
Fall2021-2022(202210),10238,BIOL,200,B9,DiversityofLife,0,0,AS,0,0,.,.,.,.,.,.,.,.,.,.,.,.,.,.,.,.,.,.,.,.,.,.,.,STAFF,10239,
Fall2021-2022(202210),10239,BIOL,200,L1,DiversityofLife,4,4,AS,31,5,0930,1045,CHSC,AUDITORIUM,.,T,.,R,.,.,.,.,.,.,.,.,.,.,.,.,.,.,Hind,Rizkallah,10230:or10231:or10232:or10236:or10238,
Fall2021-2022(202210),10240,BIOL,200,L2,DiversityofLife,4,4,AS,19,16,0800,0915,PHYS,217,.,T,.,R,.,.,.,.,.,.,.,.,.,.,.,.,.,.,Hind,Rizkallah,10233:or10234:or10235:or10237,
Fall2021-2022(202210),10241,BIOL,201,B1,GeneralBiologyI,0,0,AS,11,-1,1100,1350,BIOL,210,M,.,.,.,.,.,.,.,.,.,.,.,.,.,.,.,.,.,Mohammad,Al-Zein,10271,
Fall2021-2022(202210),10242,BIOL,201,B10,GeneralBiologyI,0,0,AS,10,0,1100,1350,BIOL,210,.,.,.,.,F,.,.,.,.,.,.,.,.,.,.,.,.,.,Mohammad,Al-Zein,10271,
Fall2021-2022(202210),10243,BIOL,201,B11,GeneralBiologyI,0,0,AS,11,-1,1400,1650,BIOL,210,.,.,.,.,F,.,.,.,.,.,.,.,.,.,.,.,.,.,Mohammad,Al-Zein,10271,
Fall2021-2022(202210),10244,BIOL,201,B12,GeneralBiologyI,0,0,AS,12,-2,1100,1350,BIOL,206,M,.,.,.,.,.,.,.,.,.,.,.,.,.,.,.,.,.,Mohammad,Al-Zein,10271,
Fall2021-2022(202210),10245,BIOL,201,B13,GeneralBiologyI,0,0,AS,8,2,1400,1650,BIOL,206,M,.,.,.,.,.,.,.,.,.,.,.,.,.,.,.,.,.,Mohammad,Al-Zein,10271,
Fall2021-2022(202210),10246,BIOL,201,B14,GeneralBiologyI,0,0,AS,12,-2,1100,1350,BIOL,206,.,.,.,.,F,.,.,.,.,.,.,.,.,.,.,.,.,.,Mohammad,Al-Zein,10271,
Fall2021-2022(202210),10247,BIOL,201,B15,GeneralBiologyI,0,0,AS,10,0,1400,1650,BIOL,206,.,.,.,.,F,.,.,.,.,.,.,.,.,.,.,.,.,.,Mohammad,Al-Zein,10271,
Fall2021-2022(202210),10248,BIOL,201,B16,GeneralBiologyI,0,0,AS,10,0,1100,1350,BIOL,208,M,.,.,.,.,.,.,.,.,.,.,.,.,.,.,.,.,.,Mohammad,Al-Zein,10272,
Fall2021-2022(202210),10249,BIOL,201,B17,GeneralBiologyI,0,0,AS,12,-2,1400,1650,BIOL,208,M,.,.,.,.,.,.,.,.,.,.,.,.,.,.,.,.,.,Mohammad,Al-Zein,10272,
Fall2021-2022(202210),10250,BIOL,201,B18,GeneralBiologyI,0,0,AS,11,-1,1100,1350,BIOL,208,.,T,.,.,.,.,.,.,.,.,.,.,.,.,.,.,.,.,Mohammad,Al-Zein,10272,
Fall2021-2022(202210),10251,BIOL,201,B19,GeneralBiologyI,0,0,AS,9,1,1400,1650,BIOL,208,.,T,.,.,.,.,.,.,.,.,.,.,.,.,.,.,.,.,Mohammad,Al-Zein,10272,
Fall2021-2022(202210),10252,BIOL,201,B2,GeneralBiologyI,0,0,AS,10,0,1400,1650,BIOL,210,M,.,.,.,.,.,.,.,.,.,.,.,.,.,.,.,.,.,Mohammad,Al-Zein,10271,
Fall2021-2022(202210),10253,BIOL,201,B20,GeneralBiologyI,0,0,AS,11,-1,1100,1350,BIOL,208,.,.,W,.,.,.,.,.,.,.,.,.,.,.,.,.,.,.,Mohammad,Al-Zein,10272,
Fall2021-2022(202210),10254,BIOL,201,B21,GeneralBiologyI,0,0,AS,11,-1,1400,1650,BIOL,208,.,.,W,.,.,.,.,.,.,.,.,.,.,.,.,.,.,.,Mohammad,Al-Zein,10272,
Fall2021-2022(202210),10255,BIOL,201,B22,GeneralBiologyI,0,0,AS,10,0,1100,1350,BIOL,208,.,.,.,R,.,.,.,.,.,.,.,.,.,.,.,.,.,.,Mohammad,Al-Zein,10272,
Fall2021-2022(202210),10256,BIOL,201,B23,GeneralBiologyI,0,0,AS,11,-1,1400,1650,BIOL,208,.,.,.,R,.,.,.,.,.,.,.,.,.,.,.,.,.,.,Mohammad,Al-Zein,10272,
Fall2021-2022(202210),10257,BIOL,201,B24,GeneralBiologyI,0,0,AS,10,0,0800,1050,BIOL,208,.,.,.,.,F,.,.,.,.,.,.,.,.,.,.,.,.,.,Mohammad,Al-Zein,10272,
Fall2021-2022(202210),10258,BIOL,201,B25,GeneralBiologyI,0,0,AS,11,-1,1100,1350,BIOL,208,.,.,.,.,F,.,.,.,.,.,.,.,.,.,.,.,.,.,Mohammad,Al-Zein,10272,
Fall2021-2022(202210),10259,BIOL,201,B26,GeneralBiologyI,0,0,AS,12,-2,1400,1650,BIOL,208,.,.,.,.,F,.,.,.,.,.,.,.,.,.,.,.,.,.,Mohammad,Al-Zein,10272,
Fall2021-2022(202210),10260,BIOL,201,B27,GeneralBiologyI,0,0,AS,11,-1,1100,1350,BIOL,206,.,T,.,.,.,.,.,.,.,.,.,.,.,.,.,.,.,.,Mohammad,Al-Zein,10272,
Fall2021-2022(202210),10261,BIOL,201,B28,GeneralBiologyI,0,0,AS,11,-1,1100,1350,BIOL,206,.,.,W,.,.,.,.,.,.,.,.,.,.,.,.,.,.,.,Mohammad,Al-Zein,10272,
Fall2021-2022(202210),10262,BIOL,201,B29,GeneralBiologyI,0,0,AS,9,1,1100,1350,BIOL,206,.,.,.,R,.,.,.,.,.,.,.,.,.,.,.,.,.,.,Mohammad,Al-Zein,10272,
Fall2021-2022(202210),10263,BIOL,201,B3,GeneralBiologyI,0,0,AS,11,-1,1100,1350,BIOL,210,.,T,.,.,.,.,.,.,.,.,.,.,.,.,.,.,.,.,Mohammad,Al-Zein,10271,
Fall2021-2022(202210),10264,BIOL,201,B30,GeneralBiologyI,0,0,AS,11,-1,0800,1050,BIOL,206,.,.,.,.,F,.,.,.,.,.,.,.,.,.,.,.,.,.,Mohammad,Al-Zein,10272,
Fall2021-2022(202210),13338,BIOL,201,B31,GeneralBiologyI,0,0,AS,6,0,1400,1650,BIOL,206,.,.,.,R,.,.,.,.,.,.,.,.,.,.,.,.,.,.,Mohammad,Al-Zein,10271,
Fall2021-2022(202210),13339,BIOL,201,B32,GeneralBiologyI,0,0,AS,5,1,1400,1650,BIOL,206,.,.,.,R,.,.,.,.,.,.,.,.,.,.,.,.,.,.,Mohammad,Al-Zein,10272,
Fall2021-2022(202210),13340,BIOL,201,B33,GeneralBiologyI,0,0,AS,0,0,.,.,.,.,.,.,.,.,.,.,.,.,.,.,.,.,.,.,.,.,.,.,.,STAFF,10271,
Fall2021-2022(202210),13341,BIOL,201,B34,GeneralBiologyI,0,0,AS,0,0,.,.,.,.,.,.,.,.,.,.,.,.,.,.,.,.,.,.,.,.,.,.,.,STAFF,10272,
Fall2021-2022(202210),10265,BIOL,201,B4,GeneralBiologyI,0,0,AS,12,-2,1400,1650,BIOL,210,.,T,.,.,.,.,.,.,.,.,.,.,.,.,.,.,.,.,Mohammad,Al-Zein,10271,
Fall2021-2022(202210),10266,BIOL,201,B5,GeneralBiologyI,0,0,AS,10,0,1100,1350,BIOL,210,.,.,W,.,.,.,.,.,.,.,.,.,.,.,.,.,.,.,Mohammad,Al-Zein,10271,
Fall2021-2022(202210),10267,BIOL,201,B6,GeneralBiologyI,0,0,AS,12,-2,1400,1650,BIOL,210,.,.,W,.,.,.,.,.,.,.,.,.,.,.,.,.,.,.,Mohammad,Al-Zein,10271,
Fall2021-2022(202210),10268,BIOL,201,B7,GeneralBiologyI,0,0,AS,9,1,1100,1350,BIOL,210,.,.,.,R,.,.,.,.,.,.,.,.,.,.,.,.,.,.,Mohammad,Al-Zein,10271,
Fall2021-2022(202210),10269,BIOL,201,B8,GeneralBiologyI,0,0,AS,9,1,1400,1650,BIOL,210,.,.,.,R,.,.,.,.,.,.,.,.,.,.,.,.,.,.,Mohammad,Al-Zein,10271,
Fall2021-2022(202210),10270,BIOL,201,B9,GeneralBiologyI,0,0,AS,12,-2,0800,1050,BIOL,210,.,.,.,.,F,.,.,.,.,.,.,.,.,.,.,.,.,.,Mohammad,Al-Zein,10271,
Fall2021-2022(202210),10271,BIOL,201,L1,GeneralBiologyI,4,4,AS,165,-3,0930,1045,BIOL,SLH,.,T,.,R,.,.,.,.,.,.,.,.,.,.,.,.,.,.,Noel,Ghanem,10241:or10242:or10243:or10244:or10245:or10246:or10247:or10252:or10263:or10265:or10266:or10267:or10268:or10269:or10270:or13338:or13340,
Fall2021-2022(202210),10272,BIOL,201,L2,GeneralBiologyI,4,4,AS,165,-3,0800,0915,BIOL,SLH,.,T,.,R,.,.,.,.,.,.,.,.,.,.,.,.,.,.,Zakaria,Kambris,10248:or10249:or10250:or10251:or10253:or10254:or10255:or10256:or10257:or10258:or10259:or10260:or10261:or10262:or10264:or13339:or13341,
Fall2021-2022(202210),10273,BIOL,202,B1,GeneralBiologyII,0,0,AS,10,-1,1400,1650,BIOL,206,.,T,.,.,.,.,.,.,.,.,.,.,.,.,.,.,.,.,Mohammad,Al-Zein,10276,
Fall2021-2022(202210),10274,BIOL,202,B2,GeneralBiologyII,0,0,AS,8,1,1400,1650,BIOL,206,.,.,W,.,.,.,.,.,.,.,.,.,.,.,.,.,.,.,Mohammad,Al-Zein,10276,
Fall2021-2022(202210),10275,BIOL,202,B3,GeneralBiologyII,0,0,AS,0,0,.,.,.,.,.,.,.,.,.,.,.,.,.,.,.,.,.,.,.,.,.,.,.,STAFF,10276,
Fall2021-2022(202210),10276,BIOL,202,L1,GeneralBiologyII,4,4,AS,18,9,1200,1250,PHYS,217,M,.,W,.,F,.,.,.,.,.,.,.,.,.,.,.,.,.,Sawsan,Kuraydiyyah,10273:or10274:or10275,
Fall2021-2022(202210),10277,BIOL,209,1,ConceptsandConnections,3,3,AS,33,2,1000,1050,PHYS,329,M,.,W,.,F,.,.,.,.,.,.,.,.,.,.,.,.,.,Hind,Rizkallah,,
Fall2021-2022(202210),10278,BIOL,209,2,ConceptsandConnections,3,3,AS,35,0,1100,1150,PHYS,217,M,.,W,.,F,.,.,.,.,.,.,.,.,.,.,.,.,.,Heinrich,Dohna,,
Fall2021-2022(202210),10279,BIOL,210,1,HumanBiology,3,3,AS,36,-1,0800,0850,BIOL,004,M,.,W,.,F,.,.,.,.,.,.,.,.,.,.,.,.,.,Nada,Sinnu,,
Fall2021-2022(202210),10280,BIOL,210,2,HumanBiology,3,3,AS,35,0,1100,1215,PHYS,329,.,T,.,R,.,.,.,.,.,.,.,.,.,.,.,.,.,.,Nada,Sinnu,,
Fall2021-2022(202210),10281,BIOL,210,3,HumanBiology,3,3,AS,35,0,1100,1215,BIOL,004,.,T,.,R,.,.,.,.,.,.,.,.,.,.,.,.,.,.,Rabih,Talhouk,,
Fall2021-2022(202210),10282,BIOL,220,1,IntroductoryBiochemistry,3,3,AS,22,3,0930,1045,BIOL,004,.,T,.,R,.,.,.,.,.,.,.,.,.,.,.,.,.,.,Elias,Baydoun,,
Fall2021-2022(202210),10284,BIOL,223,B1,Genetics,0,0,AS,10,-1,1100,1350,BIOL,310,.,T,.,.,.,.,.,.,.,.,.,.,.,.,.,.,.,.,Layane,Hajjar,10292,
Fall2021-2022(202210),10285,BIOL,223,B2,Genetics,0,0,AS,10,-1,1400,1650,BIOL,310,.,T,.,.,.,.,.,.,.,.,.,.,.,.,.,.,.,.,Layane,Hajjar,10292,
Fall2021-2022(202210),10286,BIOL,223,B3,Genetics,0,0,AS,10,-1,1100,1350,BIOL,310,.,.,.,.,F,.,.,.,.,.,.,.,.,.,.,.,.,.,Layane,Hajjar,10292,
Fall2021-2022(202210),10287,BIOL,223,B4,Genetics,0,0,AS,7,2,1000,1250,BIOL,310,.,.,W,.,.,.,.,.,.,.,.,.,.,.,.,.,.,.,Layane,Hajjar,10293,
Fall2021-2022(202210),10288,BIOL,223,B5,Genetics,0,0,AS,8,1,1300,1550,BIOL,310,.,.,W,.,.,.,.,.,.,.,.,.,.,.,.,.,.,.,Layane,Hajjar,10293,
Fall2021-2022(202210),10289,BIOL,223,B6,Genetics,0,0,AS,9,0,1100,1350,BIOL,310,.,.,.,R,.,.,.,.,.,.,.,.,.,.,.,.,.,.,Layane,Hajjar,10294,
Fall2021-2022(202210),10290,BIOL,223,B7,Genetics,0,0,AS,10,-1,1400,1650,BIOL,310,.,.,.,R,.,.,.,.,.,.,.,.,.,.,.,.,.,.,Layane,Hajjar,10294,
Fall2021-2022(202210),10291,BIOL,223,B8,Genetics,0,0,AS,8,1,0800,1050,BIOL,310,.,.,.,.,F,.,.,.,.,.,.,.,.,.,.,.,.,.,Layane,Hajjar,10294,
Fall2021-2022(202210),10292,BIOL,223,L1,Genetics,4,4,AS,29,-2,0900,0950,BIOL,SLH,M,.,W,.,.,.,.,0900,0950,BIOL,SLH,.,.,.,.,F,.,.,ColinAndrew,Smith,10284:or10285:or10286,
Fall2021-2022(202210),10293,BIOL,223,L2,Genetics,4,4,AS,19,-1,0900,0950,BIOL,SLH,M,.,W,.,.,.,.,1000,1050,BIOL,SLH,.,.,.,.,F,.,.,ColinAndrew,Smith,10287:or10288,
Fall2021-2022(202210),10294,BIOL,223,L3,Genetics,4,4,AS,24,3,0900,0950,BIOL,SLH,M,.,W,.,.,.,.,1100,1150,BIOL,SLH,.,.,.,.,F,.,.,ColinAndrew,Smith,10289:or10290:or10291,
Fall2021-2022(202210),10295,BIOL,224,B1,Microbiology,0,0,AS,12,-2,1400,1650,BIOL,312,.,T,.,.,.,.,.,.,.,.,.,.,.,.,.,.,.,.,Layane,Hajjar,10299,
Fall2021-2022(202210),10296,BIOL,224,B2,Microbiology,0,0,AS,12,-2,1400,1650,BIOL,312,.,.,W,.,.,.,.,.,.,.,.,.,.,.,.,.,.,.,Layane,Hajjar,10299,
Fall2021-2022(202210),10297,BIOL,224,B3,Microbiology,0,0,AS,11,-1,1400,1650,BIOL,312,.,.,.,R,.,.,.,.,.,.,.,.,.,.,.,.,.,.,Layane,Hajjar,10299,
Fall2021-2022(202210),10298,BIOL,224,B4,Microbiology,0,0,AS,12,-2,1400,1650,BIOL,312,.,.,.,.,F,.,.,.,.,.,.,.,.,.,.,.,.,.,Layane,Hajjar,10299,
Fall2021-2022(202210),10299,BIOL,224,L1,Microbiology,4,4,AS,47,-7,1100,1150,CHEM,101,M,.,W,.,F,.,.,.,.,.,.,.,.,.,.,.,.,.,Mike,Osta,10295:or10296:or10297:or10298,
Fall2021-2022(202210),10300,BIOL,240,1,AnimalBehavior,3,3,AS,17,8,1300,1350,PHYS,217,M,.,W,.,F,.,.,.,.,.,.,.,.,.,.,.,.,.,Riyad,Sadek,,
Fall2021-2022(202210),10301,BIOL,241,B1,BiologyofInvertebrates,0,0,AS,7,2,1100,1350,BIOL,108,.,.,.,R,.,.,.,.,.,.,.,.,.,.,.,.,.,.,Layane,Hajjar,10305,
Fall2021-2022(202210),10302,BIOL,241,B2,BiologyofInvertebrates,0,0,AS,9,0,1400,1650,BIOL,108,.,.,.,R,.,.,.,.,.,.,.,.,.,.,.,.,.,.,Layane,Hajjar,10305,
Fall2021-2022(202210),10303,BIOL,241,B3,BiologyofInvertebrates,0,0,AS,11,-2,1300,1550,BIOL,108,.,.,.,.,F,.,.,.,.,.,.,.,.,.,.,.,.,.,Layane,Hajjar,10305,
Fall2021-2022(202210),10304,BIOL,241,B4,BiologyofInvertebrates,0,0,AS,9,-9,1600,1850,BIOL,108,.,.,.,.,F,.,.,.,.,.,.,.,.,.,.,.,.,.,Layane,Hajjar,10305,
Fall2021-2022(202210),10305,BIOL,241,L1,BiologyofInvertebrates,4,4,AS,36,-9,1200,1250,BIOL,004,M,.,W,.,F,.,.,.,.,.,.,.,.,.,.,.,.,.,Khouzama,Knio,10301:or10302:or10303:or10304,
Fall2021-2022(202210),10306,BIOL,244,1,IntroductiontoNeurobiology,3,3,AS,4,16,1230,1345,PHYS,219,.,T,.,R,.,.,.,.,.,.,.,.,.,.,.,.,.,.,Noel,Ghanem,,
Fall2021-2022(202210),10307,BIOL,244L,B1,NeurobiologyLab,1,1,AS,5,3,1400,1650,BIOL,306,.,.,.,R,.,.,.,.,.,.,.,.,.,.,.,.,.,.,Noel,Ghanem,,
Fall2021-2022(202210),10309,BIOL,246,B1,MarineBiology,0,0,AS,9,0,1400,1650,BIOL,110,.,.,.,R,.,.,.,.,.,.,.,.,.,.,.,.,.,.,Mohammad,Al-Zein,10312,
Fall2021-2022(202210),10310,BIOL,246,B2,MarineBiology,0,0,AS,3,6,0800,1050,BIOL,110,.,.,.,R,.,.,.,.,.,.,.,.,.,.,.,.,.,.,Mohammad,Al-Zein,10312,
Fall2021-2022(202210),10311,BIOL,246,B3,MarineBiology,0,0,AS,9,0,1400,1650,BIOL,110,.,.,.,.,F,.,.,.,.,.,.,.,.,.,.,.,.,.,Mohammad,Al-Zein,10312,
Fall2021-2022(202210),10312,BIOL,246,L1,MarineBiology,4,4,AS,21,6,1230,1345,PHYS,331,.,T,.,R,.,.,.,.,.,.,.,.,.,.,.,.,.,.,Michel,Bariche,10309:or10310:or10311,
Fall2021-2022(202210),10313,BIOL,247,1,AnimalPhysiology,3,3,AS,25,0,1000,1050,PHYS,215,M,.,W,.,F,.,.,.,.,.,.,.,.,.,.,.,.,.,Sawsan,Kuraydiyyah,,
Fall2021-2022(202210),10314,BIOL,252,B1,Ecology,0,0,AS,7,2,1400,1650,BIOL,110,.,T,.,.,.,.,.,.,.,.,.,.,.,.,.,.,.,.,Riyad,Sadek,10318,
Fall2021-2022(202210),10315,BIOL,252,B2,Ecology,0,0,AS,8,1,1400,1650,BIOL,110,.,.,W,.,.,.,.,.,.,.,.,.,.,.,.,.,.,.,Riyad,Sadek,10318,
Fall2021-2022(202210),10316,BIOL,252,B3,Ecology,0,0,AS,4,5,1400,1650,BIOL,110,M,.,.,.,.,.,.,.,.,.,.,.,.,.,.,.,.,.,Riyad,Sadek,10318,
Fall2021-2022(202210),10317,BIOL,252,B4,Ecology,0,0,AS,0,0,.,.,.,.,.,.,.,.,.,.,.,.,.,.,.,.,.,.,.,.,.,.,.,STAFF,10318,
Fall2021-2022(202210),10318,BIOL,252,L1,Ecology,4,4,AS,19,17,0900,0950,BIOL,004,M,.,W,.,F,.,.,.,.,.,.,.,.,.,.,.,.,.,Riyad,Sadek,10314:or10315:or10316:or10317,
Fall2021-2022(202210),10319,BIOL,256,1,ConservationBiology,3,3,AS,0,0,.,.,.,.,.,.,.,.,.,.,.,.,.,.,.,.,.,.,.,.,.,.,.,STAFF,,
Fall2021-2022(202210),10320,BIOL,260,B1,CellBiology,0,0,AS,12,-6,1400,1650,BIOL,106,.,T,.,.,.,.,.,.,.,.,.,.,.,.,.,.,.,.,Layane,Hajjar,10323,
Fall2021-2022(202210),10321,BIOL,260,B2,CellBiology,0,0,AS,10,-4,1400,1650,BIOL,106,.,.,W,.,.,.,.,.,.,.,.,.,.,.,.,.,.,.,Layane,Hajjar,10323,
Fall2021-2022(202210),10322,BIOL,260,B3,CellBiology,0,0,AS,10,-4,1400,1650,BIOL,106,.,.,.,R,.,.,.,.,.,.,.,.,.,.,.,.,.,.,Layane,Hajjar,10323,
Fall2021-2022(202210),10323,BIOL,260,L1,CellBiology,4,4,AS,32,-14,1100,1150,BIOL,004,M,.,W,.,F,.,.,.,.,.,.,.,.,.,.,.,.,.,Rabih,Talhouk,10320:or10321:or10322,
Fall2021-2022(202210),10324,BIOL,261,1,BiologyofCancer,3,3,AS,35,-10,1000,1050,PHYS,331,M,.,W,.,F,.,.,.,.,.,.,.,.,.,.,.,.,.,Diana,Jaalouk,,
Fall2021-2022(202210),10325,BIOL,263,1,Immunology,3,3,AS,12,13,0900,0950,PHYS,217,M,.,W,.,F,.,.,.,.,.,.,.,.,.,.,.,.,.,Mike,Osta,,
Fall2021-2022(202210),10326,BIOL,266,1,Oceanography,3,3,AS,9,6,0800,0915,PHYS,215,.,T,.,R,.,.,.,.,.,.,.,.,.,.,.,.,.,.,Imad,Saoud,,
Fall2021-2022(202210),10327,BIOL,266L,1,OceanographyLab,1,1,AS,1,0,1400,1650,BIOL,306,.,.,.,.,F,.,.,.,.,.,.,.,.,.,.,.,.,.,Imad,Saoud,,
Fall2021-2022(202210),10328,BIOL,266L,2,OceanographyLab,1,1,AS,0,0,.,.,.,.,.,.,.,.,.,.,.,.,.,.,.,.,.,.,.,.,.,.,.,STAFF,,
Fall2021-2022(202210),10329,BIOL,268,1,IntroductionToBiotechnology,3,3,AS,17,8,1100,1150,PHYS,327,M,.,W,.,F,.,.,.,.,.,.,.,.,.,.,.,.,.,Hala,Muhtasib,,
Fall2021-2022(202210),10330,BIOL,270,B1,PlantPhysiology,0,0,AS,9,-1,1400,1650,BIOL,306,M,.,.,.,.,.,.,.,.,.,.,.,.,.,.,.,.,.,Elias,Baydoun,10333,
Fall2021-2022(202210),10331,BIOL,270,B2,PlantPhysiology,0,0,AS,7,1,1400,1650,BIOL,306,.,T,.,.,.,.,.,.,.,.,.,.,.,.,.,.,.,.,Elias,Baydoun,10333,
Fall2021-2022(202210),10332,BIOL,270,B3,PlantPhysiology,0,0,AS,8,0,1100,1350,BIOL,306,.,T,.,.,.,.,.,.,.,.,.,.,.,.,.,.,.,.,Elias,Baydoun,10333,
Fall2021-2022(202210),10333,BIOL,270,L1,PlantPhysiology,4,4,AS,24,0,0800,0915,BIOL,004,.,T,.,R,.,.,.,.,.,.,.,.,.,.,.,.,.,.,Elias,Baydoun,10330:or10331:or10332,
Fall2021-2022(202210),10334,BIOL,281,1,Ichthyology,3,3,AS,28,-3,1100,1215,PHYS,217,.,T,.,R,.,.,.,.,.,.,.,.,.,.,.,.,.,.,Michel,Bariche,,
Fall2021-2022(202210),10335,BIOL,290AO,1,Sp.Tp.CardiovascularResearch,3,3,AS,25,-10,1700,1815,BIOL,004,M,.,W,.,.,.,.,.,.,.,.,.,.,.,.,.,.,.,Diana,Jaalouk,,
Fall2021-2022(202210),10336,BIOL,291,1,UndergraduateTutorial,2,2,AS,0,0,.,.,.,.,.,.,.,.,.,.,.,.,.,.,.,.,.,.,.,.,.,.,Zakaria,Kambris,,
Fall2021-2022(202210),10337,BIOL,291,10,UndergraduateTutorial,2,2,AS,0,0,.,.,.,.,.,.,.,.,.,.,.,.,.,.,.,.,.,.,.,.,.,.,Mike,Osta,,
Fall2021-2022(202210),10338,BIOL,291,11,UndergraduateTutorial,2,2,AS,1,0,.,.,.,.,.,.,.,.,.,.,.,.,.,.,.,.,.,.,.,.,.,.,Noel,Ghanem,,
Fall2021-2022(202210),10339,BIOL,291,12,UndergraduateTutorial,2,2,AS,0,0,.,.,.,.,.,.,.,.,.,.,.,.,.,.,.,.,.,.,.,.,.,.,Rabih,Talhouk,,
Fall2021-2022(202210),10340,BIOL,291,13,UndergraduateTutorial,2,2,AS,0,0,.,.,.,.,.,.,.,.,.,.,.,.,.,.,.,.,.,.,.,.,.,.,Riyad,Sadek,,
Fall2021-2022(202210),10341,BIOL,291,14,UndergraduateTutorial,2,2,AS,0,0,.,.,.,.,.,.,.,.,.,.,.,.,.,.,.,.,.,.,.,.,.,.,Sawsan,Kuraydiyyah,,
Fall2021-2022(202210),10342,BIOL,291,2,UndergraduateTutorial,2,2,AS,0,0,.,.,.,.,.,.,.,.,.,.,.,.,.,.,.,.,.,.,.,.,.,.,ColinAndrew,Smith,,
Fall2021-2022(202210),10343,BIOL,291,3,UndergraduateTutorial,2,2,AS,0,0,.,.,.,.,.,.,.,.,.,.,.,.,.,.,.,.,.,.,.,.,.,.,Diana,Jaalouk,,
Fall2021-2022(202210),10344,BIOL,291,4,UndergraduateTutorial,2,2,AS,0,0,.,.,.,.,.,.,.,.,.,.,.,.,.,.,.,.,.,.,.,.,.,.,Elias,Baydoun,,
Fall2021-2022(202210),10345,BIOL,291,5,UndergraduateTutorial,2,2,AS,0,0,.,.,.,.,.,.,.,.,.,.,.,.,.,.,.,.,.,.,.,.,.,.,Hala,Muhtasib,,
Fall2021-2022(202210),10346,BIOL,291,6,UndergraduateTutorial,2,2,AS,0,0,.,.,.,.,.,.,.,.,.,.,.,.,.,.,.,.,.,.,.,.,.,.,Heinrich,Dohna,,
Fall2021-2022(202210),10347,BIOL,291,7,UndergraduateTutorial,2,2,AS,0,0,.,.,.,.,.,.,.,.,.,.,.,.,.,.,.,.,.,.,.,.,.,.,Imad,Saoud,,
Fall2021-2022(202210),10348,BIOL,291,8,UndergraduateTutorial,2,2,AS,0,0,.,.,.,.,.,.,.,.,.,.,.,.,.,.,.,.,.,.,.,.,.,.,Khouzama,Knio,,
Fall2021-2022(202210),10349,BIOL,291,9,UndergraduateTutorial,2,2,AS,0,0,.,.,.,.,.,.,.,.,.,.,.,.,.,.,.,.,.,.,.,.,.,.,Michel,Bariche,,
Fall2021-2022(202210),10350,BIOL,291A,1,UndergraduateTutorial,2,2,AS,0,0,.,.,.,.,.,.,.,.,.,.,.,.,.,.,.,.,.,.,.,.,.,.,Zakaria,Kambris,,
Fall2021-2022(202210),10351,BIOL,291A,10,UndergraduateTutorial,2,2,AS,0,0,.,.,.,.,.,.,.,.,.,.,.,.,.,.,.,.,.,.,.,.,.,.,Mike,Osta,,
Fall2021-2022(202210),10352,BIOL,291A,11,UndergraduateTutorial,2,2,AS,0,0,.,.,.,.,.,.,.,.,.,.,.,.,.,.,.,.,.,.,.,.,.,.,Noel,Ghanem,,
Fall2021-2022(202210),10353,BIOL,291A,12,UndergraduateTutorial,2,2,AS,0,0,.,.,.,.,.,.,.,.,.,.,.,.,.,.,.,.,.,.,.,.,.,.,Rabih,Talhouk,,
Fall2021-2022(202210),10354,BIOL,291A,13,UndergraduateTutorial,2,2,AS,0,0,.,.,.,.,.,.,.,.,.,.,.,.,.,.,.,.,.,.,.,.,.,.,Riyad,Sadek,,
Fall2021-2022(202210),10355,BIOL,291A,14,UndergraduateTutorial,2,2,AS,0,0,.,.,.,.,.,.,.,.,.,.,.,.,.,.,.,.,.,.,.,.,.,.,Sawsan,Kuraydiyyah,,
Fall2021-2022(202210),10356,BIOL,291A,2,UndergraduateTutorial,2,2,AS,0,0,.,.,.,.,.,.,.,.,.,.,.,.,.,.,.,.,.,.,.,.,.,.,ColinAndrew,Smith,,
Fall2021-2022(202210),10357,BIOL,291A,3,UndergraduateTutorial,2,2,AS,0,0,.,.,.,.,.,.,.,.,.,.,.,.,.,.,.,.,.,.,.,.,.,.,Diana,Jaalouk,,
Fall2021-2022(202210),10358,BIOL,291A,4,UndergraduateTutorial,2,2,AS,0,0,.,.,.,.,.,.,.,.,.,.,.,.,.,.,.,.,.,.,.,.,.,.,Elias,Baydoun,,
Fall2021-2022(202210),10359,BIOL,291A,5,UndergraduateTutorial,2,2,AS,0,0,.,.,.,.,.,.,.,.,.,.,.,.,.,.,.,.,.,.,.,.,.,.,Hala,Muhtasib,,
Fall2021-2022(202210),10360,BIOL,291A,6,UndergraduateTutorial,2,2,AS,0,0,.,.,.,.,.,.,.,.,.,.,.,.,.,.,.,.,.,.,.,.,.,.,Heinrich,Dohna,,
Fall2021-2022(202210),10361,BIOL,291A,7,UndergraduateTutorial,2,2,AS,0,0,.,.,.,.,.,.,.,.,.,.,.,.,.,.,.,.,.,.,.,.,.,.,Imad,Saoud,,
Fall2021-2022(202210),10362,BIOL,291A,8,UndergraduateTutorial,2,2,AS,0,0,.,.,.,.,.,.,.,.,.,.,.,.,.,.,.,.,.,.,.,.,.,.,Khouzama,Knio,,
Fall2021-2022(202210),10363,BIOL,291A,9,UndergraduateTutorial,2,2,AS,0,0,.,.,.,.,.,.,.,.,.,.,.,.,.,.,.,.,.,.,.,.,.,.,Michel,Bariche,,
Fall2021-2022(202210),10364,BIOL,293,1,UndergraduateSeminar,1,1,AS,8,2,1300,1350,BIOL,002,M,.,.,.,.,.,.,.,.,.,.,.,.,.,.,.,.,.,Mike,Osta,,
Fall2021-2022(202210),10365,BIOL,293,2,UndergraduateSeminar,1,1,AS,10,0,1200,1250,BIOL,002,.,.,W,.,.,.,.,.,.,.,.,.,.,.,.,.,.,.,Zakaria,Kambris,,
Fall2021-2022(202210),10366,BIOL,293,3,UndergraduateSeminar,1,1,AS,0,0,.,.,.,.,.,.,.,.,.,.,.,.,.,.,.,.,.,.,.,.,.,.,.,STAFF,,
Fall2021-2022(202210),10367,BIOL,293,4,UndergraduateSeminar,1,1,AS,1,9,1230,1320,BIOL,113,.,T,.,.,.,.,.,.,.,.,.,.,.,.,.,.,.,.,Riyad,Sadek,,
Fall2021-2022(202210),10368,BIOL,310,B1,Biostatistics,0,0,AS,6,6,1000,1250,BIOL,113,.,.,.,.,F,.,.,.,.,.,.,.,.,.,.,.,.,.,Riyad,Sadek,10369,
Fall2021-2022(202210),10369,BIOL,310,L1,Biostatistics,3,3,AS,6,6,1000,1050,BIOL,002,M,.,W,.,.,.,.,.,.,.,.,.,.,.,.,.,.,.,Riyad,Sadek,10368,
Fall2021-2022(202210),10370,BIOL,330,1,MolecularGenetics,3,3,AS,7,5,0800,0915,BIOL,002,.,T,.,R,.,.,.,.,.,.,.,.,.,.,.,.,.,.,ColinAndrew,Smith,,
Fall2021-2022(202210),13169,BIOL,370,1,Bioinformatics,3,3,AS,7,3,0930,1045,BIOL,002,.,T,.,R,.,.,.,.,.,.,.,.,.,.,.,.,.,.,Heinrich,Dohna,,
Fall2021-2022(202210),10371,BIOL,390AC,1,Sp.Tp.Ichthyology,3,3,AS,0,0,.,.,.,.,.,.,.,.,.,.,.,.,.,.,.,.,.,.,.,.,.,.,.,STAFF,,
Fall2021-2022(202210),10372,BIOL,390J,1,Sp.Tp:Gr.CardiovascularResear,3,3,AS,1,6,1700,1815,BIOL,004,M,.,W,.,.,.,.,1816,1859,BIOL,004,M,.,W,.,.,.,.,Diana,Jaalouk,,
Fall2021-2022(202210),13119,BIOL,390R,1,Sp.Tp:inConservationBiology,3,3,AS,0,0,.,.,.,.,.,.,.,.,.,.,.,.,.,.,.,.,.,.,.,.,.,.,.,STAFF,,
Fall2021-2022(202210),10373,BIOL,390V,1,Sp.Tp.MarineBiology,3,3,AS,0,0,.,.,.,.,.,.,.,.,.,.,.,.,.,.,.,.,.,.,.,.,.,.,.,STAFF,,
Fall2021-2022(202210),10374,BIOL,390Z,1,Sp.Tp:Introd.toNeurobiology,3,3,AS,0,0,.,.,.,.,.,.,.,.,.,.,.,.,.,.,.,.,.,.,.,.,.,.,.,STAFF,,
Fall2021-2022(202210),10375,BIOL,391A,1,Tutorial,2,2,AS,1,0,.,.,.,.,.,.,.,.,.,.,.,.,.,.,.,.,.,.,.,.,.,.,Zakaria,Kambris,,
Fall2021-2022(202210),10376,BIOL,391A,10,Tutorial,2,2,AS,0,0,.,.,.,.,.,.,.,.,.,.,.,.,.,.,.,.,.,.,.,.,.,.,Mike,Osta,,
Fall2021-2022(202210),10377,BIOL,391A,11,Tutorial,2,2,AS,0,0,.,.,.,.,.,.,.,.,.,.,.,.,.,.,.,.,.,.,.,.,.,.,Noel,Ghanem,,
Fall2021-2022(202210),10378,BIOL,391A,12,Tutorial,2,2,AS,0,0,.,.,.,.,.,.,.,.,.,.,.,.,.,.,.,.,.,.,.,.,.,.,Rabih,Talhouk,,
Fall2021-2022(202210),10379,BIOL,391A,13,Tutorial,2,2,AS,0,0,.,.,.,.,.,.,.,.,.,.,.,.,.,.,.,.,.,.,.,.,.,.,Riyad,Sadek,,
Fall2021-2022(202210),10380,BIOL,391A,14,Tutorial,2,2,AS,0,0,.,.,.,.,.,.,.,.,.,.,.,.,.,.,.,.,.,.,.,.,.,.,Sawsan,Kuraydiyyah,,
Fall2021-2022(202210),10381,BIOL,391A,2,Tutorial,2,2,AS,0,0,.,.,.,.,.,.,.,.,.,.,.,.,.,.,.,.,.,.,.,.,.,.,ColinAndrew,Smith,,
Fall2021-2022(202210),10382,BIOL,391A,3,Tutorial,2,2,AS,1,0,.,.,.,.,.,.,.,.,.,.,.,.,.,.,.,.,.,.,.,.,.,.,Diana,Jaalouk,,
Fall2021-2022(202210),10383,BIOL,391A,4,Tutorial,2,2,AS,0,0,.,.,.,.,.,.,.,.,.,.,.,.,.,.,.,.,.,.,.,.,.,.,Elias,Baydoun,,
Fall2021-2022(202210),10384,BIOL,391A,5,Tutorial,2,2,AS,0,0,.,.,.,.,.,.,.,.,.,.,.,.,.,.,.,.,.,.,.,.,.,.,Hala,Muhtasib,,
Fall2021-2022(202210),10385,BIOL,391A,6,Tutorial,2,2,AS,0,0,.,.,.,.,.,.,.,.,.,.,.,.,.,.,.,.,.,.,.,.,.,.,Heinrich,Dohna,,
Fall2021-2022(202210),10386,BIOL,391A,7,Tutorial,2,2,AS,0,0,.,.,.,.,.,.,.,.,.,.,.,.,.,.,.,.,.,.,.,.,.,.,Imad,Saoud,,
Fall2021-2022(202210),10387,BIOL,391A,8,Tutorial,2,2,AS,0,0,.,.,.,.,.,.,.,.,.,.,.,.,.,.,.,.,.,.,.,.,.,.,Khouzama,Knio,,
Fall2021-2022(202210),10388,BIOL,391A,9,Tutorial,2,2,AS,0,0,.,.,.,.,.,.,.,.,.,.,.,.,.,.,.,.,.,.,.,.,.,.,Michel,Bariche,,
Fall2021-2022(202210),10389,BIOL,393,1,Seminar,1,1,AS,1,11,1300,1450,BIOL,004,M,.,.,.,.,.,.,.,.,.,.,.,.,.,.,.,.,.,ColinAndrew,Smith,,
Fall2021-2022(202210),10390,BIOL,395A,1,ComprehensiveExam,0,0,AS,6,-6,.,.,.,.,.,.,.,.,.,.,.,.,.,.,.,.,.,.,.,.,.,.,Khouzama,Knio,,
Fall2021-2022(202210),10391,BIOL,399,1,M.S.Thesis,9,7.28,AS,2,3,.,.,.,.,.,.,.,.,.,.,.,.,.,.,.,.,.,.,.,.,.,.,Michel,Bariche,,
Fall2021-2022(202210),10392,BIOL,399,10,M.S.Thesis,9,7.28,AS,0,5,.,.,.,.,.,.,.,.,.,.,.,.,.,.,.,.,.,.,.,.,.,.,Noel,Ghanem,,
Fall2021-2022(202210),10393,BIOL,399,11,M.S.Thesis,9,7.28,AS,0,5,.,.,.,.,.,.,.,.,.,.,.,.,.,.,.,.,.,.,.,.,.,.,Zakaria,Kambris,,
Fall2021-2022(202210),10394,BIOL,399,12,M.S.Thesis,9,7.28,AS,1,4,.,.,.,.,.,.,.,.,.,.,.,.,.,.,.,.,.,.,.,.,.,.,Heinrich,Dohna,,
Fall2021-2022(202210),10395,BIOL,399,13,M.S.Thesis,9,7.28,AS,1,4,.,.,.,.,.,.,.,.,.,.,.,.,.,.,.,.,.,.,.,.,.,.,Diana,Jaalouk,,
Fall2021-2022(202210),10396,BIOL,399,2,M.S.Thesis,9,7.28,AS,0,5,.,.,.,.,.,.,.,.,.,.,.,.,.,.,.,.,.,.,.,.,.,.,ColinAndrew,Smith,,
Fall2021-2022(202210),10397,BIOL,399,3,M.S.Thesis,9,7.28,AS,1,4,.,.,.,.,.,.,.,.,.,.,.,.,.,.,.,.,.,.,.,.,.,.,Rabih,Talhouk,,
Fall2021-2022(202210),10398,BIOL,399,4,M.S.Thesis,9,7.28,AS,0,5,.,.,.,.,.,.,.,.,.,.,.,.,.,.,.,.,.,.,.,.,.,.,Elias,Baydoun,,
Fall2021-2022(202210),10399,BIOL,399,5,M.S.Thesis,9,7.28,AS,0,5,.,.,.,.,.,.,.,.,.,.,.,.,.,.,.,.,.,.,.,.,.,.,Khouzama,Knio,,
Fall2021-2022(202210),10400,BIOL,399,6,M.S.Thesis,9,7.28,AS,0,5,.,.,.,.,.,.,.,.,.,.,.,.,.,.,.,.,.,.,.,.,.,.,Sawsan,Kuraydiyyah,,
Fall2021-2022(202210),10401,BIOL,399,7,M.S.Thesis,9,7.28,AS,0,5,.,.,.,.,.,.,.,.,.,.,.,.,.,.,.,.,.,.,.,.,.,.,Hala,Muhtasib,,
Fall2021-2022(202210),10402,BIOL,399,8,M.S.Thesis,9,7.28,AS,0,5,.,.,.,.,.,.,.,.,.,.,.,.,.,.,.,.,.,.,.,.,.,.,Mike,Osta,,
Fall2021-2022(202210),10403,BIOL,399,9,M.S.Thesis,9,7.28,AS,0,5,.,.,.,.,.,.,.,.,.,.,.,.,.,.,.,.,.,.,.,.,.,.,Imad,Saoud,,
Fall2021-2022(202210),10404,BIOL,399A,1,M.S.Thesis,9,0,AS,0,5,.,.,.,.,.,.,.,.,.,.,.,.,.,.,.,.,.,.,.,.,.,.,Zakaria,Kambris,,
Fall2021-2022(202210),10405,BIOL,399A,10,M.S.Thesis,9,0,AS,0,5,.,.,.,.,.,.,.,.,.,.,.,.,.,.,.,.,.,.,.,.,.,.,Khouzama,Knio,,
Fall2021-2022(202210),10406,BIOL,399A,11,M.S.Thesis,9,0,AS,0,5,.,.,.,.,.,.,.,.,.,.,.,.,.,.,.,.,.,.,.,.,.,.,Sawsan,Kuraydiyyah,,
Fall2021-2022(202210),10407,BIOL,399A,12,M.S.Thesis,9,0,AS,0,5,.,.,.,.,.,.,.,.,.,.,.,.,.,.,.,.,.,.,.,.,.,.,Hala,Muhtasib,,
Fall2021-2022(202210),10408,BIOL,399A,13,M.S.Thesis,9,0,AS,0,5,.,.,.,.,.,.,.,.,.,.,.,.,.,.,.,.,.,.,.,.,.,.,Imad,Saoud,,
Fall2021-2022(202210),10409,BIOL,399A,2,M.S.Thesis,9,0,AS,0,5,.,.,.,.,.,.,.,.,.,.,.,.,.,.,.,.,.,.,.,.,.,.,ColinAndrew,Smith,,
Fall2021-2022(202210),10410,BIOL,399A,3,M.S.Thesis,9,0,AS,0,5,.,.,.,.,.,.,.,.,.,.,.,.,.,.,.,.,.,.,.,.,.,.,Rabih,Talhouk,,
Fall2021-2022(202210),10411,BIOL,399A,4,M.S.Thesis,9,0,AS,1,4,.,.,.,.,.,.,.,.,.,.,.,.,.,.,.,.,.,.,.,.,.,.,Mike,Osta,,
Fall2021-2022(202210),10412,BIOL,399A,5,M.S.Thesis,9,0,AS,0,5,.,.,.,.,.,.,.,.,.,.,.,.,.,.,.,.,.,.,.,.,.,.,Michel,Bariche,,
Fall2021-2022(202210),10413,BIOL,399A,6,M.S.Thesis,9,0,AS,0,5,.,.,.,.,.,.,.,.,.,.,.,.,.,.,.,.,.,.,.,.,.,.,Noel,Ghanem,,
Fall2021-2022(202210),10414,BIOL,399A,7,M.S.Thesis,9,0,AS,0,5,.,.,.,.,.,.,.,.,.,.,.,.,.,.,.,.,.,.,.,.,.,.,Heinrich,Dohna,,
Fall2021-2022(202210),10415,BIOL,399A,8,M.S.Thesis,9,0,AS,0,5,.,.,.,.,.,.,.,.,.,.,.,.,.,.,.,.,.,.,.,.,.,.,Diana,Jaalouk,,
Fall2021-2022(202210),10416,BIOL,399A,9,M.S.Thesis,9,0,AS,0,5,.,.,.,.,.,.,.,.,.,.,.,.,.,.,.,.,.,.,.,.,.,.,Elias,Baydoun,,
Fall2021-2022(202210),10417,BIOL,399B,1,M.S.Thesis,9,0,AS,0,5,.,.,.,.,.,.,.,.,.,.,.,.,.,.,.,.,.,.,.,.,.,.,Elias,Baydoun,,
Fall2021-2022(202210),10418,BIOL,399B,10,M.S.Thesis,9,0,AS,0,5,.,.,.,.,.,.,.,.,.,.,.,.,.,.,.,.,.,.,.,.,.,.,Sawsan,Kuraydiyyah,,
Fall2021-2022(202210),10419,BIOL,399B,11,M.S.Thesis,9,0,AS,0,5,.,.,.,.,.,.,.,.,.,.,.,.,.,.,.,.,.,.,.,.,.,.,Hala,Muhtasib,,
Fall2021-2022(202210),10420,BIOL,399B,12,M.S.Thesis,9,0,AS,0,5,.,.,.,.,.,.,.,.,.,.,.,.,.,.,.,.,.,.,.,.,.,.,Mike,Osta,,
Fall2021-2022(202210),10421,BIOL,399B,13,M.S.Thesis,9,0,AS,0,5,.,.,.,.,.,.,.,.,.,.,.,.,.,.,.,.,.,.,.,.,.,.,Imad,Saoud,,
Fall2021-2022(202210),10422,BIOL,399B,2,M.S.Thesis,9,0,AS,0,5,.,.,.,.,.,.,.,.,.,.,.,.,.,.,.,.,.,.,.,.,.,.,Noel,Ghanem,,
Fall2021-2022(202210),10423,BIOL,399B,3,M.S.Thesis,9,0,AS,0,5,.,.,.,.,.,.,.,.,.,.,.,.,.,.,.,.,.,.,.,.,.,.,Michel,Bariche,,
Fall2021-2022(202210),10424,BIOL,399B,4,M.S.Thesis,9,0,AS,0,5,.,.,.,.,.,.,.,.,.,.,.,.,.,.,.,.,.,.,.,.,.,.,Zakaria,Kambris,,
Fall2021-2022(202210),10425,BIOL,399B,5,M.S.Thesis,9,0,AS,0,5,.,.,.,.,.,.,.,.,.,.,.,.,.,.,.,.,.,.,.,.,.,.,Heinrich,Dohna,,
Fall2021-2022(202210),10426,BIOL,399B,6,M.S.Thesis,9,0,AS,0,5,.,.,.,.,.,.,.,.,.,.,.,.,.,.,.,.,.,.,.,.,.,.,Diana,Jaalouk,,
Fall2021-2022(202210),10427,BIOL,399B,7,M.S.Thesis,9,0,AS,0,5,.,.,.,.,.,.,.,.,.,.,.,.,.,.,.,.,.,.,.,.,.,.,ColinAndrew,Smith,,
Fall2021-2022(202210),10428,BIOL,399B,8,M.S.Thesis,9,0,AS,0,5,.,.,.,.,.,.,.,.,.,.,.,.,.,.,.,.,.,.,.,.,.,.,Rabih,Talhouk,,
Fall2021-2022(202210),10429,BIOL,399B,9,M.S.Thesis,9,0,AS,0,5,.,.,.,.,.,.,.,.,.,.,.,.,.,.,.,.,.,.,.,.,.,.,Khouzama,Knio,,
Fall2021-2022(202210),10430,BIOL,399C,1,M.S.Thesis,9,0,AS,0,5,.,.,.,.,.,.,.,.,.,.,.,.,.,.,.,.,.,.,.,.,.,.,Sawsan,Kuraydiyyah,,
Fall2021-2022(202210),10431,BIOL,399C,10,M.S.Thesis,9,0,AS,0,5,.,.,.,.,.,.,.,.,.,.,.,.,.,.,.,.,.,.,.,.,.,.,Khouzama,Knio,,
Fall2021-2022(202210),10432,BIOL,399C,11,M.S.Thesis,9,0,AS,0,5,.,.,.,.,.,.,.,.,.,.,.,.,.,.,.,.,.,.,.,.,.,.,Hala,Muhtasib,,
Fall2021-2022(202210),10433,BIOL,399C,12,M.S.Thesis,9,0,AS,0,5,.,.,.,.,.,.,.,.,.,.,.,.,.,.,.,.,.,.,.,.,.,.,Mike,Osta,,
Fall2021-2022(202210),10434,BIOL,399C,13,M.S.Thesis,9,0,AS,0,5,.,.,.,.,.,.,.,.,.,.,.,.,.,.,.,.,.,.,.,.,.,.,Imad,Saoud,,
Fall2021-2022(202210),10435,BIOL,399C,2,M.S.Thesis,9,0,AS,1,4,.,.,.,.,.,.,.,.,.,.,.,.,.,.,.,.,.,.,.,.,.,.,Michel,Bariche,,
Fall2021-2022(202210),10436,BIOL,399C,3,M.S.Thesis,9,0,AS,1,4,.,.,.,.,.,.,.,.,.,.,.,.,.,.,.,.,.,.,.,.,.,.,Noel,Ghanem,,
Fall2021-2022(202210),10437,BIOL,399C,4,M.S.Thesis,9,0,AS,0,5,.,.,.,.,.,.,.,.,.,.,.,.,.,.,.,.,.,.,.,.,.,.,Zakaria,Kambris,,
Fall2021-2022(202210),10438,BIOL,399C,5,M.S.Thesis,9,0,AS,0,5,.,.,.,.,.,.,.,.,.,.,.,.,.,.,.,.,.,.,.,.,.,.,Heinrich,Dohna,,
Fall2021-2022(202210),10439,BIOL,399C,6,M.S.Thesis,9,0,AS,0,5,.,.,.,.,.,.,.,.,.,.,.,.,.,.,.,.,.,.,.,.,.,.,Diana,Jaalouk,,
Fall2021-2022(202210),10440,BIOL,399C,7,M.S.Thesis,9,0,AS,0,5,.,.,.,.,.,.,.,.,.,.,.,.,.,.,.,.,.,.,.,.,.,.,ColinAndrew,Smith,,
Fall2021-2022(202210),10441,BIOL,399C,8,M.S.Thesis,9,0,AS,0,5,.,.,.,.,.,.,.,.,.,.,.,.,.,.,.,.,.,.,.,.,.,.,Rabih,Talhouk,,
Fall2021-2022(202210),10442,BIOL,399C,9,M.S.Thesis,9,0,AS,0,5,.,.,.,.,.,.,.,.,.,.,.,.,.,.,.,.,.,.,.,.,.,.,Elias,Baydoun,,
Fall2021-2022(202210),10443,BIOL,480,1,QualifyingExamI:Compr.Exam,0,0,AS,2,3,.,.,.,.,.,.,.,.,.,.,.,.,.,.,.,.,.,.,.,.,.,.,Khouzama,Knio,,
Fall2021-2022(202210),10444,BIOL,481,1,Qual.ExamII:Def.ThesisProp,0,0,AS,0,5,.,.,.,.,.,.,.,.,.,.,.,.,.,.,.,.,.,.,.,.,.,.,Khouzama,Knio,,
Fall2021-2022(202210),10445,BIOL,484,1,PhDThesis,30,30,AS,0,5,.,.,.,.,.,.,.,.,.,.,.,.,.,.,.,.,.,.,.,.,.,.,Zakaria,Kambris,,
Fall2021-2022(202210),10446,BIOL,484,10,PhDThesis,30,30,AS,0,5,.,.,.,.,.,.,.,.,.,.,.,.,.,.,.,.,.,.,.,.,.,.,Imad,Saoud,,
Fall2021-2022(202210),10447,BIOL,484,2,PhDThesis,30,30,AS,0,5,.,.,.,.,.,.,.,.,.,.,.,.,.,.,.,.,.,.,.,.,.,.,Diana,Jaalouk,,
Fall2021-2022(202210),10448,BIOL,484,3,PhDThesis,30,30,AS,0,5,.,.,.,.,.,.,.,.,.,.,.,.,.,.,.,.,.,.,.,.,.,.,Elias,Baydoun,,
Fall2021-2022(202210),10449,BIOL,484,4,PhDThesis,30,30,AS,0,5,.,.,.,.,.,.,.,.,.,.,.,.,.,.,.,.,.,.,.,.,.,.,Sawsan,Kuraydiyyah,,
Fall2021-2022(202210),10450,BIOL,484,5,PhDThesis,30,30,AS,0,5,.,.,.,.,.,.,.,.,.,.,.,.,.,.,.,.,.,.,.,.,.,.,Hala,Muhtasib,,
Fall2021-2022(202210),10451,BIOL,484,6,PhDThesis,30,30,AS,0,5,.,.,.,.,.,.,.,.,.,.,.,.,.,.,.,.,.,.,.,.,.,.,Rabih,Talhouk,,
Fall2021-2022(202210),10452,BIOL,484,7,PhDThesis,30,30,AS,0,5,.,.,.,.,.,.,.,.,.,.,.,.,.,.,.,.,.,.,.,.,.,.,Noel,Ghanem,,
Fall2021-2022(202210),10453,BIOL,484,8,PhDThesis,30,30,AS,0,5,.,.,.,.,.,.,.,.,.,.,.,.,.,.,.,.,.,.,.,.,.,.,ColinAndrew,Smith,,
Fall2021-2022(202210),10454,BIOL,484,9,PhDThesis,30,30,AS,0,5,.,.,.,.,.,.,.,.,.,.,.,.,.,.,.,.,.,.,.,.,.,.,Mike,Osta,,
Fall2021-2022(202210),10455,BIOL,484A,1,PH.DThesis,0,0,AS,0,5,.,.,.,.,.,.,.,.,.,.,.,.,.,.,.,.,.,.,.,.,.,.,Elias,Baydoun,,
Fall2021-2022(202210),10456,BIOL,484A,10,PH.DThesis,0,0,AS,0,5,.,.,.,.,.,.,.,.,.,.,.,.,.,.,.,.,.,.,.,.,.,.,Imad,Saoud,,
Fall2021-2022(202210),10457,BIOL,484A,2,PH.DThesis,0,0,AS,0,5,.,.,.,.,.,.,.,.,.,.,.,.,.,.,.,.,.,.,.,.,.,.,Noel,Ghanem,,
Fall2021-2022(202210),10458,BIOL,484A,3,PH.DThesis,0,0,AS,0,5,.,.,.,.,.,.,.,.,.,.,.,.,.,.,.,.,.,.,.,.,.,.,Diana,Jaalouk,,
Fall2021-2022(202210),10459,BIOL,484A,4,PH.DThesis,0,0,AS,0,5,.,.,.,.,.,.,.,.,.,.,.,.,.,.,.,.,.,.,.,.,.,.,Zakaria,Kambris,,
Fall2021-2022(202210),10460,BIOL,484A,5,PH.DThesis,0,0,AS,1,4,.,.,.,.,.,.,.,.,.,.,.,.,.,.,.,.,.,.,.,.,.,.,Sawsan,Kuraydiyyah,,
Fall2021-2022(202210),10461,BIOL,484A,6,PH.DThesis,0,0,AS,0,5,.,.,.,.,.,.,.,.,.,.,.,.,.,.,.,.,.,.,.,.,.,.,Hala,Muhtasib,,
Fall2021-2022(202210),10462,BIOL,484A,7,PH.DThesis,0,0,AS,1,4,.,.,.,.,.,.,.,.,.,.,.,.,.,.,.,.,.,.,.,.,.,.,Mike,Osta,,
Fall2021-2022(202210),10463,BIOL,484A,8,PH.DThesis,0,0,AS,0,5,.,.,.,.,.,.,.,.,.,.,.,.,.,.,.,.,.,.,.,.,.,.,ColinAndrew,Smith,,
Fall2021-2022(202210),10464,BIOL,484A,9,PH.DThesis,0,0,AS,0,5,.,.,.,.,.,.,.,.,.,.,.,.,.,.,.,.,.,.,.,.,.,.,Rabih,Talhouk,,
Fall2021-2022(202210),10465,BIOL,484B,1,PhDThesis,30,0,AS,0,5,.,.,.,.,.,.,.,.,.,.,.,.,.,.,.,.,.,.,.,.,.,.,Mike,Osta,,
Fall2021-2022(202210),10466,BIOL,484B,10,PhDThesis,30,0,AS,0,5,.,.,.,.,.,.,.,.,.,.,.,.,.,.,.,.,.,.,.,.,.,.,Imad,Saoud,,
Fall2021-2022(202210),10467,BIOL,484B,2,PhDThesis,30,0,AS,0,5,.,.,.,.,.,.,.,.,.,.,.,.,.,.,.,.,.,.,.,.,.,.,Rabih,Talhouk,,
Fall2021-2022(202210),10468,BIOL,484B,3,PhDThesis,30,0,AS,0,5,.,.,.,.,.,.,.,.,.,.,.,.,.,.,.,.,.,.,.,.,.,.,ColinAndrew,Smith,,
Fall2021-2022(202210),10469,BIOL,484B,4,PhDThesis,30,0,AS,2,3,.,.,.,.,.,.,.,.,.,.,.,.,.,.,.,.,.,.,.,.,.,.,Hala,Muhtasib,,
Fall2021-2022(202210),10470,BIOL,484B,5,PhDThesis,30,0,AS,0,5,.,.,.,.,.,.,.,.,.,.,.,.,.,.,.,.,.,.,.,.,.,.,Sawsan,Kuraydiyyah,,
Fall2021-2022(202210),10471,BIOL,484B,6,PhDThesis,30,0,AS,0,5,.,.,.,.,.,.,.,.,.,.,.,.,.,.,.,.,.,.,.,.,.,.,Zakaria,Kambris,,
Fall2021-2022(202210),10472,BIOL,484B,7,PhDThesis,30,0,AS,0,5,.,.,.,.,.,.,.,.,.,.,.,.,.,.,.,.,.,.,.,.,.,.,Diana,Jaalouk,,
Fall2021-2022(202210),10473,BIOL,484B,8,PhDThesis,30,0,AS,0,5,.,.,.,.,.,.,.,.,.,.,.,.,.,.,.,.,.,.,.,.,.,.,Noel,Ghanem,,
Fall2021-2022(202210),10474,BIOL,484B,9,PhDThesis,30,0,AS,0,5,.,.,.,.,.,.,.,.,.,.,.,.,.,.,.,.,.,.,.,.,.,.,Elias,Baydoun,,
Fall2021-2022(202210),10475,BIOL,484C,1,PhDThesis,30,0,AS,0,5,.,.,.,.,.,.,.,.,.,.,.,.,.,.,.,.,.,.,.,.,.,.,Elias,Baydoun,,
Fall2021-2022(202210),10476,BIOL,484C,10,PhDThesis,30,0,AS,0,5,.,.,.,.,.,.,.,.,.,.,.,.,.,.,.,.,.,.,.,.,.,.,Imad,Saoud,,
Fall2021-2022(202210),10477,BIOL,484C,2,PhDThesis,30,0,AS,1,4,.,.,.,.,.,.,.,.,.,.,.,.,.,.,.,.,.,.,.,.,.,.,Noel,Ghanem,,
Fall2021-2022(202210),10478,BIOL,484C,3,PhDThesis,30,0,AS,0,5,.,.,.,.,.,.,.,.,.,.,.,.,.,.,.,.,.,.,.,.,.,.,Diana,Jaalouk,,
Fall2021-2022(202210),10479,BIOL,484C,4,PhDThesis,30,0,AS,0,5,.,.,.,.,.,.,.,.,.,.,.,.,.,.,.,.,.,.,.,.,.,.,Zakaria,Kambris,,
Fall2021-2022(202210),10480,BIOL,484C,5,PhDThesis,30,0,AS,0,5,.,.,.,.,.,.,.,.,.,.,.,.,.,.,.,.,.,.,.,.,.,.,Sawsan,Kuraydiyyah,,
Fall2021-2022(202210),10481,BIOL,484C,6,PhDThesis,30,0,AS,0,5,.,.,.,.,.,.,.,.,.,.,.,.,.,.,.,.,.,.,.,.,.,.,Hala,Muhtasib,,
Fall2021-2022(202210),10482,BIOL,484C,7,PhDThesis,30,0,AS,0,5,.,.,.,.,.,.,.,.,.,.,.,.,.,.,.,.,.,.,.,.,.,.,Mike,Osta,,
Fall2021-2022(202210),10483,BIOL,484C,8,PhDThesis,30,0,AS,0,5,.,.,.,.,.,.,.,.,.,.,.,.,.,.,.,.,.,.,.,.,.,.,Rabih,Talhouk,,
Fall2021-2022(202210),10484,BIOL,484C,9,PhDThesis,30,0,AS,0,5,.,.,.,.,.,.,.,.,.,.,.,.,.,.,.,.,.,.,.,.,.,.,ColinAndrew,Smith,,
Fall2021-2022(202210),10485,BIOL,484D,1,Ph.DThesis,30,0,AS,0,5,.,.,.,.,.,.,.,.,.,.,.,.,.,.,.,.,.,.,.,.,.,.,Elias,Baydoun,,
Fall2021-2022(202210),10486,BIOL,484D,10,Ph.DThesis,30,0,AS,0,5,.,.,.,.,.,.,.,.,.,.,.,.,.,.,.,.,.,.,.,.,.,.,Imad,Saoud,,
Fall2021-2022(202210),10487,BIOL,484D,2,Ph.DThesis,30,0,AS,0,5,.,.,.,.,.,.,.,.,.,.,.,.,.,.,.,.,.,.,.,.,.,.,Noel,Ghanem,,
Fall2021-2022(202210),10488,BIOL,484D,3,Ph.DThesis,30,0,AS,0,5,.,.,.,.,.,.,.,.,.,.,.,.,.,.,.,.,.,.,.,.,.,.,Diana,Jaalouk,,
Fall2021-2022(202210),10489,BIOL,484D,4,Ph.DThesis,30,0,AS,0,5,.,.,.,.,.,.,.,.,.,.,.,.,.,.,.,.,.,.,.,.,.,.,Zakaria,Kambris,,
Fall2021-2022(202210),10490,BIOL,484D,5,Ph.DThesis,30,0,AS,0,5,.,.,.,.,.,.,.,.,.,.,.,.,.,.,.,.,.,.,.,.,.,.,Sawsan,Kuraydiyyah,,
Fall2021-2022(202210),10491,BIOL,484D,6,Ph.DThesis,30,0,AS,0,5,.,.,.,.,.,.,.,.,.,.,.,.,.,.,.,.,.,.,.,.,.,.,Hala,Muhtasib,,
Fall2021-2022(202210),10492,BIOL,484D,7,Ph.DThesis,30,0,AS,0,5,.,.,.,.,.,.,.,.,.,.,.,.,.,.,.,.,.,.,.,.,.,.,Mike,Osta,,
Fall2021-2022(202210),10493,BIOL,484D,8,Ph.DThesis,30,0,AS,0,5,.,.,.,.,.,.,.,.,.,.,.,.,.,.,.,.,.,.,.,.,.,.,Rabih,Talhouk,,
Fall2021-2022(202210),10494,BIOL,484D,9,Ph.DThesis,30,0,AS,0,5,.,.,.,.,.,.,.,.,.,.,.,.,.,.,.,.,.,.,.,.,.,.,ColinAndrew,Smith,,
Fall2021-2022(202210),10495,BIOL,484E,1,PhDthesis,30,0,AS,0,5,.,.,.,.,.,.,.,.,.,.,.,.,.,.,.,.,.,.,.,.,.,.,Rabih,Talhouk,,
Fall2021-2022(202210),10496,BIOL,484E,10,PhDthesis,30,0,AS,0,5,.,.,.,.,.,.,.,.,.,.,.,.,.,.,.,.,.,.,.,.,.,.,Imad,Saoud,,
Fall2021-2022(202210),10497,BIOL,484E,2,PhDthesis,30,0,AS,0,5,.,.,.,.,.,.,.,.,.,.,.,.,.,.,.,.,.,.,.,.,.,.,ColinAndrew,Smith,,
Fall2021-2022(202210),10498,BIOL,484E,3,PhDthesis,30,0,AS,0,5,.,.,.,.,.,.,.,.,.,.,.,.,.,.,.,.,.,.,.,.,.,.,Mike,Osta,,
Fall2021-2022(202210),10499,BIOL,484E,4,PhDthesis,30,0,AS,0,5,.,.,.,.,.,.,.,.,.,.,.,.,.,.,.,.,.,.,.,.,.,.,Hala,Muhtasib,,
Fall2021-2022(202210),10500,BIOL,484E,5,PhDthesis,30,0,AS,0,5,.,.,.,.,.,.,.,.,.,.,.,.,.,.,.,.,.,.,.,.,.,.,Sawsan,Kuraydiyyah,,
Fall2021-2022(202210),10501,BIOL,484E,6,PhDthesis,30,0,AS,0,5,.,.,.,.,.,.,.,.,.,.,.,.,.,.,.,.,.,.,.,.,.,.,Zakaria,Kambris,,
Fall2021-2022(202210),10502,BIOL,484E,7,PhDthesis,30,0,AS,0,5,.,.,.,.,.,.,.,.,.,.,.,.,.,.,.,.,.,.,.,.,.,.,Diana,Jaalouk,,
Fall2021-2022(202210),10503,BIOL,484E,8,PhDthesis,30,0,AS,0,5,.,.,.,.,.,.,.,.,.,.,.,.,.,.,.,.,.,.,.,.,.,.,Noel,Ghanem,,
Fall2021-2022(202210),10504,BIOL,484E,9,PhDthesis,30,0,AS,0,5,.,.,.,.,.,.,.,.,.,.,.,.,.,.,.,.,.,.,.,.,.,.,Elias,Baydoun,,
Fall2021-2022(202210),10505,BIOL,484F,1,PhDthesis,30,0,AS,0,5,.,.,.,.,.,.,.,.,.,.,.,.,.,.,.,.,.,.,.,.,.,.,Rabih,Talhouk,,
Fall2021-2022(202210),10506,BIOL,484F,10,PhDthesis,30,0,AS,0,5,.,.,.,.,.,.,.,.,.,.,.,.,.,.,.,.,.,.,.,.,.,.,Imad,Saoud,,
Fall2021-2022(202210),10507,BIOL,484F,2,PhDthesis,30,0,AS,0,5,.,.,.,.,.,.,.,.,.,.,.,.,.,.,.,.,.,.,.,.,.,.,Noel,Ghanem,,
Fall2021-2022(202210),10508,BIOL,484F,3,PhDthesis,30,0,AS,0,5,.,.,.,.,.,.,.,.,.,.,.,.,.,.,.,.,.,.,.,.,.,.,Diana,Jaalouk,,
Fall2021-2022(202210),10509,BIOL,484F,4,PhDthesis,30,0,AS,0,5,.,.,.,.,.,.,.,.,.,.,.,.,.,.,.,.,.,.,.,.,.,.,Zakaria,Kambris,,
Fall2021-2022(202210),10510,BIOL,484F,5,PhDthesis,30,0,AS,0,5,.,.,.,.,.,.,.,.,.,.,.,.,.,.,.,.,.,.,.,.,.,.,Elias,Baydoun,,
Fall2021-2022(202210),10511,BIOL,484F,6,PhDthesis,30,0,AS,0,5,.,.,.,.,.,.,.,.,.,.,.,.,.,.,.,.,.,.,.,.,.,.,Sawsan,Kuraydiyyah,,
Fall2021-2022(202210),10512,BIOL,484F,7,PhDthesis,30,0,AS,0,5,.,.,.,.,.,.,.,.,.,.,.,.,.,.,.,.,.,.,.,.,.,.,Hala,Muhtasib,,
Fall2021-2022(202210),10513,BIOL,484F,8,PhDthesis,30,0,AS,0,5,.,.,.,.,.,.,.,.,.,.,.,.,.,.,.,.,.,.,.,.,.,.,Mike,Osta,,
Fall2021-2022(202210),10514,BIOL,484F,9,PhDthesis,30,0,AS,0,5,.,.,.,.,.,.,.,.,.,.,.,.,.,.,.,.,.,.,.,.,.,.,ColinAndrew,Smith,,
Fall2021-2022(202210),10515,BIOL,491,1,Tutorial,3,3,AS,0,0,.,.,.,.,.,.,.,.,.,.,.,.,.,.,.,.,.,.,.,.,.,.,Elias,Baydoun,,
Fall2021-2022(202210),10516,BIOL,491,10,Tutorial,3,3,AS,0,0,.,.,.,.,.,.,.,.,.,.,.,.,.,.,.,.,.,.,.,.,.,.,Imad,Saoud,,
Fall2021-2022(202210),10517,BIOL,491,2,Tutorial,3,3,AS,0,0,.,.,.,.,.,.,.,.,.,.,.,.,.,.,.,.,.,.,.,.,.,.,Noel,Ghanem,,
Fall2021-2022(202210),10518,BIOL,491,3,Tutorial,3,3,AS,0,0,.,.,.,.,.,.,.,.,.,.,.,.,.,.,.,.,.,.,.,.,.,.,Diana,Jaalouk,,
Fall2021-2022(202210),10519,BIOL,491,4,Tutorial,3,3,AS,0,0,.,.,.,.,.,.,.,.,.,.,.,.,.,.,.,.,.,.,.,.,.,.,Zakaria,Kambris,,
Fall2021-2022(202210),10520,BIOL,491,5,Tutorial,3,3,AS,0,0,.,.,.,.,.,.,.,.,.,.,.,.,.,.,.,.,.,.,.,.,.,.,Sawsan,Kuraydiyyah,,
Fall2021-2022(202210),10521,BIOL,491,6,Tutorial,3,3,AS,0,0,.,.,.,.,.,.,.,.,.,.,.,.,.,.,.,.,.,.,.,.,.,.,Hala,Muhtasib,,
Fall2021-2022(202210),10522,BIOL,491,7,Tutorial,3,3,AS,0,0,.,.,.,.,.,.,.,.,.,.,.,.,.,.,.,.,.,.,.,.,.,.,Mike,Osta,,
Fall2021-2022(202210),10523,BIOL,491,8,Tutorial,3,3,AS,0,0,.,.,.,.,.,.,.,.,.,.,.,.,.,.,.,.,.,.,.,.,.,.,Rabih,Talhouk,,
Fall2021-2022(202210),10524,BIOL,491,9,Tutorial,3,3,AS,0,0,.,.,.,.,.,.,.,.,.,.,.,.,.,.,.,.,.,.,.,.,.,.,ColinAndrew,Smith,,
Fall2021-2022(202210),10525,BIOL,493,1,CMBLSeminar,1,1,AS,2,3,1300,1450,BIOL,004,M,.,.,.,.,.,.,.,.,.,.,.,.,.,.,.,.,.,ColinAndrew,Smith,,
Fall2021-2022(202210),10526,BIOL,493A,1,CMBLSeminar,0,0,AS,10,10,1300,1450,BIOL,004,M,.,.,.,.,.,.,.,.,.,.,.,.,.,.,.,.,.,ColinAndrew,Smith,,
Fall2021-2022(202210),10527,BIOL,494,1,CMBLLaboratoryRotation,3,3,AS,0,5,.,.,.,.,.,.,.,.,.,.,.,.,.,.,.,.,.,.,.,.,.,.,Khouzama,Knio,,
Fall2021-2022(202210),10528,BIOM,315,0,Seminar,0,0,FM,8,2,.,.,.,.,.,.,.,.,.,.,.,.,.,.,.,.,.,.,.,.,.,.,Nadine,Darwiche,,Online
Fall2021-2022(202210),13265,BIOM,385,0,ResearchEthics,1,1,FM,1,14,.,.,.,.,.,.,.,.,.,.,.,.,.,.,.,.,.,.,.,.,.,.,Thalia,Arawi,,
Fall2021-2022(202210),10529,BIOM,398,0,Sp.Proj.inBiomedicalSciences,3,3,FM,3,-2,.,.,.,.,.,.,.,.,.,.,.,.,.,.,.,.,.,.,.,.,.,.,Ali,Nabbouh,,Online
Fall2021-2022(202210),10530,BIOM,480,0,QualifyingExamI:Compreh.Exam,0,0,FM,1,9,.,.,.,.,.,.,.,.,.,.,.,.,.,.,.,.,.,.,.,.,.,.,Nadine,Darwiche,,Online
Fall2021-2022(202210),13255,BIOM,481,0,QualifyingExamII:Def.Thes.Pr,0,0,FM,2,3,.,.,.,.,.,.,.,.,.,.,.,.,.,.,.,.,.,.,.,.,.,.,Nadine,Darwiche,,
Fall2021-2022(202210),10531,BIOM,482,0,PhDThesis,24,24,FM,7,-2,.,.,.,.,.,.,.,.,.,.,.,.,.,.,.,.,.,.,.,.,.,.,Nadine,Darwiche,,Online
Fall2021-2022(202210),10532,BIOM,482A,0,PhD.Thesis,24,0,FM,1,4,.,.,.,.,.,.,.,.,.,.,.,.,.,.,.,.,.,.,.,.,.,.,Nadine,Darwiche,,Online
Fall2021-2022(202210),10533,BIOM,482B,0,PhDThesis,24,0,FM,1,9,.,.,.,.,.,.,.,.,.,.,.,.,.,.,.,.,.,.,.,.,.,.,Nadine,Darwiche,,Online
Fall2021-2022(202210),10534,BIOM,482C,0,PhDThesis,24,0,FM,0,10,.,.,.,.,.,.,.,.,.,.,.,.,.,.,.,.,.,.,.,.,.,.,Nadine,Darwiche,,Online
Fall2021-2022(202210),13159,BIOM,482E,0,PhD.Thesis,24,1,FM,1,4,.,.,.,.,.,.,.,.,.,.,.,.,.,.,.,.,.,.,.,.,.,.,Nadine,Darwiche,,
Fall2021-2022(202210),10535,BIOM,491,0,PhDLaboratoryRotations,1,1,FM,3,22,.,.,.,.,.,.,.,.,.,.,.,.,.,.,.,.,.,.,.,.,.,.,Nadine,Darwiche,,Online
Fall2021-2022(202210),10536,BMEN,501,1,BioengineeringDesignFundamen,3,3,EM,11,34,1230,1345,MAMC,207,.,T,.,R,.,.,.,.,.,.,.,.,.,.,.,.,.,.,Massoud,Khraiche,,
Fall2021-2022(202210),10537,BMEN,600,1,BiomedicalEng.Applications,3,3,EM,23,7,1400,1515,IOEC,224C,M,.,W,.,.,.,.,.,.,.,.,.,.,.,.,.,.,.,Jason,Amatoury,,
Fall2021-2022(202210),10538,BMEN,604,1,Eng'gofDrugDeliverySystems,3,3,EM,2,13,1530,1645,BECHTA,202,.,T,.,R,.,.,.,.,.,.,.,.,.,.,.,.,.,.,Rami,Mhanna,,
Fall2021-2022(202210),13122,BMEN,604,2,Eng'gofDrugDeliverySystems,3,3,EM,3,12,1530,1645,MAMC,207,M,.,W,.,.,.,.,.,.,.,.,.,.,.,.,.,.,.,Rami,Mhanna,,
Fall2021-2022(202210),10539,BMEN,605,1,BiomedicalImaging,3,3,EM,11,19,1400,1515,IOEC,224C,.,T,.,R,.,.,.,.,.,.,.,.,.,.,.,.,.,.,Jason,Amatoury,,
Fall2021-2022(202210),10540,BMEN,610,1,Micro&NanoNeuralInterfaces,3,3,EM,6,24,1711,1825,BECHTA,107,.,T,.,R,.,.,.,.,.,.,.,.,.,.,.,.,.,.,Massoud,Khraiche,,
Fall2021-2022(202210),10541,BMEN,671,1,PhDLabRotation,1,1,EM,0,0,.,.,.,.,.,.,.,.,.,.,.,.,.,.,.,.,.,.,.,.,.,.,Rami,Mhanna,,
Fall2021-2022(202210),13124,BMEN,796,1,MLtoPredictHeartFailure,3,3,EA,1,0,.,.,.,.,.,.,.,.,.,.,.,.,.,.,.,.,.,.,.,.,.,.,Imad,Elhajj,,
Fall2021-2022(202210),10542,BMEN,799,1,MSThesis,6,7.14,EM,7,0,.,.,.,.,.,.,.,.,.,.,.,.,.,.,.,.,.,.,.,.,.,.,Rami,Mhanna,,
Fall2021-2022(202210),10543,BMEN,799A,1,MSThesis,6,0,EM,5,0,.,.,.,.,.,.,.,.,.,.,.,.,.,.,.,.,.,.,.,.,.,.,Rami,Mhanna,,
Fall2021-2022(202210),10544,BMEN,799B,1,MSThesis,6,0,EM,1,0,.,.,.,.,.,.,.,.,.,.,.,.,.,.,.,.,.,.,.,.,.,.,Rami,Mhanna,,
Fall2021-2022(202210),10545,BMEN,799C,1,MSThesis,6,0,EM,1,0,.,.,.,.,.,.,.,.,.,.,.,.,.,.,.,.,.,.,.,.,.,.,Rami,Mhanna,,
Fall2021-2022(202210),10546,BMEN,799D,1,MSThesis,6,1,EM,0,0,.,.,.,.,.,.,.,.,.,.,.,.,.,.,.,.,.,.,.,.,.,.,Rami,Mhanna,,
Fall2021-2022(202210),10547,BMEN,799T,1,MSComprehensiveExam,0,0,EM,15,0,.,.,.,.,.,.,.,.,.,.,.,.,.,.,.,.,.,.,.,.,.,.,Rami,Mhanna,,
Fall2021-2022(202210),10548,BMEN,980,1,QualifyingExamI:Compr.Exam,0,0,EM,0,0,.,.,.,.,.,.,.,.,.,.,.,.,.,.,.,.,.,.,.,.,.,.,Rami,Mhanna,,
Fall2021-2022(202210),10549,BMEN,981,1,Qualif.ExamII:Def.ThesisProp,0,0,EM,0,0,.,.,.,.,.,.,.,.,.,.,.,.,.,.,.,.,.,.,.,.,.,.,Rami,Mhanna,,
Fall2021-2022(202210),10550,BMEN,982B,1,PhDThesis,3,3,EA,1,0,.,.,.,.,.,.,.,.,.,.,.,.,.,.,.,.,.,.,.,.,.,.,Rami,Mhanna,,
Fall2021-2022(202210),10551,BMEN,982D,1,PHThesis,3,3,EA,1,0,.,.,.,.,.,.,.,.,.,.,.,.,.,.,.,.,.,.,.,.,.,.,Rami,Mhanna,,
Fall2021-2022(202210),10552,BMEN,983,1,PhDThesis,6,6,EM,2,0,.,.,.,.,.,.,.,.,.,.,.,.,.,.,.,.,.,.,.,.,.,.,Rami,Mhanna,,
Fall2021-2022(202210),10553,BMEN,985A,1,PhDThesis,12,12,EM,1,0,.,.,.,.,.,.,.,.,.,.,.,.,.,.,.,.,.,.,.,.,.,.,Rami,Mhanna,,
Fall2021-2022(202210),10554,BMEN,986A,1,PhDThesis,0,0,EM,4,0,.,.,.,.,.,.,.,.,.,.,.,.,.,.,.,.,.,.,.,.,.,.,Rami,Mhanna,,
Fall2021-2022(202210),13378,BMEN,986C,1,PhDThesis,0,0,EM,1,0,.,.,.,.,.,.,.,.,.,.,.,.,.,.,.,.,.,.,.,.,.,.,Rami,Mhanna,,
Fall2021-2022(202210),10555,BMEN,986D,1,PhDThesis,0,0,EM,1,0,.,.,.,.,.,.,.,.,.,.,.,.,.,.,.,.,.,.,.,.,.,.,Rami,Mhanna,,
Fall2021-2022(202210),13390,BMEN,987,1,PhDThesisDefense,0,0,EM,1,0,.,.,.,.,.,.,.,.,.,.,.,.,.,.,.,.,.,.,.,.,.,.,Rami,Mhanna,,
Fall2021-2022(202210),10556,BUSS,200,1,BusinessDataAnalysis,3,3,SB,29,1,0930,1045,OSB,230,.,T,.,R,.,.,.,.,.,.,.,.,.,.,.,.,.,.,Rita,Geutcherian,,
Fall2021-2022(202210),10557,BUSS,200,2,BusinessDataAnalysis,3,3,SB,29,1,1100,1215,OSB,226,.,T,.,R,.,.,.,.,.,.,.,.,.,.,.,.,.,.,Rita,Geutcherian,,
Fall2021-2022(202210),10558,BUSS,200,3,BusinessDataAnalysis,3,3,SB,31,-1,1400,1515,OSB,236,.,T,.,R,.,.,.,.,.,.,.,.,.,.,.,.,.,.,Rita,Geutcherian,,
Fall2021-2022(202210),10559,BUSS,200,4,BusinessDataAnalysis,3,3,SB,28,2,1530,1645,OSB,236,.,T,.,R,.,.,.,.,.,.,.,.,.,.,.,.,.,.,Rita,Geutcherian,,
Fall2021-2022(202210),10560,BUSS,200,5,BusinessDataAnalysis,3,3,SB,33,-3,0800,0915,OSB,334,M,.,W,.,.,.,.,.,.,.,.,.,.,.,.,.,.,.,Ibrahim,Kebbe,,
Fall2021-2022(202210),10561,BUSS,200,6,BusinessDataAnalysis,3,3,SB,35,-5,0930,1045,OSB,334,M,.,W,.,.,.,.,.,.,.,.,.,.,.,.,.,.,.,Ibrahim,Kebbe,,
Fall2021-2022(202210),10562,BUSS,211,1,BusinessLaw,2,2,SB,0,0,0800,0915,OSB,226,M,.,W,.,.,.,.,.,.,.,.,.,.,.,.,.,.,.,.,STAFF,,
Fall2021-2022(202210),10563,BUSS,211,2,BusinessLaw,2,2,SB,37,-2,1530,1645,OSB,227,M,.,W,.,.,.,.,.,.,.,.,.,.,.,.,.,.,.,Khaled,Abdallah,,
Fall2021-2022(202210),10564,BUSS,211,3,BusinessLaw,2,2,SB,34,1,1700,1815,OSB,230,M,.,W,.,.,.,.,.,.,.,.,.,.,.,.,.,.,.,Khaled,Abdallah,,
Fall2021-2022(202210),10565,BUSS,211,4,BusinessLaw,2,2,SB,30,5,1700,1815,OSB,226,.,T,.,R,.,.,.,.,.,.,.,.,.,.,.,.,.,.,Sylvain,Massaad,,
Fall2021-2022(202210),10566,BUSS,211,5,BusinessLaw,2,2,SB,35,0,1230,1345,OSB,238,.,T,.,R,.,.,.,.,.,.,.,.,.,.,.,.,.,.,Rima,Akoum,,
Fall2021-2022(202210),10567,BUSS,211,6,BusinessLaw,2,2,SB,36,-1,1530,1645,OSB,230,.,T,.,R,.,.,.,.,.,.,.,.,.,.,.,.,.,.,Jad,Maalouf,,
Fall2021-2022(202210),10568,BUSS,215,1,BusinessEthics,3,3,SB,34,-4,1830,1945,.,.,M,.,.,.,.,.,.,.,.,.,.,.,.,.,.,.,.,.,Jay,Joseph,,
Fall2021-2022(202210),13221,BUSS,215,2,BusinessEthics,3,3,SB,34,-4,1830,1945,.,.,M,.,.,.,.,.,.,.,.,.,.,.,.,.,.,.,.,.,Daoud,Matta,,Online
Fall2021-2022(202210),13222,BUSS,215,3,BusinessEthics,3,3,SB,34,-4,1830,1945,.,.,M,.,.,.,.,.,.,.,.,.,.,.,.,.,.,.,.,.,Nathalie,Saade,,Online
Fall2021-2022(202210),13223,BUSS,215,4,BusinessEthics,3,3,SB,33,-3,1830,1945,.,.,M,.,.,.,.,.,.,.,.,.,.,.,.,.,.,.,.,.,Nathalie,Saade,,Online
Fall2021-2022(202210),13224,BUSS,215,5,BusinessEthics,3,3,SB,34,-4,1830,1945,.,.,M,.,.,.,.,.,.,.,.,.,.,.,.,.,.,.,.,.,Daoud,Matta,,Online
Fall2021-2022(202210),10569,BUSS,239,1,Busines.Commun.SkillsWorkshop,0,0,SB,28,-3,0900,1130,OSB,230,.,.,.,.,.,S,.,.,.,.,.,.,.,.,.,.,.,.,Rima,Shaar,,
Fall2021-2022(202210),10570,BUSS,239,2,Busines.Commun.SkillsWorkshop,0,0,SB,29,-4,1131,1400,OSB,230,.,.,.,.,.,S,.,.,.,.,.,.,.,.,.,.,.,.,Rima,Shaar,,
Fall2021-2022(202210),10571,BUSS,239,3,Busines.Commun.SkillsWorkshop,0,0,SB,30,-5,1401,1630,OSB,230,.,.,.,.,.,S,.,.,.,.,.,.,.,.,.,.,.,.,Rima,Shaar,,
Fall2021-2022(202210),10572,BUSS,239,4,Busines.Commun.SkillsWorkshop,0,0,SB,29,-4,0900,1130,OSB,230,.,.,.,.,.,S,.,.,.,.,.,.,.,.,.,.,.,.,Rima,Shaar,,
Fall2021-2022(202210),10573,BUSS,239,5,Busines.Commun.SkillsWorkshop,0,0,SB,29,-4,1131,1400,OSB,230,.,.,.,.,.,S,.,.,.,.,.,.,.,.,.,.,.,.,Rima,Shaar,,
Fall2021-2022(202210),10574,BUSS,239,6,Busines.Commun.SkillsWorkshop,0,0,SB,28,-3,1401,1630,OSB,230,.,.,.,.,.,S,.,.,.,.,.,.,.,.,.,.,.,.,Rima,Shaar,,
Fall2021-2022(202210),10575,BUSS,240,1,Strat.CareerPlanningWorkshop,0,0,SB,28,-3,0900,1130,OSB,226,.,.,.,.,.,S,.,.,.,.,.,.,.,.,.,.,.,.,Carol,Baddoura,,
Fall2021-2022(202210),10576,BUSS,240,2,Strat.CareerPlanningWorkshop,0,0,SB,28,-3,1131,1400,OSB,226,.,.,.,.,.,S,.,.,.,.,.,.,.,.,.,.,.,.,Carol,Baddoura,,
Fall2021-2022(202210),10577,BUSS,240,3,Strat.CareerPlanningWorkshop,0,0,SB,28,-3,1401,1630,OSB,226,.,.,.,.,.,S,.,.,.,.,.,.,.,.,.,.,.,.,Carol,Baddoura,,
Fall2021-2022(202210),10578,BUSS,240,4,Strat.CareerPlanningWorkshop,0,0,SB,0,0,0900,1130,OSB,226,.,.,.,.,.,S,.,.,.,.,.,.,.,.,.,.,.,.,.,STAFF,,
Fall2021-2022(202210),10579,BUSS,240,5,Strat.CareerPlanningWorkshop,0,0,SB,0,0,1131,1400,OSB,226,.,.,.,.,.,S,.,.,.,.,.,.,.,.,.,.,.,.,.,STAFF,,
Fall2021-2022(202210),10580,BUSS,240,6,Strat.CareerPlanningWorkshop,0,0,SB,0,0,1401,1630,OSB,226,.,.,.,.,.,S,.,.,.,.,.,.,.,.,.,.,.,.,.,STAFF,,
Fall2021-2022(202210),10581,BUSS,245,1,Internship/Practicum,1,1,SB,4,-4,0800,1359,.,.,M,T,W,R,F,.,.,.,.,.,.,.,.,.,.,.,.,.,Leila,KhauliHanna,,
Fall2021-2022(202210),10582,BUSS,248,1,DevelopingBus.PlansWorkshop,0,0,SB,34,-9,1701,1930,OSB,236,M,.,.,.,.,.,.,.,.,.,.,.,.,.,.,.,.,.,Antoine,Sabbagh,,
Fall2021-2022(202210),10583,BUSS,248,2,DevelopingBus.PlansWorkshop,0,0,SB,34,-9,1701,1930,OSB,236,.,T,.,.,.,.,.,.,.,.,.,.,.,.,.,.,.,.,Antoine,Sabbagh,,
Fall2021-2022(202210),10584,BUSS,248,3,DevelopingBus.PlansWorkshop,0,0,SB,35,-10,1701,1930,OSB,226,.,.,.,.,F,.,.,.,.,.,.,.,.,.,.,.,.,.,Antoine,Sabbagh,,
Fall2021-2022(202210),10585,BUSS,249,1,StrategicManagement,3,3,SB,41,-6,1100,1215,OSB,241,M,.,W,.,.,.,.,.,.,.,.,.,.,.,.,.,.,.,Riad,Dimechkie,,
Fall2021-2022(202210),10586,BUSS,249,2,StrategicManagement,3,3,SB,41,-6,1400,1515,OSB,334,.,T,.,R,.,.,.,.,.,.,.,.,.,.,.,.,.,.,Rida,Elias,,
Fall2021-2022(202210),13219,BUSS,315,1,Prices:Markets&Econ.Environm.,3,3,SB,12,28,1800,2030,OSB,227,M,.,.,.,.,.,.,.,.,.,.,.,.,.,.,.,.,.,Yassar,Nasser,,BlendedCourse
Fall2021-2022(202210),10588,BUSS,399,1,Gr.Prof.CareerDevelopm.,0,0,SB,43,2,1800,2030,OSB,238,.,.,W,.,.,.,.,.,.,.,.,.,.,.,.,.,.,.,Carol,Baddoura,,
Fall2021-2022(202210),10589,BUSS,399,2,Gr.Prof.CareerDevelopm.,0,0,SB,20,25,1800,2030,OSB,238,.,.,.,.,F,.,.,.,.,.,.,.,.,.,.,.,.,.,Carol,Baddoura,,
