Fall2021-2022(202210),11052,ECON,101,E1,Intr.toMicroeconomics,0,0,AS,30,0,1200,1250,NICELY,321,M,.,.,.,.,.,.,.,.,.,.,.,.,.,.,.,.,.,Pamela,Nader,11055,
Fall2021-2022(202210),11053,ECON,101,E2,Intr.toMicroeconomics,0,0,AS,31,-1,1400,1450,NICELY,321,M,.,.,.,.,.,.,.,.,.,.,.,.,.,.,.,.,.,Pamela,Nader,11055,
Fall2021-2022(202210),11054,ECON,101,E3,Intr.toMicroeconomics,0,0,AS,30,0,1100,1150,NICELY,321,M,.,.,.,.,.,.,.,.,.,.,.,.,.,.,.,.,.,Pamela,Nader,11055,
Fall2021-2022(202210),11055,ECON,101,L1,Intr.toMicroeconomics,3,3,AS,91,-1,0900,0950,WEST,BATHISH,M,.,W,.,.,.,.,.,.,.,.,.,.,.,.,.,.,.,Maya,Kanaan,11052:or11053:or11054,
Fall2021-2022(202210),11056,ECON,203,1,SurveyofEconomics,3,3,AS,28,-3,1600,1715,NICELY,323,M,.,W,.,.,.,.,.,.,.,.,.,.,.,.,.,.,.,Makram,BouNassar,,
Fall2021-2022(202210),11057,ECON,203,2,SurveyofEconomics,3,3,AS,23,2,1230,1345,NICELY,410,.,T,.,R,.,.,.,.,.,.,.,.,.,.,.,.,.,.,Sylvia,EliasRubeiz,,
Fall2021-2022(202210),11058,ECON,211,E1,Element.MicroeconomicsTheory,0,0,AS,28,2,0800,0850,NICELY,323,.,T,.,.,.,.,.,.,.,.,.,.,.,.,.,.,.,.,Raja,Sabra,11079,
Fall2021-2022(202210),11059,ECON,211,E10,Element.MicroeconomicsTheory,0,0,AS,21,9,1500,1550,NICELY,320,.,.,.,.,F,.,.,.,.,.,.,.,.,.,.,.,.,.,Raja,Sabra,11080,
Fall2021-2022(202210),11060,ECON,211,E11,Element.MicroeconomicsTheory,0,0,AS,28,2,1500,1550,NICELY,323,.,.,W,.,.,.,.,.,.,.,.,.,.,.,.,.,.,.,Malak,Makki,11078,
Fall2021-2022(202210),11061,ECON,211,E12,Element.MicroeconomicsTheory,0,0,AS,26,4,1600,1650,NICELY,212,.,.,W,.,.,.,.,.,.,.,.,.,.,.,.,.,.,.,Malak,Makki,11078,
Fall2021-2022(202210),11062,ECON,211,E13,Element.MicroeconomicsTheory,0,0,AS,13,17,1700,1750,NICELY,412,.,.,W,.,.,.,.,.,.,.,.,.,.,.,.,.,.,.,Nora,El-Baba,11078,
Fall2021-2022(202210),11063,ECON,211,E14,Element.MicroeconomicsTheory,0,0,AS,10,20,1500,1550,NICELY,414,.,.,.,.,F,.,.,.,.,.,.,.,.,.,.,.,.,.,Pamela,Nader,11078,
Fall2021-2022(202210),11064,ECON,211,E15,Element.MicroeconomicsTheory,0,0,AS,13,17,1600,1650,NICELY,323,.,.,.,.,F,.,.,.,.,.,.,.,.,.,.,.,.,.,Ghina,Makki,11078,
Fall2021-2022(202210),11065,ECON,211,E16,Element.MicroeconomicsTheory,0,0,AS,29,1,1500,1550,NICELY,212,.,.,W,.,.,.,.,.,.,.,.,.,.,.,.,.,.,.,Ghina,Tabsh,11081,
Fall2021-2022(202210),11066,ECON,211,E17,Element.MicroeconomicsTheory,0,0,AS,19,11,1600,1650,NICELY,325,.,.,W,.,.,.,.,.,.,.,.,.,.,.,.,.,.,.,Nora,El-Baba,11081,
Fall2021-2022(202210),11067,ECON,211,E18,Element.MicroeconomicsTheory,0,0,AS,10,20,1700,1750,NICELY,325,.,.,W,.,.,.,.,.,.,.,.,.,.,.,.,.,.,.,Ghina,Tabsh,11081,
Fall2021-2022(202210),11068,ECON,211,E19,Element.MicroeconomicsTheory,0,0,AS,16,14,1500,1550,NICELY,325,.,.,.,.,F,.,.,.,.,.,.,.,.,.,.,.,.,.,Ghina,Makki,11081,
Fall2021-2022(202210),11069,ECON,211,E2,Element.MicroeconomicsTheory,0,0,AS,18,12,0800,0850,NICELY,323,.,.,.,R,.,.,.,.,.,.,.,.,.,.,.,.,.,.,Raja,Sabra,11079,
Fall2021-2022(202210),11070,ECON,211,E20,Element.MicroeconomicsTheory,0,0,AS,6,24,1600,1650,NICELY,323,.,.,.,.,F,.,.,.,.,.,.,.,.,.,.,.,.,.,Ghina,Makki,11081,
Fall2021-2022(202210),11071,ECON,211,E3,Element.MicroeconomicsTheory,0,0,AS,31,-1,1400,1450,BLISS,203,.,.,.,R,.,.,.,.,.,.,.,.,.,.,.,.,.,.,Malak,Makki,11079,
Fall2021-2022(202210),11072,ECON,211,E4,Element.MicroeconomicsTheory,0,0,AS,10,20,1700,1750,NICELY,322,.,.,.,R,.,.,.,.,.,.,.,.,.,.,.,.,.,.,Malak,Makki,11079,
Fall2021-2022(202210),11073,ECON,211,E5,Element.MicroeconomicsTheory,0,0,AS,26,4,1530,1620,PHYS,217,.,.,.,R,.,.,.,.,.,.,.,.,.,.,.,.,.,.,Ghina,Makki,11079,
Fall2021-2022(202210),11074,ECON,211,E6,Element.MicroeconomicsTheory,0,0,AS,29,1,1000,1050,NICELY,210,.,.,.,.,F,.,.,.,.,.,.,.,.,.,.,.,.,.,Raja,Sabra,11080,
Fall2021-2022(202210),11075,ECON,211,E7,Element.MicroeconomicsTheory,0,0,AS,28,2,1100,1150,NICELY,323,.,.,.,.,F,.,.,.,.,.,.,.,.,.,.,.,.,.,Pamela,Nader,11080,
Fall2021-2022(202210),11076,ECON,211,E8,Element.MicroeconomicsTheory,0,0,AS,31,-1,0900,0950,NICELY,323,.,.,.,.,F,.,.,.,.,.,.,.,.,.,.,.,.,.,Hiba,Hamade,11080,
Fall2021-2022(202210),11077,ECON,211,E9,Element.MicroeconomicsTheory,0,0,AS,30,0,1400,1450,NICELY,325,.,.,.,.,F,.,.,.,.,.,.,.,.,.,.,.,.,.,Raja,Sabra,11080,
Fall2021-2022(202210),11078,ECON,211,L1,Element.MicroeconomicsTheory,3,3,AS,90,60,.,.,.,.,.,.,.,.,.,.,.,.,.,.,.,.,.,.,.,.,.,.,Hossein,Radmard,11060:or11061:or11062:or11063:or11064,Online
Fall2021-2022(202210),11079,ECON,211,L2,Element.MicroeconomicsTheory,3,3,AS,113,37,.,.,.,.,.,.,.,.,.,.,.,.,.,.,.,.,.,.,.,.,.,.,Hossein,Radmard,11058:or11069:or11071:or11072:or11073,Online
Fall2021-2022(202210),11080,ECON,211,L3,Element.MicroeconomicsTheory,3,3,AS,139,11,.,.,.,.,.,.,.,.,.,.,.,.,.,.,.,.,.,.,.,.,.,.,Hossein,Radmard,11059:or11074:or11075:or11076:or11077,Online
Fall2021-2022(202210),11081,ECON,211,L4,Element.MicroeconomicsTheory,3,3,AS,80,70,.,.,.,.,.,.,.,.,.,.,.,.,.,.,.,.,.,.,.,.,.,.,Hossein,Radmard,11065:or11066:or11067:or11068:or11070,Online
Fall2021-2022(202210),11082,ECON,212,E1,Element.MacroeconomicsTheory,0,0,AS,29,1,1200,1250,NICELY,417,M,.,.,.,.,.,.,.,.,.,.,.,.,.,.,.,.,.,Malak,Makki,11097,
Fall2021-2022(202210),11083,ECON,212,E10,Element.MacroeconomicsTheory,0,0,AS,29,1,1700,1750,NICELY,412,M,.,.,.,.,.,.,.,.,.,.,.,.,.,.,.,.,.,Dana,Hamdan,11098,
Fall2021-2022(202210),11084,ECON,212,E11,Element.MacroeconomicsTheory,0,0,AS,20,10,0900,0950,NICELY,323,M,.,.,.,.,.,.,.,.,.,.,.,.,.,.,.,.,.,Raja,Sabra,11099,
Fall2021-2022(202210),11085,ECON,212,E12,Element.MacroeconomicsTheory,0,0,AS,28,2,1000,1050,NICELY,322,M,.,.,.,.,.,.,.,.,.,.,.,.,.,.,.,.,.,Raja,Sabra,11099,
Fall2021-2022(202210),11086,ECON,212,E13,Element.MacroeconomicsTheory,0,0,AS,29,1,1300,1350,NICELY,414,M,.,.,.,.,.,.,.,.,.,.,.,.,.,.,.,.,.,Raja,Sabra,11099,
Fall2021-2022(202210),11087,ECON,212,E14,Element.MacroeconomicsTheory,0,0,AS,30,0,1100,1150,NICELY,412,M,.,.,.,.,.,.,.,.,.,.,.,.,.,.,.,.,.,Malak,Makki,11099,
Fall2021-2022(202210),11088,ECON,212,E15,Element.MacroeconomicsTheory,0,0,AS,28,2,1300,1350,NICELY,322,.,.,.,.,F,.,.,.,.,.,.,.,.,.,.,.,.,.,Iyad,El-Khalil,11099,
Fall2021-2022(202210),11089,ECON,212,E2,Element.MacroeconomicsTheory,0,0,AS,29,1,1300,1350,NICELY,322,.,.,W,.,.,.,.,.,.,.,.,.,.,.,.,.,.,.,Iyad,El-Khalil,11097,
Fall2021-2022(202210),11090,ECON,212,E3,Element.MacroeconomicsTheory,0,0,AS,31,-1,1500,1550,NICELY,415,M,.,.,.,.,.,.,.,.,.,.,.,.,.,.,.,.,.,Raja,Sabra,11097,
Fall2021-2022(202210),11091,ECON,212,E4,Element.MacroeconomicsTheory,0,0,AS,29,1,1500,1550,PHYS,215,.,.,W,.,.,.,.,.,.,.,.,.,.,.,.,.,.,.,Iyad,El-Khalil,11097,
Fall2021-2022(202210),11092,ECON,212,E5,Element.MacroeconomicsTheory,0,0,AS,30,0,1600,1650,NICELY,214,M,.,.,.,.,.,.,.,.,.,.,.,.,.,.,.,.,.,Dana,Hamdan,11097,
Fall2021-2022(202210),11093,ECON,212,E6,Element.MacroeconomicsTheory,0,0,AS,30,0,0800,0850,NICELY,323,M,.,.,.,.,.,.,.,.,.,.,.,.,.,.,.,.,.,Dana,Hamdan,11098,
Fall2021-2022(202210),11094,ECON,212,E7,Element.MacroeconomicsTheory,0,0,AS,30,0,1200,1250,NICELY,414,M,.,.,.,.,.,.,.,.,.,.,.,.,.,.,.,.,.,Raja,Sabra,11098,
Fall2021-2022(202210),11095,ECON,212,E8,Element.MacroeconomicsTheory,0,0,AS,30,0,1100,1150,NICELY,414,M,.,.,.,.,.,.,.,.,.,.,.,.,.,.,.,.,.,Raja,Sabra,11098,
Fall2021-2022(202210),11096,ECON,212,E9,Element.MacroeconomicsTheory,0,0,AS,31,-1,1600,1650,NICELY,412,M,.,.,.,.,.,.,.,.,.,.,.,.,.,.,.,.,.,Ghina,Tabsh,11098,
Fall2021-2022(202210),11097,ECON,212,L1,Element.MacroeconomicsTheory,3,3,AS,148,2,0930,1020,WEST,BATHISH,.,T,.,R,.,.,.,.,.,.,.,.,.,.,.,.,.,.,Malak,Makki,11082:or11089:or11090:or11091:or11092,
Fall2021-2022(202210),11098,ECON,212,L2,Element.MacroeconomicsTheory,3,3,AS,150,0,1100,1150,WEST,BATHISH,.,T,.,R,.,.,.,.,.,.,.,.,.,.,.,.,.,.,Malak,Makki,11083:or11093:or11094:or11095:or11096,
Fall2021-2022(202210),11099,ECON,212,L3,Element.MacroeconomicsTheory,3,3,AS,135,15,1530,1620,BIOL,SLH,.,T,.,R,.,.,.,.,.,.,.,.,.,.,.,.,.,.,Malak,Makki,11084:or11085:or11086:or11087:or11088,
Fall2021-2022(202210),11100,ECON,213,1,EconomicStatisticsI,3,3,AS,17,13,1100,1215,BLISS,203,.,T,.,R,.,.,.,.,.,.,.,.,.,.,.,.,.,.,Leila,Dagher,,
Fall2021-2022(202210),11101,ECON,213,2,EconomicStatisticsI,3,3,AS,14,16,1230,1345,NICELY,322,.,T,.,R,.,.,.,.,.,.,.,.,.,.,.,.,.,.,Leila,Dagher,,
Fall2021-2022(202210),11102,ECON,214,E1,EconStatistics&Econometrics,0,0,AS,30,0,1300,1350,NICELY,414,.,.,.,.,F,.,.,.,.,.,.,.,.,.,.,.,.,.,RichardAlbert,Sadaka,11104,
Fall2021-2022(202210),11103,ECON,214,E2,EconStatistics&Econometrics,0,0,AS,25,5,1400,1450,NICELY,323,.,.,.,.,F,.,.,.,.,.,.,.,.,.,.,.,.,.,RichardAlbert,Sadaka,11104,
Fall2021-2022(202210),11104,ECON,214,L,EconStatistics&Econometrics,3,3,AS,55,5,1300,1350,NICELY,211,M,.,W,.,.,.,.,.,.,.,.,.,.,.,.,.,.,.,RichardAlbert,Sadaka,11102:or11103,
Fall2021-2022(202210),11105,ECON,215,E1,AppliedEconometrics,0,0,AS,29,-4,1700,1750,BLISS,203,.,.,.,.,F,.,.,.,.,.,.,.,.,.,.,.,.,.,Ali,Abboud,11107,
Fall2021-2022(202210),11106,ECON,215,E2,AppliedEconometrics,0,0,AS,20,5,1700,1750,BLISS,203,M,.,.,.,.,.,.,.,.,.,.,.,.,.,.,.,.,.,Ali,Abboud,11108,
Fall2021-2022(202210),11107,ECON,215,L1,AppliedEconometrics,3,3,AS,29,-4,1300,1350,NICELY,206,M,.,W,.,.,.,.,.,.,.,.,.,.,.,.,.,.,.,Ali,Abboud,11105,
Fall2021-2022(202210),11108,ECON,215,L2,AppliedEconometrics,3,3,AS,20,5,1400,1450,NICELY,206,M,.,W,.,.,.,.,.,.,.,.,.,.,.,.,.,.,.,Ali,Abboud,11106,
Fall2021-2022(202210),11109,ECON,217,1,IntermediateMicroeconomicsI,3,3,AS,32,-2,1100,1215,NICELY,212,.,T,.,R,.,.,.,.,.,.,.,.,.,.,.,.,.,.,Nisreen,Salti,,
Fall2021-2022(202210),11110,ECON,217,2,IntermediateMicroeconomicsI,3,3,AS,27,3,0930,1045,NICELY,414,.,T,.,R,.,.,.,.,.,.,.,.,.,.,.,.,.,.,Ramzi,Mabsout,,
Fall2021-2022(202210),11111,ECON,217,3,IntermediateMicroeconomicsI,3,3,AS,23,7,1530,1645,NICELY,320,M,.,W,.,.,.,.,.,.,.,.,.,.,.,.,.,.,.,Ali,Abboud,,
Fall2021-2022(202210),11112,ECON,218,1,BehavioralEconomics,3,3,AS,15,15,1100,1215,NICELY,325,.,T,.,R,.,.,.,.,.,.,.,.,.,.,.,.,.,.,Ramzi,Mabsout,,
Fall2021-2022(202210),11113,ECON,219,L,Econ.ofFinancialMarkets,3,3,AS,8,17,1530,1645,NICELY,210,.,T,.,R,.,.,.,.,.,.,.,.,.,.,.,.,.,.,UsamahHusni,Ramadan,,
Fall2021-2022(202210),11114,ECON,222,1,LaborEconomics,3,3,AS,23,2,1230,1345,NICELY,414,.,T,.,R,.,.,.,.,.,.,.,.,.,.,.,.,.,.,Nisreen,Salti,,
Fall2021-2022(202210),11115,ECON,226,1,PublicEconomics,3,3,AS,6,24,0930,1045,NICELY,322,.,T,.,R,.,.,.,.,.,.,.,.,.,.,.,.,.,.,.,STAFF,,
Fall2021-2022(202210),11116,ECON,227,1,IntermediateMacroeconomics,3,3,AS,23,2,1400,1515,NICELY,414,M,.,W,.,.,.,.,.,.,.,.,.,.,.,.,.,.,.,MuhammedAlpars,Tuncay,,
Fall2021-2022(202210),11117,ECON,227,2,IntermediateMacroeconomics,3,3,AS,12,13,1530,1645,NICELY,103,M,.,W,.,.,.,.,.,.,.,.,.,.,.,.,.,.,.,MuhammedAlpars,Tuncay,,
Fall2021-2022(202210),11118,ECON,228,1,MonetaryEconomics,3,3,AS,8,22,1530,1645,NICELY,414,.,T,.,R,.,.,.,.,.,.,.,.,.,.,.,.,.,.,Simon,Neaime,,
Fall2021-2022(202210),11120,ECON,232,1,TheEconomicsofInstitutions,3,3,AS,0,0,.,.,.,.,.,.,.,.,.,.,.,.,.,.,.,.,.,.,.,.,.,.,.,STAFF,,
Fall2021-2022(202210),11121,ECON,235,1,InternationalTrade,3,3,AS,20,10,1530,1645,NICELY,414,M,.,W,.,.,.,.,.,.,.,.,.,.,.,.,.,.,.,UsamahHusni,Ramadan,,
Fall2021-2022(202210),11122,ECON,236,1,InternationalFinance,3,3,AS,23,2,1400,1515,NICELY,210,M,.,W,.,.,.,.,.,.,.,.,.,.,.,.,.,.,.,UsamahHusni,Ramadan,,
Fall2021-2022(202210),11123,ECON,241,1,IndustrialOrganization,3,3,AS,33,-3,1400,1515,NICELY,414,.,T,.,R,.,.,.,.,.,.,.,.,.,.,.,.,.,.,UsamahHusni,Ramadan,,
Fall2021-2022(202210),11124,ECON,243,1,Int.toGameTh.&Econ.Behavior,3,3,AS,10,10,1000,1050,NICELY,324,M,.,W,.,F,.,.,.,.,.,.,.,.,.,.,.,.,.,RichardAlbert,Sadaka,,
Fall2021-2022(202210),11125,ECON,295D,1,Sem.inLawandEconomics,3,3,AS,24,1,1530,1759,NICELY,103,.,.,.,R,.,.,.,.,.,.,.,.,.,.,.,.,.,.,Yehya,Ghabboura,,
Fall2021-2022(202210),11126,ECON,327,1,Macroeconomics,3,3,AS,13,12,1500,1729,NICELY,316,.,T,.,.,.,.,.,.,.,.,.,.,.,.,.,.,.,.,SumruGuler,Altug,,
Fall2021-2022(202210),11127,ECON,332,L,PoliticalEconomyofDevelpmnt,3,3,AS,13,12,1500,1729,NICELY,101,.,.,.,R,.,.,.,.,.,.,.,.,.,.,.,.,.,.,SumruGuler,Altug,,
Fall2021-2022(202210),13063,ECON,336,1,InternationalMonetaryEcon.,3,3,AS,18,-3,1700,1930,NICELY,107,M,.,.,.,.,.,.,.,.,.,.,.,.,.,.,.,.,.,SumruGuler,Altug,,
Fall2021-2022(202210),11128,ECON,340,1,AssetPricingI,3,3,AS,5,15,1730,2000,NICELY,316,.,T,.,.,.,.,.,.,.,.,.,.,.,.,.,.,.,.,Simon,Neaime,,
Fall2021-2022(202210),13347,ECON,341,1,CorporateFinanceI,3,3,AS,1,0,.,.,.,.,.,.,.,.,.,.,.,.,.,.,.,.,.,.,.,.,.,.,Simon,Neaime,,
Fall2021-2022(202210),11129,ECON,395A,1,ComprehensiveExam,0,0,AS,0,0,.,.,.,.,.,.,.,.,.,.,.,.,.,.,.,.,.,.,.,.,.,.,SumruGuler,Altug,,
Fall2021-2022(202210),11130,ECON,399,1,M.A.Thesis,6,7.2,AS,0,5,.,.,.,.,.,.,.,.,.,.,.,.,.,.,.,.,.,.,.,.,.,.,Leila,Dagher,,
Fall2021-2022(202210),11131,ECON,399,10,M.A.Thesis,6,7.2,AS,0,5,.,.,.,.,.,.,.,.,.,.,.,.,.,.,.,.,.,.,.,.,.,.,Serena,Canaan,,
Fall2021-2022(202210),11132,ECON,399,2,M.A.Thesis,6,7.2,AS,0,5,.,.,.,.,.,.,.,.,.,.,.,.,.,.,.,.,.,.,.,.,.,.,Simon,Neaime,,
Fall2021-2022(202210),11133,ECON,399,3,M.A.Thesis,6,7.2,AS,0,5,.,.,.,.,.,.,.,.,.,.,.,.,.,.,.,.,.,.,.,.,.,.,Pierre,Mouganie,,
Fall2021-2022(202210),11134,ECON,399,4,M.A.Thesis,6,7.2,AS,0,5,.,.,.,.,.,.,.,.,.,.,.,.,.,.,.,.,.,.,.,.,.,.,Nisreen,Salti,,
Fall2021-2022(202210),11136,ECON,399,6,M.A.Thesis,6,7.2,AS,0,5,.,.,.,.,.,.,.,.,.,.,.,.,.,.,.,.,.,.,.,.,.,.,Ramzi,Mabsout,,
Fall2021-2022(202210),11137,ECON,399,7,M.A.Thesis,6,7.2,AS,0,5,.,.,.,.,.,.,.,.,.,.,.,.,.,.,.,.,.,.,.,.,.,.,MuhammedAlpars,Tuncay,,
Fall2021-2022(202210),11138,ECON,399,8,M.A.Thesis,6,7.2,AS,0,5,.,.,.,.,.,.,.,.,.,.,.,.,.,.,.,.,.,.,.,.,.,.,Hossein,Radmard,,
Fall2021-2022(202210),11139,ECON,399,9,M.A.Thesis,6,7.2,AS,0,5,.,.,.,.,.,.,.,.,.,.,.,.,.,.,.,.,.,.,.,.,.,.,Sarah,ElJoueidi,,
Fall2021-2022(202210),11140,ECON,399A,1,M.A.Thesis,6,0,AS,0,5,.,.,.,.,.,.,.,.,.,.,.,.,.,.,.,.,.,.,.,.,.,.,Leila,Dagher,,
Fall2021-2022(202210),11141,ECON,399A,2,M.A.Thesis,6,0,AS,0,5,.,.,.,.,.,.,.,.,.,.,.,.,.,.,.,.,.,.,.,.,.,.,Nisreen,Salti,,
Fall2021-2022(202210),11143,EDUC,211,2,TheSchool&theSocialOrder,3,3,AS,15,10,1400,1515,FISK,104,.,T,.,R,.,.,.,.,.,.,.,.,.,.,.,.,.,.,Najla,Bashour,,
Fall2021-2022(202210),13019,EDUC,212,1,EducationalLaws&Policies,3,3,AS,8,17,1530,1759,FISK,339,.,.,.,R,.,.,.,.,.,.,.,.,.,.,.,.,.,.,Lina,Khalil,,
Fall2021-2022(202210),11144,EDUC,213,1,IntrotoEducationalAdminist,3,3,AS,21,-1,1700,1929,FISK,104,.,.,W,.,.,.,.,.,.,.,.,.,.,.,.,.,.,.,Nidal,Jouni,,
Fall2021-2022(202210),11145,EDUC,215,1,Learning&HumanDevelopment,3,3,AS,26,-1,1100,1215,FISK,104,.,T,.,R,.,.,.,.,.,.,.,.,.,.,.,.,.,.,Karma,El-Hassan,,
Fall2021-2022(202210),11146,EDUC,215,2,Learning&HumanDevelopment,3,3,AS,23,2,1530,1645,NICELY,324,.,T,.,R,.,.,.,.,.,.,.,.,.,.,.,.,.,.,Karma,El-Hassan,,
Fall2021-2022(202210),11147,EDUC,219,1,TheUseofComputApp.inEduc.,3,3,AS,20,-2,1100,1150,FISK,102,M,.,W,.,F,.,.,.,.,.,.,.,.,.,.,.,.,.,Hoda,Baytiyeh,,
Fall2021-2022(202210),11148,EDUC,221,1,IntrotoSpecialEducation,3,3,AS,23,2,1530,1759,FISK,339,M,.,.,.,.,.,.,.,.,.,.,.,.,.,.,.,.,.,Rim,NashabeMouawad,,
Fall2021-2022(202210),11149,EDUC,222,1,Intr.toAssessmentinSpe.Edu,3,3,AS,11,3,1100,1215,FISK,102,.,T,.,R,.,.,.,.,.,.,.,.,.,.,.,.,.,.,Vivian,Khamis,,
Fall2021-2022(202210),11150,EDUC,223,1,IntrotoGuidance&Counseling,3,3,AS,25,0,1400,1515,NICELY,417,.,T,.,R,.,.,.,.,.,.,.,.,.,.,.,.,.,.,Hanine,Hout,,
Fall2021-2022(202210),11151,EDUC,225,1,Child&AdolescentDevlpt.,3,3,AS,26,-1,1530,1645,NICELY,322,.,T,.,R,.,.,.,.,.,.,.,.,.,.,.,.,.,.,Lara,ElKhatib,,
Fall2021-2022(202210),11152,EDUC,225,2,Child&AdolescentDevlpt.,3,3,AS,28,-3,1645,1759,FISK,337,M,.,.,.,F,.,.,.,.,.,.,.,.,.,.,.,.,.,Lara,ElKhatib,,
Fall2021-2022(202210),13107,EDUC,225,3,Child&AdolescentDevlpt.,3,3,AS,0,25,.,.,.,.,.,.,.,.,.,.,.,.,.,.,.,.,.,.,.,.,.,.,.,STAFF,,
Fall2021-2022(202210),11153,EDUC,226,1,PersonnelMangt&Development,3,3,AS,6,19,1600,1829,NICELY,325,M,.,.,.,.,.,.,.,.,.,.,.,.,.,.,.,.,.,Lina,Khalil,,
Fall2021-2022(202210),11154,EDUC,230,1,InstructionalProcedures,3,3,AS,24,1,1400,1515,FISK,102,.,T,.,R,.,.,.,.,.,.,.,.,.,.,.,.,.,.,Enja,Osman,,
Fall2021-2022(202210),11155,EDUC,231,1,ReadingInstruct.inElem.Sch,3,3,AS,29,-4,1530,1800,FISK,104,.,.,.,R,.,.,.,.,.,.,.,.,.,.,.,.,.,.,Ghazi,Ghaith,,
Fall2021-2022(202210),11156,EDUC,232,1,ClassroomMangt.inElem.Sch.,3,3,AS,24,1,1230,1345,FISK,339,.,T,.,R,.,.,.,.,.,.,.,.,.,.,.,.,.,.,Rola,ShukriBalaa,,
Fall2021-2022(202210),11157,EDUC,233,1,MethodsofHomeroomTeaching,3,3,AS,16,9,1530,1759,FISK,309,.,.,W,.,.,.,.,.,.,.,.,.,.,.,.,.,.,.,Amal,BouZeineddine,,
Fall2021-2022(202210),11158,EDUC,243,1,TheTeachEng.asForeigLangI,3,3,AS,5,9,1400,1515,FISK,104,M,.,W,.,.,.,.,.,.,.,.,.,.,.,.,.,.,.,Amal,BouZeineddine,,
Fall2021-2022(202210),11159,EDUC,245,1,TeachEngasForgLanginElem,3,3,AS,11,3,1400,1515,FISK,104,M,.,W,.,.,.,.,.,.,.,.,.,.,.,.,.,.,.,Amal,BouZeineddine,,
Fall2021-2022(202210),11160,EDUC,251,1,TeachSocialStud.inElem.Sch,3,3,AS,10,4,1530,1800,NICELY,206,.,.,W,.,.,.,.,.,.,.,.,.,.,.,.,.,.,.,Enja,Osman,,
Fall2021-2022(202210),11161,EDUC,252,1,TeachingMathinElemenSchool,3,3,AS,5,9,1530,1759,FISK,208,.,.,W,.,.,.,.,.,.,.,.,.,.,.,.,.,.,.,Rabih,ElMouhayar,,
Fall2021-2022(202210),11162,EDUC,253,1,TheTeachingofMathematicsI,3,3,AS,6,8,1530,1759,FISK,208,.,.,W,.,.,.,.,.,.,.,.,.,.,.,.,.,.,.,Murad,Jurdak,,
Fall2021-2022(202210),11163,EDUC,255,1,TheTeachingofScienceI,3,3,AS,15,-1,1530,1759,FISK,208,.,T,.,.,.,.,.,.,.,.,.,.,.,.,.,.,.,.,Rola,Khishfe,,
Fall2021-2022(202210),11164,EDUC,257,1,TeachingScienceinElemenSch,3,3,AS,5,9,1530,1759,FISK,208,.,T,.,.,.,.,.,.,.,.,.,.,.,.,.,.,.,.,Rola,Khishfe,,
Fall2021-2022(202210),11165,EDUC,271,1,Probl.SolvinginArithm&Algeb.,3,3,AS,23,2,1230,1345,FISK,208,M,.,W,.,.,.,.,.,.,.,.,.,.,.,.,.,.,.,Rabih,ElMouhayar,,
Fall2021-2022(202210),11166,EDUC,273,1,Sc.forElementaryTeachersI,3,3,AS,25,0,1230,1345,FISK,102,.,T,.,R,.,.,.,.,.,.,.,.,.,.,.,.,.,.,Enja,Osman,,
Fall2021-2022(202210),11167,EDUC,280,1,BehaviorModific&Classr.Manag.,3,3,AS,11,3,1600,1829,NICELY,318,.,.,W,.,.,.,.,.,.,.,.,.,.,.,.,.,.,.,Anies,Al-Hroub,,
Fall2021-2022(202210),11168,EDUC,290L,1,ST:DigitalCitizenship,3,3,AS,14,1,.,.,.,.,.,.,.,.,.,.,.,.,.,.,.,.,.,.,.,.,.,.,Hoda,Baytiyeh,,Online
Fall2021-2022(202210),11169,EDUC,291,1,Sr.Sem:IssuesinElem.Educat.,3,3,AS,6,19,0930,1045,FISK,104,.,T,.,R,.,.,.,.,.,.,.,.,.,.,.,.,.,.,Tamer,Amin,,
Fall2021-2022(202210),11170,EDUC,305,1,FoundationsofScienceEducat,3,3,AS,3,9,1530,1759,FISK,208,.,.,.,R,.,.,.,.,.,.,.,.,.,.,.,.,.,.,Rola,Khishfe,,
Fall2021-2022(202210),11171,EDUC,308,1,EducatPlanning&PolicyStud.,3,3,AS,7,5,1600,1829,NICELY,325,M,.,.,.,.,.,.,.,.,.,.,.,.,.,.,.,.,.,Lina,Khalil,,
Fall2021-2022(202210),11172,EDUC,309,1,FoundationsofMathEducation,3,3,AS,3,9,1530,1759,FISK,208,.,.,.,R,.,.,.,.,.,.,.,.,.,.,.,.,.,.,Murad,Jurdak,,
Fall2021-2022(202210),11173,EDUC,313,1,Management&OrganiTh.inEduc,3,3,AS,6,6,1600,1829,FISK,102,.,.,.,R,.,.,.,.,.,.,.,.,.,.,.,.,.,.,Lina,Khalil,,
Fall2021-2022(202210),11174,EDUC,315,1,AdvPsychologyofEducation,3,3,AS,12,0,1530,1759,FISK,104,.,T,.,.,.,.,.,.,.,.,.,.,.,.,.,.,.,.,Vivian,Khamis,,
Fall2021-2022(202210),11175,EDUC,318,1,TestConstructioninEducation,3,3,AS,11,1,1530,1759,FISK,102,M,.,.,.,.,.,.,.,.,.,.,.,.,.,.,.,.,.,Karma,El-Hassan,,
Fall2021-2022(202210),11176,EDUC,328,1,SeminarinTEFL,3,3,AS,5,7,1530,1759,FISK,339,.,.,W,.,.,.,.,.,.,.,.,.,.,.,.,.,.,.,Ghazi,Ghaith,,
Fall2021-2022(202210),11177,EDUC,330,1,TheoriesinGuidance&Counsel.,3,3,AS,6,6,1530,1759,FISK,102A,.,.,.,.,F,.,.,.,.,.,.,.,.,.,.,.,.,.,Anies,Al-Hroub,,
Fall2021-2022(202210),11178,EDUC,390P,1,ST:DigitalCitizenship,3,3,AS,1,4,.,.,.,.,.,.,.,.,.,.,.,.,.,.,.,.,.,.,.,.,.,.,Hoda,Baytiyeh,,Online
Fall2021-2022(202210),11179,EDUC,390Q,1,ST.MultilingualisminEduc&Soc,3,3,AS,7,5,1530,1759,FISK,313,.,T,.,.,.,.,.,.,.,.,.,.,.,.,.,.,.,.,Tamer,Amin,,
Fall2021-2022(202210),11180,EDUC,395A,1,ComprehensiveExam,0,0,AS,10,-10,.,.,.,.,.,.,.,.,.,.,.,.,.,.,.,.,.,.,.,.,.,.,Rima,KaramiAkkary,,
Fall2021-2022(202210),13085,EDUC,398,1,MAProject,3,3,AS,1,4,.,.,.,.,.,.,.,.,.,.,.,.,.,.,.,.,.,.,.,.,.,.,Anies,Al-Hroub,,
Fall2021-2022(202210),13272,EDUC,398A,1,Project,0,0,AS,1,4,.,.,.,.,.,.,.,.,.,.,.,.,.,.,.,.,.,.,.,.,.,.,Rima,KaramiAkkary,,
Fall2021-2022(202210),11181,EDUC,399,1,M.A.Thesis,9,7.2,AS,2,3,.,.,.,.,.,.,.,.,.,.,.,.,.,.,.,.,.,.,.,.,.,.,Rima,KaramiAkkary,,
Fall2021-2022(202210),11182,EDUC,399,10,M.A.Thesis,9,7.2,AS,0,5,.,.,.,.,.,.,.,.,.,.,.,.,.,.,.,.,.,.,.,.,.,.,Hoda,Baytiyeh,,
Fall2021-2022(202210),11183,EDUC,399,11,M.A.Thesis,9,7.2,AS,0,5,.,.,.,.,.,.,.,.,.,.,.,.,.,.,.,.,.,.,.,.,.,.,Karma,El-Hassan,,
Fall2021-2022(202210),11184,EDUC,399,12,M.A.Thesis,9,7.2,AS,1,4,.,.,.,.,.,.,.,.,.,.,.,.,.,.,.,.,.,.,.,.,.,.,Anies,Al-Hroub,,
Fall2021-2022(202210),11185,EDUC,399,13,M.A.Thesis,9,7.2,AS,2,3,.,.,.,.,.,.,.,.,.,.,.,.,.,.,.,.,.,.,.,.,.,.,Tamer,Amin,,
Fall2021-2022(202210),11186,EDUC,399,14,M.A.Thesis,9,7.2,AS,1,4,.,.,.,.,.,.,.,.,.,.,.,.,.,.,.,.,.,.,.,.,.,.,Lina,Khalil,,
Fall2021-2022(202210),11188,EDUC,399,3,M.A.Thesis,9,7.2,AS,1,4,.,.,.,.,.,.,.,.,.,.,.,.,.,.,.,.,.,.,.,.,.,.,Saouma,Boujaoude,,
Fall2021-2022(202210),11189,EDUC,399,4,M.A.Thesis,9,7.2,AS,0,5,.,.,.,.,.,.,.,.,.,.,.,.,.,.,.,.,.,.,.,.,.,.,Ghazi,Ghaith,,
Fall2021-2022(202210),11190,EDUC,399,5,M.A.Thesis,9,7.2,AS,0,5,.,.,.,.,.,.,.,.,.,.,.,.,.,.,.,.,.,.,.,.,.,.,Murad,Jurdak,,
Fall2021-2022(202210),11191,EDUC,399,6,M.A.Thesis,9,7.2,AS,0,5,.,.,.,.,.,.,.,.,.,.,.,.,.,.,.,.,.,.,.,.,.,.,Vivian,Khamis,,
Fall2021-2022(202210),11193,EDUC,399,8,M.A.Thesis,9,7.2,AS,0,5,.,.,.,.,.,.,.,.,.,.,.,.,.,.,.,.,.,.,.,.,.,.,Rabih,ElMouhayar,,
Fall2021-2022(202210),11194,EDUC,399,9,M.A.Thesis,9,7.2,AS,0,5,.,.,.,.,.,.,.,.,.,.,.,.,.,.,.,.,.,.,.,.,.,.,Rola,Khishfe,,
Fall2021-2022(202210),11195,EDUC,399A,1,M.ATHESIS,9,0,AS,2,3,.,.,.,.,.,.,.,.,.,.,.,.,.,.,.,.,.,.,.,.,.,.,Anies,Al-Hroub,,
Fall2021-2022(202210),11196,EDUC,399A,10,M.ATHESIS,9,0,AS,0,5,.,.,.,.,.,.,.,.,.,.,.,.,.,.,.,.,.,.,.,.,.,.,Hoda,Baytiyeh,,
Fall2021-2022(202210),11197,EDUC,399A,11,M.ATHESIS,9,0,AS,0,5,.,.,.,.,.,.,.,.,.,.,.,.,.,.,.,.,.,.,.,.,.,.,Karma,El-Hassan,,
Fall2021-2022(202210),11198,EDUC,399A,12,M.ATHESIS,9,0,AS,0,5,.,.,.,.,.,.,.,.,.,.,.,.,.,.,.,.,.,.,.,.,.,.,Rola,Khishfe,,
Fall2021-2022(202210),11199,EDUC,399A,13,M.ATHESIS,9,0,AS,0,5,.,.,.,.,.,.,.,.,.,.,.,.,.,.,.,.,.,.,.,.,.,.,Vivian,Khamis,,
Fall2021-2022(202210),11200,EDUC,399A,14,M.ATHESIS,9,0,AS,0,5,.,.,.,.,.,.,.,.,.,.,.,.,.,.,.,.,.,.,.,.,.,.,Lina,Khalil,,
Fall2021-2022(202210),11201,EDUC,399A,2,M.ATHESIS,9,0,AS,0,5,.,.,.,.,.,.,.,.,.,.,.,.,.,.,.,.,.,.,.,.,.,.,Saouma,Boujaoude,,
Fall2021-2022(202210),11202,EDUC,399A,3,M.ATHESIS,9,0,AS,2,3,.,.,.,.,.,.,.,.,.,.,.,.,.,.,.,.,.,.,.,.,.,.,Ghazi,Ghaith,,
Fall2021-2022(202210),11203,EDUC,399A,4,M.ATHESIS,9,0,AS,2,3,.,.,.,.,.,.,.,.,.,.,.,.,.,.,.,.,.,.,.,.,.,.,Rima,KaramiAkkary,,
Fall2021-2022(202210),11204,EDUC,399A,5,M.ATHESIS,9,0,AS,0,5,.,.,.,.,.,.,.,.,.,.,.,.,.,.,.,.,.,.,.,.,.,.,Murad,Jurdak,,
Fall2021-2022(202210),11205,EDUC,399A,6,M.ATHESIS,9,0,AS,0,5,.,.,.,.,.,.,.,.,.,.,.,.,.,.,.,.,.,.,.,.,.,.,Rabih,ElMouhayar,,
Fall2021-2022(202210),11206,EDUC,399A,7,M.ATHESIS,9,0,AS,0,5,.,.,.,.,.,.,.,.,.,.,.,.,.,.,.,.,.,.,.,.,.,.,Tamer,Amin,,
Fall2021-2022(202210),11209,EDUC,399B,1,M.ATHESIS,9,0,AS,2,3,.,.,.,.,.,.,.,.,.,.,.,.,.,.,.,.,.,.,.,.,.,.,Rima,KaramiAkkary,,
Fall2021-2022(202210),11210,EDUC,399B,10,M.ATHESIS,9,0,AS,0,5,.,.,.,.,.,.,.,.,.,.,.,.,.,.,.,.,.,.,.,.,.,.,Hoda,Baytiyeh,,
Fall2021-2022(202210),11213,EDUC,399B,13,M.ATHESIS,9,0,AS,1,4,.,.,.,.,.,.,.,.,.,.,.,.,.,.,.,.,.,.,.,.,.,.,Ghazi,Ghaith,,
Fall2021-2022(202210),11214,EDUC,399B,14,M.ATHESIS,9,0,AS,0,5,.,.,.,.,.,.,.,.,.,.,.,.,.,.,.,.,.,.,.,.,.,.,Lina,Khalil,,
Fall2021-2022(202210),11215,EDUC,399B,2,M.ATHESIS,9,0,AS,0,5,.,.,.,.,.,.,.,.,.,.,.,.,.,.,.,.,.,.,.,.,.,.,Saouma,Boujaoude,,
Fall2021-2022(202210),11216,EDUC,399B,3,M.ATHESIS,9,0,AS,1,4,.,.,.,.,.,.,.,.,.,.,.,.,.,.,.,.,.,.,.,.,.,.,Murad,Jurdak,,
Fall2021-2022(202210),11217,EDUC,399B,4,M.ATHESIS,9,0,AS,0,5,.,.,.,.,.,.,.,.,.,.,.,.,.,.,.,.,.,.,.,.,.,.,Vivian,Khamis,,
Fall2021-2022(202210),11218,EDUC,399B,5,M.ATHESIS,9,0,AS,1,4,.,.,.,.,.,.,.,.,.,.,.,.,.,.,.,.,.,.,.,.,.,.,Karma,El-Hassan,,
Fall2021-2022(202210),11219,EDUC,399B,6,M.ATHESIS,9,0,AS,1,4,.,.,.,.,.,.,.,.,.,.,.,.,.,.,.,.,.,.,.,.,.,.,Anies,Al-Hroub,,
Fall2021-2022(202210),11220,EDUC,399B,7,M.ATHESIS,9,0,AS,0,5,.,.,.,.,.,.,.,.,.,.,.,.,.,.,.,.,.,.,.,.,.,.,Rabih,ElMouhayar,,
Fall2021-2022(202210),11221,EDUC,399B,8,M.ATHESIS,9,0,AS,0,5,.,.,.,.,.,.,.,.,.,.,.,.,.,.,.,.,.,.,.,.,.,.,Rola,Khishfe,,
Fall2021-2022(202210),11222,EDUC,399B,9,M.ATHESIS,9,0,AS,1,4,.,.,.,.,.,.,.,.,.,.,.,.,.,.,.,.,.,.,.,.,.,.,Tamer,Amin,,
Fall2021-2022(202210),11223,EDUC,399C,1,M.ATHESIS,9,0,AS,1,4,.,.,.,.,.,.,.,.,.,.,.,.,.,.,.,.,.,.,.,.,.,.,Karma,El-Hassan,,
Fall2021-2022(202210),11224,EDUC,399C,10,M.ATHESIS,9,0,AS,0,5,.,.,.,.,.,.,.,.,.,.,.,.,.,.,.,.,.,.,.,.,.,.,Murad,Jurdak,,
Fall2021-2022(202210),11225,EDUC,399C,11,M.ATHESIS,9,0,AS,0,5,.,.,.,.,.,.,.,.,.,.,.,.,.,.,.,.,.,.,.,.,.,.,Rola,Khishfe,,
Fall2021-2022(202210),11226,EDUC,399C,12,M.ATHESIS,9,0,AS,0,5,.,.,.,.,.,.,.,.,.,.,.,.,.,.,.,.,.,.,.,.,.,.,Vivian,Khamis,,
Fall2021-2022(202210),11227,EDUC,399C,13,M.ATHESIS,9,0,AS,0,5,.,.,.,.,.,.,.,.,.,.,.,.,.,.,.,.,.,.,.,.,.,.,Rabih,ElMouhayar,,
Fall2021-2022(202210),11228,EDUC,399C,14,M.ATHESIS,9,0,AS,0,5,.,.,.,.,.,.,.,.,.,.,.,.,.,.,.,.,.,.,.,.,.,.,Lina,Khalil,,
Fall2021-2022(202210),11229,EDUC,399C,2,M.ATHESIS,9,0,AS,2,3,.,.,.,.,.,.,.,.,.,.,.,.,.,.,.,.,.,.,.,.,.,.,Rima,KaramiAkkary,,
Fall2021-2022(202210),11230,EDUC,399C,3,M.ATHESIS,9,0,AS,0,5,.,.,.,.,.,.,.,.,.,.,.,.,.,.,.,.,.,.,.,.,.,.,Tamer,Amin,,
Fall2021-2022(202210),11233,EDUC,399C,6,M.ATHESIS,9,0,AS,0,5,.,.,.,.,.,.,.,.,.,.,.,.,.,.,.,.,.,.,.,.,.,.,Hoda,Baytiyeh,,
Fall2021-2022(202210),11234,EDUC,399C,7,M.ATHESIS,9,0,AS,0,5,.,.,.,.,.,.,.,.,.,.,.,.,.,.,.,.,.,.,.,.,.,.,Saouma,Boujaoude,,
Fall2021-2022(202210),11235,EDUC,399C,8,M.ATHESIS,9,0,AS,0,5,.,.,.,.,.,.,.,.,.,.,.,.,.,.,.,.,.,.,.,.,.,.,Ghazi,Ghaith,,
Fall2021-2022(202210),11236,EDUC,399C,9,M.ATHESIS,9,0,AS,0,5,.,.,.,.,.,.,.,.,.,.,.,.,.,.,.,.,.,.,.,.,.,.,Anies,Al-Hroub,,
Fall2021-2022(202210),13135,EDUC,399D,1,M.ATHESIS,9,1,AS,3,-3,.,.,.,.,.,.,.,.,.,.,.,.,.,.,.,.,.,.,.,.,.,.,Karma,El-Hassan,,
Fall2021-2022(202210),13299,EDUC,399D,2,M.ATHESIS,9,1,AS,1,-1,.,.,.,.,.,.,.,.,.,.,.,.,.,.,.,.,.,.,.,.,.,.,Lina,Khalil,,
Fall2021-2022(202210),13326,EDUC,399D,3,M.ATHESIS,9,1,AS,1,-1,.,.,.,.,.,.,.,.,.,.,.,.,.,.,.,.,.,.,.,.,.,.,Tamer,Amin,,
Fall2021-2022(202210),13469,EDUC,399D,4,M.ATHESIS,9,1,AS,0,0,.,.,.,.,.,.,.,.,.,.,.,.,.,.,.,.,.,.,.,.,.,.,Vivian,Khamis,,
Fall2021-2022(202210),13398,EDUC,399F,1,M.ATHESIS,9,1,AS,1,-1,.,.,.,.,.,.,.,.,.,.,.,.,.,.,.,.,.,.,.,.,.,.,Vivian,Khamis,,
Fall2021-2022(202210),13241,EDUC,401,1,TeachinginHigherEducationI,0,0,AS,14,5,.,.,.,.,.,.,.,.,.,.,.,.,.,.,.,.,.,.,.,.,.,.,Saouma,Boujaoude,,
Fall2021-2022(202210),11237,EECE,210,1,ElectricCircuits,3,3,EA,45,-5,0800,0850,BECHTA,202,M,.,W,.,F,.,.,1700,1830,SRB,413,M,.,.,.,.,.,.,Karim,Kabalan,,
Fall2021-2022(202210),11238,EECE,210,2,ElectricCircuits,3,3,EA,49,-9,0900,0950,BECHTA,204,M,.,W,.,F,.,.,1700,1830,SRB,413,.,T,.,.,.,.,.,Fadi,Karameh,,
Fall2021-2022(202210),11239,EECE,210,3,ElectricCircuits,3,3,EA,36,4,1000,1050,IOEC,217,M,.,W,.,F,.,.,1700,1830,IOEC,217,.,.,W,.,.,.,.,Sami,Karaki,,
Fall2021-2022(202210),11240,EECE,210,4,ElectricCircuits,3,3,EA,44,-4,1000,1050,BECHTA,212,M,.,W,.,F,.,.,1700,1830,IOEC,518,.,.,.,R,.,.,.,Fadi,Karameh,,
Fall2021-2022(202210),13161,EECE,210,5,ElectricCircuits,3,3,EA,32,8,0800,0850,BECHTA,211,M,.,W,.,F,.,.,1700,1820,IOEC,518,.,.,W,.,.,.,.,Jihad,Fahs,,
Fall2021-2022(202210),11241,EECE,230,1,IntroductiontoProgramming,3,3,EA,25,5,0900,0950,IOEC,224C,M,.,W,.,F,.,.,1400,1645,IOEC,518,.,.,W,.,.,.,.,Louay,Bazzi,,
Fall2021-2022(202210),11242,EECE,231,1,Int.toComputat.&Progr.w.Appl.,3,3,EA,18,0,0900,0950,BECHTA,107,M,.,W,.,F,.,.,1400,1545,SRB,215,M,.,.,.,.,.,.,Hikmat,Farhat,,
Fall2021-2022(202210),11243,EECE,231,10,Int.toComputat.&Progr.w.Appl.,3,3,EA,18,0,0900,0950,IOEC,217,M,.,W,.,F,.,.,1400,1545,SRB,215,.,.,.,R,.,.,.,Manal,Jalloul,,
Fall2021-2022(202210),11244,EECE,231,11,Int.toComputat.&Progr.w.Appl.,3,3,EA,17,1,0900,0950,IOEC,217,M,.,W,.,F,.,.,1400,1545,SRB,217,.,.,.,R,.,.,.,Manal,Jalloul,,
Fall2021-2022(202210),11245,EECE,231,12,Int.toComputat.&Progr.w.Appl.,3,3,EA,18,0,1000,1050,BECHTA,204,M,.,W,.,F,.,.,1400,1545,SRB,215,.,.,.,.,F,.,.,Ibrahim,AbouFaycal,,
Fall2021-2022(202210),11246,EECE,231,13,Int.toComputat.&Progr.w.Appl.,3,3,EA,18,0,1000,1050,BECHTA,204,M,.,W,.,F,.,.,1400,1545,SRB,205,.,.,.,.,F,.,.,Ibrahim,AbouFaycal,,
Fall2021-2022(202210),11248,EECE,231,3,Int.toComputat.&Progr.w.Appl.,3,3,EA,33,7,0900,0950,BECHTA,107,M,.,W,.,F,.,.,1400,1545,IOEC,518,M,.,.,.,.,.,.,Hikmat,Farhat,,
Fall2021-2022(202210),11249,EECE,231,4,Int.toComputat.&Progr.w.Appl.,3,3,EA,16,2,0800,0850,BECHTA,208,M,.,W,.,F,.,.,1600,1745,SRB,215,M,.,.,.,.,.,.,Rasha,Alkhansa,,
Fall2021-2022(202210),11250,EECE,231,5,Int.toComputat.&Progr.w.Appl.,3,3,EA,15,3,0800,0850,BECHTA,208,M,.,W,.,F,.,.,1600,1745,SRB,217,M,.,.,.,.,.,.,Rasha,Alkhansa,,
Fall2021-2022(202210),11251,EECE,231,6,Int.toComputat.&Progr.w.Appl.,3,3,EA,18,0,0800,0915,BECHTA,111,.,T,.,R,.,.,.,1400,1545,SRB,201,.,T,.,.,.,.,.,Ayman,Tajeddine,,
Fall2021-2022(202210),11252,EECE,231,7,Int.toComputat.&Progr.w.Appl.,3,3,EA,14,4,0800,0915,BECHTA,111,.,T,.,R,.,.,.,1400,1545,SRB,207,.,T,.,.,.,.,.,Ayman,Tajeddine,,
Fall2021-2022(202210),11253,EECE,231,8,Int.toComputat.&Progr.w.Appl.,3,3,EA,18,0,0800,0850,MAMC,207,M,.,W,.,F,.,.,1400,1545,SRB,207,.,.,W,.,.,.,.,Manal,Jalloul,,
Fall2021-2022(202210),11254,EECE,231,9,Int.toComputat.&Progr.w.Appl.,3,3,EA,16,2,0800,0850,MAMC,207,M,.,W,.,F,.,.,1400,1545,SRB,215,.,.,W,.,.,.,.,Manal,Jalloul,,
Fall2021-2022(202210),11255,EECE,310,1,Electronics,3,3,EA,43,-3,1100,1215,BECHTA,109,.,T,.,R,.,.,.,.,.,.,.,.,.,.,.,.,.,.,Ayman,Kayssi,,
Fall2021-2022(202210),11256,EECE,310,2,Electronics,3,3,EA,35,5,1000,1050,BECHTA,107,M,.,W,.,F,.,.,.,.,.,.,.,.,.,.,.,.,.,Rabih,Jabr,,
Fall2021-2022(202210),11257,EECE,310,3,Electronics,3,3,EA,48,-8,1100,1150,BECHTA,109,M,.,W,.,F,.,.,.,.,.,.,.,.,.,.,.,.,.,Ayman,Kayssi,,
Fall2021-2022(202210),11258,EECE,310L,1,ElectricCircuitsLaboratory,1,1,EA,20,0,1500,1745,IOEC,510,M,.,.,.,.,.,.,.,.,.,.,.,.,.,.,.,.,.,Sara,Khaddaj,,
Fall2021-2022(202210),11259,EECE,310L,2,ElectricCircuitsLaboratory,1,1,EA,20,0,1100,1345,IOEC,510,.,T,.,.,.,.,.,.,.,.,.,.,.,.,.,.,.,.,Sara,Khaddaj,,
Fall2021-2022(202210),11260,EECE,310L,3,ElectricCircuitsLaboratory,1,1,EA,21,-1,1400,1645,IOEC,510,.,T,.,.,.,.,.,.,.,.,.,.,.,.,.,.,.,.,Sara,Khaddaj,,
Fall2021-2022(202210),11261,EECE,310L,4,ElectricCircuitsLaboratory,1,1,EA,22,-2,1400,1645,IOEC,510,.,.,W,.,.,.,.,.,.,.,.,.,.,.,.,.,.,.,Sara,Khaddaj,,
Fall2021-2022(202210),11262,EECE,310L,5,ElectricCircuitsLaboratory,1,1,EA,23,-3,1400,1645,IOEC,510,.,.,.,R,.,.,.,.,.,.,.,.,.,.,.,.,.,.,Sara,Khaddaj,,
Fall2021-2022(202210),11263,EECE,310L,6,ElectricCircuitsLaboratory,1,1,EA,20,0,1400,1645,IOEC,510,.,.,.,.,F,.,.,.,.,.,.,.,.,.,.,.,.,.,Sara,Khaddaj,,
Fall2021-2022(202210),11265,EECE,312,2,ElectronicsforMechEng.Stud.,3,3,EA,39,1,0900,0950,BECHTA,109,M,.,W,.,F,.,.,.,.,.,.,.,.,.,.,.,.,.,FatimaAl-Zahra,Asadallah,,
Fall2021-2022(202210),11266,EECE,312,3,ElectronicsforMechEng.Stud.,3,3,EA,43,-3,0800,0915,IOEC,224B,.,T,.,R,.,.,.,.,.,.,.,.,.,.,.,.,.,.,FatimaAl-Zahra,Asadallah,,
Fall2021-2022(202210),11267,EECE,312L,1,CircuitsandElctronisLab.,1,1,EA,19,1,1400,1645,IOEC,511,M,.,.,.,.,.,.,.,.,.,.,.,.,.,.,.,.,.,Sara,Khaddaj,,
Fall2021-2022(202210),11268,EECE,312L,2,CircuitsandElctronisLab.,1,1,EA,20,0,1400,1645,IOEC,511,.,T,.,.,.,.,.,.,.,.,.,.,.,.,.,.,.,.,Sara,Khaddaj,,
Fall2021-2022(202210),11269,EECE,312L,3,CircuitsandElctronisLab.,1,1,EA,18,2,1400,1645,IOEC,511,.,.,W,.,.,.,.,.,.,.,.,.,.,.,.,.,.,.,Sara,Khaddaj,,
Fall2021-2022(202210),11270,EECE,312L,4,CircuitsandElctronisLab.,1,1,EA,12,0,1400,1645,IOEC,511,.,.,.,R,.,.,.,.,.,.,.,.,.,.,.,.,.,.,Sara,Khaddaj,,
Fall2021-2022(202210),11271,EECE,312L,5,CircuitsandElctronisLab.,1,1,EA,11,9,1400,1645,IOEC,511,.,.,.,.,F,.,.,.,.,.,.,.,.,.,.,.,.,.,Sara,Khaddaj,,
Fall2021-2022(202210),11272,EECE,320,1,DigitalSystemsDesign,3,3,EA,40,0,0800,0850,BECHTA,205,M,.,W,.,F,.,.,.,.,.,.,.,.,.,.,.,.,.,Mohammed,Al-Husseini,,
Fall2021-2022(202210),11273,EECE,320,2,DigitalSystemsDesign,3,3,EA,38,2,0900,0950,BECHTA,205,M,.,W,.,F,.,.,.,.,.,.,.,.,.,.,.,.,.,Mazen,Saghir,,
Fall2021-2022(202210),11274,EECE,320,3,DigitalSystemsDesign,3,3,EA,62,-22,1000,1050,BECHTA,202,M,.,W,.,F,.,.,.,.,.,.,.,.,.,.,.,.,.,FatimaAl-Zahra,Asadallah,,
Fall2021-2022(202210),11275,EECE,330,1,DataStructures&Algorithms,3,3,EA,19,-4,0800,0850,BECHTA,109,M,.,W,.,F,.,.,1400,1645,SRB,203,M,.,.,.,.,.,.,Ibrahim,Issa,,
Fall2021-2022(202210),11276,EECE,330,2,DataStructures&Algorithms,3,3,EA,19,-4,0800,0850,BECHTA,109,M,.,W,.,F,.,.,1400,1645,SRB,205,M,.,.,.,.,.,.,Ibrahim,Issa,,
Fall2021-2022(202210),11277,EECE,330,3,DataStructures&Algorithms,3,3,EA,18,-3,0900,0950,BECHTA,202,M,.,W,.,F,.,.,1400,1645,SRB,215,.,T,.,.,.,.,.,Ali,Hajj,,
Fall2021-2022(202210),11278,EECE,330,4,DataStructures&Algorithms,3,3,EA,18,-3,0900,0950,BECHTA,202,M,.,W,.,F,.,.,1400,1645,SRB,217,.,T,.,.,.,.,.,Ali,Hajj,,
Fall2021-2022(202210),11279,EECE,330,5,DataStructures&Algorithms,3,3,EA,19,-4,0800,0850,BECHTA,109,M,.,W,.,F,.,.,1400,1645,SRB,207,M,.,.,.,.,.,.,Ibrahim,Issa,,
Fall2021-2022(202210),11280,EECE,330,6,DataStructures&Algorithms,3,3,EA,23,7,0900,0950,BECHTA,202,M,.,W,.,F,.,.,1400,1645,SRB,413,.,T,.,.,.,.,.,Ali,Hajj,,
Fall2021-2022(202210),11281,EECE,331,1,DesignofAnalysis&Algorithms,3,3,EA,62,-22,1000,1050,BECHTA,111,M,.,W,.,F,.,.,.,.,.,.,.,.,.,.,.,.,.,Louay,Bazzi,,
Fall2021-2022(202210),11282,EECE,332,1,Object-Oriented&Effec.JavaPro,3,3,EA,67,-27,1100,1150,BECHTA,202,M,.,W,.,F,.,.,1400,1645,BECHTA,202,.,.,.,.,F,.,.,Rasha,Alkhansa,,
Fall2021-2022(202210),11283,EECE,351,1,ComputingNetworks&Services,3,3,EA,18,22,0800,0915,BECHTA,109,.,T,.,R,.,.,.,.,.,.,.,.,.,.,.,.,.,.,HassanAli,Artail,,
Fall2021-2022(202210),11284,EECE,370,1,EletricMachines&PowerFundam,3,3,EA,49,-9,0900,0950,BECHTA,212,M,.,W,.,F,.,.,.,.,.,.,.,.,.,.,.,.,.,MohamadKhaled,Joujou,,
Fall2021-2022(202210),11285,EECE,380,1,EngineeringElectromagnetics,3,3,EA,30,10,1000,1050,BECHTA,205,M,.,W,.,F,.,.,.,.,.,.,.,.,.,.,.,.,.,Youssef,Tawk,,
Fall2021-2022(202210),11286,EECE,380,2,EngineeringElectromagnetics,3,3,EA,39,1,0930,1045,BECHTA,203,.,T,.,R,.,.,.,.,.,.,.,.,.,.,.,.,.,.,Joseph,Costantine,,
Fall2021-2022(202210),11287,EECE,423,1,ReconfigurableComputiong,3,3,EA,38,-18,1100,1150,BECHTA,111,M,.,W,.,F,.,.,.,.,.,.,.,.,.,.,.,.,.,Mazen,Saghir,,
Fall2021-2022(202210),13328,EECE,425,1,Embedd.MicroprocessorSys.Des.,3,3,EA,1,0,.,.,.,.,.,.,.,.,.,.,.,.,.,.,.,.,.,.,.,.,.,.,Mazen,Saghir,,
Fall2021-2022(202210),11288,EECE,430,1,SoftwareEngineering,3,3,EA,44,-4,0800,0850,BECHTA,107,M,.,W,.,F,.,.,.,.,.,.,.,.,.,.,.,.,.,Ali,Hajj,,
Fall2021-2022(202210),11289,EECE,432,1,OperatingSystems,3,3,EA,42,-2,0900,0950,IOEC,224B,M,.,W,.,F,.,.,.,.,.,.,.,.,.,.,.,.,.,Fadi,Zaraket,,
Fall2021-2022(202210),11290,EECE,435L,1,SoftwareToolsLaboratory,1,1,EA,14,2,1400,1645,IOEC,422,M,.,.,.,.,.,.,.,.,.,.,.,.,.,.,.,.,.,Nabil,Makarem,,
Fall2021-2022(202210),11291,EECE,435L,2,SoftwareToolsLaboratory,1,1,EA,16,0,1400,1645,IOEC,422,.,T,.,.,.,.,.,.,.,.,.,.,.,.,.,.,.,.,Nabil,Makarem,,
Fall2021-2022(202210),11292,EECE,435L,3,SoftwareToolsLaboratory,1,1,EA,15,1,1400,1645,IOEC,422,.,.,.,R,.,.,.,.,.,.,.,.,.,.,.,.,.,.,Nabil,Makarem,,
Fall2021-2022(202210),13145,EECE,435L,4,SoftwareToolsLaboratory,1,1,EA,16,0,1400,1645,IOEC,422,.,.,W,.,.,.,.,.,.,.,.,.,.,.,.,.,.,.,Nabil,Makarem,,
Fall2021-2022(202210),11293,EECE,442,1,CommunicationSystems,3,3,EA,50,-5,0900,0950,BECHTA,111,M,.,W,.,F,.,.,.,.,.,.,.,.,.,.,.,.,.,Ibrahim,AbouFaycal,,
Fall2021-2022(202210),11294,EECE,442,2,CommunicationSystems,3,3,EA,49,-4,0930,1045,BECHTA,202,.,T,.,R,.,.,.,.,.,.,.,.,.,.,.,.,.,.,Karim,Kabalan,,
Fall2021-2022(202210),11295,EECE,442,3,CommunicationSystems,3,3,EA,50,-5,1100,1215,BECHTA,202,.,T,.,R,.,.,.,.,.,.,.,.,.,.,.,.,.,.,Karim,Kabalan,,
Fall2021-2022(202210),11296,EECE,442L,1,CommunicationsLaboratory,1,1,EA,0,0,1400,1645,IOEC,522,.,T,.,.,.,.,.,.,.,.,.,.,.,.,.,.,.,.,Sara,Khaddaj,,
Fall2021-2022(202210),11297,EECE,442L,2,CommunicationsLaboratory,1,1,EA,12,0,1400,1645,IOEC,522,.,.,W,.,.,.,.,.,.,.,.,.,.,.,.,.,.,.,Nicolas,Ashkar,,
Fall2021-2022(202210),11298,EECE,451,1,MobileNetworks&Applications,3,3,EA,40,0,0930,1045,BECHTA,109,.,T,.,R,.,.,.,.,.,.,.,.,.,.,.,.,.,.,HassanAli,Artail,,
Fall2021-2022(202210),13132,EECE,451,2,MobileNetworks&Applications,3,3,EA,23,17,0930,1045,IOEC,217,.,T,.,R,.,.,.,.,.,.,.,.,.,.,.,.,.,.,AliI,Hussein,,
Fall2021-2022(202210),11299,EECE,451L,1,InternetworkingLaboratory,1,1,EA,12,-2,1530,1820,RGB,305,M,.,.,.,.,.,.,.,.,.,.,.,.,.,.,.,.,.,Ayman,Kayssi,,
Fall2021-2022(202210),11300,EECE,451L,2,InternetworkingLaboratory,1,1,EA,10,0,1530,1820,RGB,305,.,T,.,.,.,.,.,.,.,.,.,.,.,.,.,.,.,.,Ayman,Kayssi,,
Fall2021-2022(202210),11301,EECE,451L,3,InternetworkingLaboratory,1,1,EA,12,-2,1530,1820,RGB,305,.,.,W,.,.,.,.,.,.,.,.,.,.,.,.,.,.,.,Ayman,Kayssi,,
Fall2021-2022(202210),11302,EECE,451L,4,InternetworkingLaboratory,1,1,EA,11,-1,1530,1820,RGB,305,.,.,.,R,.,.,.,.,.,.,.,.,.,.,.,.,.,.,Ayman,Kayssi,,
Fall2021-2022(202210),11303,EECE,451L,5,InternetworkingLaboratory,1,1,EA,12,-2,1530,1820,RGB,305,.,.,.,.,F,.,.,.,.,.,.,.,.,.,.,.,.,.,Ayman,Kayssi,,
Fall2021-2022(202210),13146,EECE,451L,6,InternetworkingLaboratory,1,1,EA,12,-2,1730,2020,RGB,305,.,.,W,.,.,.,.,.,.,.,.,.,.,.,.,.,.,.,Ayman,Kayssi,,
Fall2021-2022(202210),13155,EECE,451L,7,InternetworkingLaboratory,1,1,EA,11,-1,1730,2020,.,.,.,.,.,R,.,.,.,.,.,.,.,.,.,.,.,.,.,.,Ayman,Kayssi,,
Fall2021-2022(202210),11304,EECE,455,1,Cryptography&NetworkSecurity,3,3,EA,53,-13,1230,1345,BECHTA,212,M,.,W,.,.,.,.,.,.,.,.,.,.,.,.,.,.,.,Ali,Chehab,,
Fall2021-2022(202210),11305,EECE,455,2,Cryptography&NetworkSecurity,3,3,EA,48,-8,1230,1345,BECHTA,211,M,.,W,.,.,.,.,.,.,.,.,.,.,.,.,.,.,.,AliI,Hussein,,
Fall2021-2022(202210),11306,EECE,460,1,ControlSystems,3,3,EA,32,8,1100,1215,BECHTA,110,.,T,.,R,.,.,.,.,.,.,.,.,.,.,.,.,.,.,Imad,Elhajj,,
Fall2021-2022(202210),11307,EECE,460L,1,ControlSystemsLab,1,1,EA,8,2,1400,1645,IOEC,418,.,T,.,.,.,.,.,.,.,.,.,.,.,.,.,.,.,.,Sara,Khaddaj,,
Fall2021-2022(202210),11308,EECE,460L,2,ControlSystemsLab,1,1,EA,10,0,1400,1645,IOEC,418,.,.,W,.,.,.,.,.,.,.,.,.,.,.,.,.,.,.,Sara,Khaddaj,,
Fall2021-2022(202210),11309,EECE,462L,1,IndustrialControlLaboratory,1,1,EA,8,2,1200,1445,RGB,207,.,.,.,.,F,.,.,.,.,.,.,.,.,.,.,.,.,.,Sara,Khaddaj,,
Fall2021-2022(202210),11310,EECE,470L,1,ElectricMachinesLaboratory,1,1,EA,6,2,1400,1645,RGB,105,M,.,.,.,.,.,.,.,.,.,.,.,.,.,.,.,.,.,Farid,Chaaban,,
Fall2021-2022(202210),11311,EECE,470L,2,ElectricMachinesLaboratory,1,1,EA,9,-1,1100,1345,RGB,105,.,T,.,.,.,.,.,.,.,.,.,.,.,.,.,.,.,.,Farid,Chaaban,,
Fall2021-2022(202210),11312,EECE,470L,3,ElectricMachinesLaboratory,1,1,EA,10,-2,1400,1645,RGB,105,.,.,.,R,.,.,.,.,.,.,.,.,.,.,.,.,.,.,Farid,Chaaban,,
Fall2021-2022(202210),11313,EECE,470L,4,ElectricMachinesLaboratory,1,1,EA,0,0,.,.,RGB,105,.,.,.,.,.,.,.,.,.,.,.,.,.,.,.,.,.,.,Farid,Chaaban,,
Fall2021-2022(202210),11314,EECE,471,1,Fund.ofPowerSystemsAnalysis,3,3,EA,28,12,1100,1150,BECHTA,107,M,.,W,.,F,.,.,.,.,.,.,.,.,.,.,.,.,.,Rabih,Jabr,,
Fall2021-2022(202210),11315,EECE,471L,1,PowerSystemsLaboratory,1,1,EA,9,-2,1400,1645,RGB,104,.,.,.,.,F,.,.,.,.,.,.,.,.,.,.,.,.,.,Rabih,Jabr,,
Fall2021-2022(202210),11316,EECE,474,1,ElectricDrives,3,3,EA,26,14,1000,1050,BECHTA,203,M,.,W,.,F,.,.,.,.,.,.,.,.,.,.,.,.,.,Farid,Chaaban,,
Fall2021-2022(202210),11317,EECE,487,1,Radio-Freq.Integrat.Circ.Desig,3,3,EA,22,-2,1530,1645,BECHTA,209,M,.,W,.,.,.,.,.,.,.,.,.,.,.,.,.,.,.,Youssef,Tawk,,
Fall2021-2022(202210),11318,EECE,490,1,Introduct.toMachineLearning,3,3,EA,44,-4,0930,1045,BECHTA,205,.,T,.,R,.,.,.,.,.,.,.,.,.,.,.,.,.,.,Mariette,Awad,,
Fall2021-2022(202210),11319,EECE,490,2,Introduct.toMachineLearning,3,3,EA,44,-4,1100,1215,BECHTA,205,.,T,.,R,.,.,.,.,.,.,.,.,.,.,.,.,.,.,Mariette,Awad,,
Fall2021-2022(202210),13183,EECE,499,1,DSPforPVC,3,3,EA,1,0,.,.,.,.,.,.,.,.,.,.,.,.,.,.,.,.,.,.,.,.,.,.,Ali,Chehab,,
Fall2021-2022(202210),13184,EECE,499A,1,DSPforAFib,3,3,EA,1,0,.,.,.,.,.,.,.,.,.,.,.,.,.,.,.,.,.,.,.,.,.,.,Ali,Chehab,,
Fall2021-2022(202210),13185,EECE,499B,1,Privac.FunnelunderMax.Leakag,3,3,EA,1,0,.,.,.,.,.,.,.,.,.,.,.,.,.,.,.,.,.,.,.,.,.,.,Ibrahim,Issa,,
Fall2021-2022(202210),13186,EECE,499C,1,GuardingIn-MemoryComputer,3,3,EA,1,0,.,.,.,.,.,.,.,.,.,.,.,.,.,.,.,.,.,.,.,.,.,.,Rouwaida,Kanj,,
Fall2021-2022(202210),13187,EECE,499D,1,ADCSchemes,3,3,EA,1,0,.,.,.,.,.,.,.,.,.,.,.,.,.,.,.,.,.,.,.,.,.,.,Rouwaida,Kanj,,
Fall2021-2022(202210),13188,EECE,499E,1,In-MemoryCompute,3,3,EA,1,0,.,.,.,.,.,.,.,.,.,.,.,.,.,.,.,.,.,.,.,.,.,.,Rouwaida,Kanj,,
Fall2021-2022(202210),13189,EECE,499F,1,Memristor-BasedKNNs,3,3,EA,1,0,.,.,.,.,.,.,.,.,.,.,.,.,.,.,.,.,.,.,.,.,.,.,Rouwaida,Kanj,,
Fall2021-2022(202210),13190,EECE,499G,1,FFTInmemoryComputer,3,3,EA,1,0,.,.,.,.,.,.,.,.,.,.,.,.,.,.,.,.,.,.,.,.,.,.,Rouwaida,Kanj,,
Fall2021-2022(202210),13191,EECE,499H,1,SparseFool,3,3,EA,1,0,.,.,.,.,.,.,.,.,.,.,.,.,.,.,.,.,.,.,.,.,.,.,Rouwaida,Kanj,,
Fall2021-2022(202210),13192,EECE,499I,1,DeepFool,3,3,EA,1,0,.,.,.,.,.,.,.,.,.,.,.,.,.,.,.,.,.,.,.,.,.,.,Rouwaida,Kanj,,
Fall2021-2022(202210),13193,EECE,499J,1,VRimplement.forVPinOSCE,3,3,EA,1,0,.,.,.,.,.,.,.,.,.,.,.,.,.,.,.,.,.,.,.,.,.,.,Mariette,Awad,,
Fall2021-2022(202210),13194,EECE,499K,1,Federat.Learn.inOnlineLearn.,3,3,EA,1,0,.,.,.,.,.,.,.,.,.,.,.,.,.,.,.,.,.,.,.,.,.,.,Mariette,Awad,,
Fall2021-2022(202210),13195,EECE,499L,1,Min-costMatchingwithDelays,3,3,EA,1,0,.,.,.,.,.,.,.,.,.,.,.,.,.,.,.,.,.,.,.,.,.,.,Louay,Bazzi,,
Fall2021-2022(202210),13320,EECE,500,1,ApprovedExperience,0,1,EA,3,0,0800,2300,.,.,M,T,W,R,F,S,.,.,.,.,.,.,.,.,.,.,.,.,Ali,Chehab,,
Fall2021-2022(202210),13409,EECE,501,0,FinalYearProject,3,3,EA,0,4,1700,1830,MAMC,ELH,.,T,.,.,.,.,.,.,.,.,.,.,.,.,.,.,.,.,Youssef,Tawk,,
Fall2021-2022(202210),11320,EECE,501,1,FinalYearProject,3,3,EA,179,1,1700,1830,MAMC,ELH,.,T,.,.,.,.,.,.,.,.,.,.,.,.,.,.,.,.,Youssef,Tawk,,
Fall2021-2022(202210),13419,EECE,501,10,FinalYearProject,3,3,EA,0,3,1700,1830,MAMC,ELH,.,T,.,.,.,.,.,.,.,.,.,.,.,.,.,.,.,.,Youssef,Tawk,,
Fall2021-2022(202210),13420,EECE,501,11,FinalYearProject,3,3,EA,0,4,1700,1830,MAMC,ELH,.,T,.,.,.,.,.,.,.,.,.,.,.,.,.,.,.,.,Youssef,Tawk,,
Fall2021-2022(202210),13421,EECE,501,12,FinalYearProject,3,3,EA,0,5,1700,1830,MAMC,ELH,.,T,.,.,.,.,.,.,.,.,.,.,.,.,.,.,.,.,Youssef,Tawk,,
Fall2021-2022(202210),13422,EECE,501,13,FinalYearProject,3,3,EA,0,4,1700,1830,MAMC,ELH,.,T,.,.,.,.,.,.,.,.,.,.,.,.,.,.,.,.,Youssef,Tawk,,
Fall2021-2022(202210),13423,EECE,501,14,FinalYearProject,3,3,EA,0,3,1700,1830,MAMC,ELH,.,T,.,.,.,.,.,.,.,.,.,.,.,.,.,.,.,.,Youssef,Tawk,,
Fall2021-2022(202210),13424,EECE,501,15,FinalYearProject,3,3,EA,0,4,1700,1830,MAMC,ELH,.,T,.,.,.,.,.,.,.,.,.,.,.,.,.,.,.,.,Youssef,Tawk,,
Fall2021-2022(202210),13425,EECE,501,16,FinalYearProject,3,3,EA,0,3,1700,1830,MAMC,ELH,.,T,.,.,.,.,.,.,.,.,.,.,.,.,.,.,.,.,Youssef,Tawk,,
Fall2021-2022(202210),13426,EECE,501,17,FinalYearProject,3,3,EA,0,4,1700,1830,MAMC,ELH,.,T,.,.,.,.,.,.,.,.,.,.,.,.,.,.,.,.,Youssef,Tawk,,
Fall2021-2022(202210),13427,EECE,501,18,FinalYearProject,3,3,EA,0,3,1700,1830,MAMC,ELH,.,T,.,.,.,.,.,.,.,.,.,.,.,.,.,.,.,.,Youssef,Tawk,,
Fall2021-2022(202210),13428,EECE,501,19,FinalYearProject,3,3,EA,0,3,1700,1830,MAMC,ELH,.,T,.,.,.,.,.,.,.,.,.,.,.,.,.,.,.,.,Youssef,Tawk,,
Fall2021-2022(202210),13410,EECE,501,2,FinalYearProject,3,3,EA,0,4,1700,1830,MAMC,ELH,.,T,.,.,.,.,.,.,.,.,.,.,.,.,.,.,.,.,Youssef,Tawk,,
Fall2021-2022(202210),13429,EECE,501,20,FinalYearProject,3,3,EA,0,3,1700,1830,MAMC,ELH,.,T,.,.,.,.,.,.,.,.,.,.,.,.,.,.,.,.,Youssef,Tawk,,
Fall2021-2022(202210),13430,EECE,501,21,FinalYearProject,3,3,EA,0,4,1700,1830,MAMC,ELH,.,T,.,.,.,.,.,.,.,.,.,.,.,.,.,.,.,.,Youssef,Tawk,,
Fall2021-2022(202210),13431,EECE,501,22,FinalYearProject,3,3,EA,0,4,1700,1830,MAMC,ELH,.,T,.,.,.,.,.,.,.,.,.,.,.,.,.,.,.,.,Youssef,Tawk,,
Fall2021-2022(202210),13432,EECE,501,23,FinalYearProject,3,3,EA,0,4,1700,1830,MAMC,ELH,.,T,.,.,.,.,.,.,.,.,.,.,.,.,.,.,.,.,Youssef,Tawk,,
Fall2021-2022(202210),13433,EECE,501,24,FinalYearProject,3,3,EA,0,4,1700,1830,MAMC,ELH,.,T,.,.,.,.,.,.,.,.,.,.,.,.,.,.,.,.,Youssef,Tawk,,
Fall2021-2022(202210),13434,EECE,501,25,FinalYearProject,3,3,EA,0,4,1700,1830,MAMC,ELH,.,T,.,.,.,.,.,.,.,.,.,.,.,.,.,.,.,.,Youssef,Tawk,,
Fall2021-2022(202210),13435,EECE,501,26,FinalYearProject,3,3,EA,0,3,1700,1830,MAMC,ELH,.,T,.,.,.,.,.,.,.,.,.,.,.,.,.,.,.,.,Youssef,Tawk,,
Fall2021-2022(202210),13436,EECE,501,27,FinalYearProject,3,3,EA,0,4,1700,1830,MAMC,ELH,.,T,.,.,.,.,.,.,.,.,.,.,.,.,.,.,.,.,Youssef,Tawk,,
Fall2021-2022(202210),13437,EECE,501,28,FinalYearProject,3,3,EA,0,3,1700,1830,MAMC,ELH,.,T,.,.,.,.,.,.,.,.,.,.,.,.,.,.,.,.,Youssef,Tawk,,
Fall2021-2022(202210),13438,EECE,501,29,FinalYearProject,3,3,EA,0,3,1700,1830,MAMC,ELH,.,T,.,.,.,.,.,.,.,.,.,.,.,.,.,.,.,.,Youssef,Tawk,,
Fall2021-2022(202210),13412,EECE,501,3,FinalYearProject,3,3,EA,0,4,1700,1830,MAMC,ELH,.,T,.,.,.,.,.,.,.,.,.,.,.,.,.,.,.,.,Youssef,Tawk,,
Fall2021-2022(202210),13439,EECE,501,30,FinalYearProject,3,3,EA,0,3,1700,1830,MAMC,ELH,.,T,.,.,.,.,.,.,.,.,.,.,.,.,.,.,.,.,Youssef,Tawk,,
Fall2021-2022(202210),13440,EECE,501,31,FinalYearProject,3,3,EA,0,2,1700,1830,MAMC,ELH,.,T,.,.,.,.,.,.,.,.,.,.,.,.,.,.,.,.,Youssef,Tawk,,
Fall2021-2022(202210),13441,EECE,501,32,FinalYearProject,3,3,EA,0,4,1700,1830,MAMC,ELH,.,T,.,.,.,.,.,.,.,.,.,.,.,.,.,.,.,.,Youssef,Tawk,,
Fall2021-2022(202210),13442,EECE,501,33,FinalYearProject,3,3,EA,0,4,1700,1830,MAMC,ELH,.,T,.,.,.,.,.,.,.,.,.,.,.,.,.,.,.,.,Youssef,Tawk,,
Fall2021-2022(202210),13443,EECE,501,34,FinalYearProject,3,3,EA,0,3,1700,1830,MAMC,ELH,.,T,.,.,.,.,.,.,.,.,.,.,.,.,.,.,.,.,Youssef,Tawk,,
Fall2021-2022(202210),13444,EECE,501,35,FinalYearProject,3,3,EA,0,4,1700,1830,MAMC,ELH,.,T,.,.,.,.,.,.,.,.,.,.,.,.,.,.,.,.,Youssef,Tawk,,
Fall2021-2022(202210),13445,EECE,501,36,FinalYearProject,3,3,EA,0,4,1700,1830,MAMC,ELH,.,T,.,.,.,.,.,.,.,.,.,.,.,.,.,.,.,.,Youssef,Tawk,,
Fall2021-2022(202210),13446,EECE,501,37,FinalYearProject,3,3,EA,0,4,1700,1830,MAMC,ELH,.,T,.,.,.,.,.,.,.,.,.,.,.,.,.,.,.,.,Youssef,Tawk,,
Fall2021-2022(202210),13447,EECE,501,38,FinalYearProject,3,3,EA,0,4,1700,1830,MAMC,ELH,.,T,.,.,.,.,.,.,.,.,.,.,.,.,.,.,.,.,Youssef,Tawk,,
Fall2021-2022(202210),13448,EECE,501,39,FinalYearProject,3,3,EA,0,3,1700,1830,MAMC,ELH,.,T,.,.,.,.,.,.,.,.,.,.,.,.,.,.,.,.,Youssef,Tawk,,
Fall2021-2022(202210),13413,EECE,501,4,FinalYearProject,3,3,EA,0,4,1700,1830,MAMC,ELH,.,T,.,.,.,.,.,.,.,.,.,.,.,.,.,.,.,.,Youssef,Tawk,,
Fall2021-2022(202210),13449,EECE,501,40,FinalYearProject,3,3,EA,0,3,1700,1830,MAMC,ELH,.,T,.,.,.,.,.,.,.,.,.,.,.,.,.,.,.,.,Youssef,Tawk,,
Fall2021-2022(202210),13450,EECE,501,41,FinalYearProject,3,3,EA,0,3,1700,1830,MAMC,ELH,.,T,.,.,.,.,.,.,.,.,.,.,.,.,.,.,.,.,Youssef,Tawk,,
Fall2021-2022(202210),13451,EECE,501,42,FinalYearProject,3,3,EA,0,3,1700,1830,MAMC,ELH,.,T,.,.,.,.,.,.,.,.,.,.,.,.,.,.,.,.,Youssef,Tawk,,
Fall2021-2022(202210),13452,EECE,501,43,FinalYearProject,3,3,EA,0,3,1700,1830,MAMC,ELH,.,T,.,.,.,.,.,.,.,.,.,.,.,.,.,.,.,.,Youssef,Tawk,,
Fall2021-2022(202210),13453,EECE,501,44,FinalYearProject,3,3,EA,0,3,1700,1830,MAMC,ELH,.,T,.,.,.,.,.,.,.,.,.,.,.,.,.,.,.,.,Youssef,Tawk,,
Fall2021-2022(202210),13454,EECE,501,45,FinalYearProject,3,3,EA,0,3,1700,1830,MAMC,ELH,.,T,.,.,.,.,.,.,.,.,.,.,.,.,.,.,.,.,Youssef,Tawk,,
Fall2021-2022(202210),13455,EECE,501,46,FinalYearProject,3,3,EA,0,4,1700,1830,MAMC,ELH,.,T,.,.,.,.,.,.,.,.,.,.,.,.,.,.,.,.,Youssef,Tawk,,
Fall2021-2022(202210),13456,EECE,501,47,FinalYearProject,3,3,EA,0,4,1700,1830,MAMC,ELH,.,T,.,.,.,.,.,.,.,.,.,.,.,.,.,.,.,.,Youssef,Tawk,,
Fall2021-2022(202210),13457,EECE,501,48,FinalYearProject,3,3,EA,0,4,1700,1830,MAMC,ELH,.,T,.,.,.,.,.,.,.,.,.,.,.,.,.,.,.,.,Youssef,Tawk,,
Fall2021-2022(202210),13458,EECE,501,49,FinalYearProject,3,3,EA,0,4,1700,1830,MAMC,ELH,.,T,.,.,.,.,.,.,.,.,.,.,.,.,.,.,.,.,Youssef,Tawk,,
Fall2021-2022(202210),13414,EECE,501,5,FinalYearProject,3,3,EA,0,3,1700,1830,MAMC,ELH,.,T,.,.,.,.,.,.,.,.,.,.,.,.,.,.,.,.,Youssef,Tawk,,
Fall2021-2022(202210),13459,EECE,501,50,FinalYearProject,3,3,EA,0,4,1700,1830,MAMC,ELH,.,T,.,.,.,.,.,.,.,.,.,.,.,.,.,.,.,.,Youssef,Tawk,,
Fall2021-2022(202210),13460,EECE,501,51,FinalYearProject,3,3,EA,0,2,1700,1830,MAMC,ELH,.,T,.,.,.,.,.,.,.,.,.,.,.,.,.,.,.,.,Youssef,Tawk,,
Fall2021-2022(202210),13461,EECE,501,52,FinalYearProject,3,3,EA,0,2,1700,1830,MAMC,ELH,.,T,.,.,.,.,.,.,.,.,.,.,.,.,.,.,.,.,Youssef,Tawk,,
Fall2021-2022(202210),13415,EECE,501,6,FinalYearProject,3,3,EA,0,4,1700,1830,MAMC,ELH,.,T,.,.,.,.,.,.,.,.,.,.,.,.,.,.,.,.,Youssef,Tawk,,
Fall2021-2022(202210),13416,EECE,501,7,FinalYearProject,3,3,EA,0,4,1700,1830,MAMC,ELH,.,T,.,.,.,.,.,.,.,.,.,.,.,.,.,.,.,.,Youssef,Tawk,,
Fall2021-2022(202210),13417,EECE,501,8,FinalYearProject,3,3,EA,0,3,1700,1830,MAMC,ELH,.,T,.,.,.,.,.,.,.,.,.,.,.,.,.,.,.,.,Youssef,Tawk,,
Fall2021-2022(202210),13418,EECE,501,9,FinalYearProject,3,3,EA,0,5,1700,1830,MAMC,ELH,.,T,.,.,.,.,.,.,.,.,.,.,.,.,.,.,.,.,Youssef,Tawk,,
Fall2021-2022(202210),11321,EECE,601,1,BiomedicalEngineeringI,3,3,EA,0,10,1700,1815,BECHTA,205,M,.,W,.,.,.,.,.,.,.,.,.,.,.,.,.,.,.,NassirHussni,Sabah,,
Fall2021-2022(202210),11322,EECE,601,2,BiomedicalEngineeringI,3,3,EA,10,10,1700,1815,BECHTA,205,M,.,W,.,.,.,.,.,.,.,.,.,.,.,.,.,.,.,NassirHussni,Sabah,,
Fall2021-2022(202210),11323,EECE,603,1,Biomed.Signal&ImageProcess.,3,3,EA,1,9,1400,1515,BECHTA,208,M,.,W,.,.,.,.,.,.,.,.,.,.,.,.,.,.,.,Fadi,Karameh,,
Fall2021-2022(202210),11324,EECE,603,2,Biomed.Signal&ImageProcess.,3,3,EA,12,8,1400,1515,BECHTA,208,M,.,W,.,.,.,.,.,.,.,.,.,.,.,.,.,.,.,Fadi,Karameh,,
Fall2021-2022(202210),11325,EECE,623,1,ReconfigurableComputing,3,3,EA,0,10,1100,1150,BECHTA,111,M,.,W,.,F,.,.,.,.,.,.,.,.,.,.,.,.,.,Mazen,Saghir,,
Fall2021-2022(202210),11326,EECE,636,1,AutomatedReasoning,3,3,EA,10,0,1530,1645,BECHTA,208,M,.,W,.,.,.,.,.,.,.,.,.,.,.,.,.,.,.,Fadi,Zaraket,,
Fall2021-2022(202210),11327,EECE,636,2,AutomatedReasoning,3,3,EA,13,7,1530,1645,BECHTA,208,M,.,W,.,.,.,.,.,.,.,.,.,.,.,.,.,.,.,Fadi,Zaraket,,
Fall2021-2022(202210),11328,EECE,639,1,AdvancedDataMining,3,3,EA,0,0,.,.,.,.,.,.,.,.,.,.,.,.,.,.,.,.,.,.,.,.,.,.,.,STAFF,,
Fall2021-2022(202210),11329,EECE,639,2,AdvancedDataMining,3,3,EA,0,0,.,.,.,.,.,.,.,.,.,.,.,.,.,.,.,.,.,.,.,.,.,.,.,STAFF,,
Fall2021-2022(202210),11330,EECE,655,1,InternetSecurity,3,3,EA,6,4,1530,1645,BECHTA,110,.,T,.,R,.,.,.,.,.,.,.,.,.,.,.,.,.,.,Imad,Elhajj,,
Fall2021-2022(202210),11331,EECE,655,2,InternetSecurity,3,3,EA,22,-2,1530,1645,BECHTA,110,.,T,.,R,.,.,.,.,.,.,.,.,.,.,.,.,.,.,Imad,Elhajj,,
Fall2021-2022(202210),11332,EECE,660,1,SystemAnalysis&Design,3,3,EA,1,9,1400,1515,BECHTA,211,M,.,W,.,.,.,.,.,.,.,.,.,.,.,.,.,.,.,Naseem,Daher,,
Fall2021-2022(202210),11333,EECE,660,2,SystemAnalysis&Design,3,3,EA,5,5,1400,1515,BECHTA,211,M,.,W,.,.,.,.,.,.,.,.,.,.,.,.,.,.,.,Naseem,Daher,,
Fall2021-2022(202210),11334,EECE,674,1,EnergyStorage&Sustainab.Syst,3,3,EA,4,6,1530,1645,BECHTA,203,M,.,W,.,.,.,.,.,.,.,.,.,.,.,.,.,.,.,Sami,Karaki,,
Fall2021-2022(202210),11335,EECE,674,2,EnergyStorage&Sustainab.Syst,3,3,EA,12,8,1530,1645,BECHTA,203,M,.,W,.,.,.,.,.,.,.,.,.,.,.,.,.,.,.,Sami,Karaki,,
Fall2021-2022(202210),13136,EECE,681,1,AdvancedAntennaDesign,3,3,EA,2,-1,.,.,.,.,.,.,.,.,.,.,.,.,.,.,.,.,.,.,.,.,.,.,Joseph,Costantine,,
Fall2021-2022(202210),11336,EECE,684,1,MicrowaveEngineering,3,3,EA,4,6,1530,1645,BECHTA,109,.,T,.,R,.,.,.,.,.,.,.,.,.,.,.,.,.,.,Joseph,Costantine,,
Fall2021-2022(202210),11337,EECE,684,2,MicrowaveEngineering,3,3,EA,19,1,1530,1645,BECHTA,109,.,T,.,R,.,.,.,.,.,.,.,.,.,.,.,.,.,.,Joseph,Costantine,,
Fall2021-2022(202210),11338,EECE,687,1,Radio-Freq.Integra.Circ.Design,3,3,EA,5,5,1530,1645,BECHTA,209,M,.,W,.,.,.,.,.,.,.,.,.,.,.,.,.,.,.,Youssef,Tawk,,
Fall2021-2022(202210),11339,EECE,690,1,Introduct.toMachineLearning,3,3,EA,0,10,0930,1045,BECHTA,205,.,T,.,R,.,.,.,.,.,.,.,.,.,.,.,.,.,.,Mariette,Awad,,
Fall2021-2022(202210),11340,EECE,690,2,Introduct.toMachineLearning,3,3,EA,8,2,1100,1215,BECHTA,205,.,T,.,R,.,.,.,.,.,.,.,.,.,.,.,.,.,.,Mariette,Awad,,
Fall2021-2022(202210),11341,EECE,692,1,ComputerVision,3,3,EA,6,-1,1400,1515,.,.,.,T,.,R,.,.,.,.,.,.,.,.,.,.,.,.,.,.,Daniel,Asmar,,
Fall2021-2022(202210),11342,EECE,692,2,ComputerVision,3,3,EA,11,-6,1400,1515,.,.,.,T,.,R,.,.,.,.,.,.,.,.,.,.,.,.,.,.,Daniel,Asmar,,
Fall2021-2022(202210),13174,EECE,699,1,Top:InArtificialIntelligence,3,3,EA,7,3,1700,1945,BECHTA,110,.,.,.,R,.,.,.,.,.,.,.,.,.,.,.,.,.,.,Mariette,Awad,,
Fall2021-2022(202210),13175,EECE,699,2,Top:InArtificialIntelligence,3,3,EA,21,-1,1700,1945,BECHTA,110,.,.,.,R,.,.,.,.,.,.,.,.,.,.,.,.,.,.,Mariette,Awad,,
Fall2021-2022(202210),11343,EECE,797,1,Seminar,0,0,EA,21,99,1230,1345,MAMC,ELH,.,T,.,.,.,.,.,.,.,.,.,.,.,.,.,.,.,.,Joseph,Costantine,,
Fall2021-2022(202210),11344,EECE,799,1,Thesis,6,7.14,EA,3,17,.,.,.,.,.,.,.,.,.,.,.,.,.,.,.,.,.,.,.,.,.,.,Ali,Chehab,,
Fall2021-2022(202210),11345,EECE,799A,1,Thesis,6,0,EA,5,15,.,.,.,.,.,.,.,.,.,.,.,.,.,.,.,.,.,.,.,.,.,.,Ali,Chehab,,
Fall2021-2022(202210),11346,EECE,799B,1,Thesis,6,0,EA,2,18,.,.,.,.,.,.,.,.,.,.,.,.,.,.,.,.,.,.,.,.,.,.,Ali,Chehab,,
Fall2021-2022(202210),11347,EECE,799C,1,Thesis,6,0,EA,0,20,.,.,.,.,.,.,.,.,.,.,.,.,.,.,.,.,.,.,.,.,.,.,Ali,Chehab,,
Fall2021-2022(202210),11348,EECE,799D,1,Thesis,6,1,EA,1,19,.,.,.,.,.,.,.,.,.,.,.,.,.,.,.,.,.,.,.,.,.,.,Ali,Chehab,,
Fall2021-2022(202210),11349,EECE,799T,1,ComprehensiveExam,0,0,EA,8,12,.,.,.,.,.,.,.,.,.,.,.,.,.,.,.,.,.,.,.,.,.,.,Ali,Chehab,,
Fall2021-2022(202210),11350,EECE,980,1,QualifyingExamI:Compr.Exam,0,0,EA,3,17,.,.,.,.,.,.,.,.,.,.,.,.,.,.,.,.,.,.,.,.,.,.,Ali,Chehab,,
Fall2021-2022(202210),11351,EECE,981,1,Qualif.ExamII:Def.ThesisProp,0,0,EA,1,19,.,.,.,.,.,.,.,.,.,.,.,.,.,.,.,.,.,.,.,.,.,.,Ali,Chehab,,
Fall2021-2022(202210),11352,EECE,982,1,PhDThesis,3,3,EA,1,19,.,.,.,.,.,.,.,.,.,.,.,.,.,.,.,.,.,.,.,.,.,.,Ali,Chehab,,
Fall2021-2022(202210),11353,EECE,982A,1,PhDThesis,3,3,EA,0,20,.,.,.,.,.,.,.,.,.,.,.,.,.,.,.,.,.,.,.,.,.,.,Ali,Chehab,,
Fall2021-2022(202210),11354,EECE,982B,1,PhDThesis,3,3,EA,0,20,.,.,.,.,.,.,.,.,.,.,.,.,.,.,.,.,.,.,.,.,.,.,Ali,Chehab,,
Fall2021-2022(202210),11355,EECE,982C,1,PhDThesis,3,3,EA,0,20,.,.,.,.,.,.,.,.,.,.,.,.,.,.,.,.,.,.,.,.,.,.,Ali,Chehab,,
Fall2021-2022(202210),11356,EECE,983,1,PhDThesis,6,6,EA,1,9,.,.,.,.,.,.,.,.,.,.,.,.,.,.,.,.,.,.,.,.,.,.,Ali,Chehab,,
Fall2021-2022(202210),11357,EECE,983A,1,PhDThesis,6,6,EA,2,8,.,.,.,.,.,.,.,.,.,.,.,.,.,.,.,.,.,.,.,.,.,.,Ali,Chehab,,
Fall2021-2022(202210),11358,EECE,983B,1,PhDThesis,6,6,EA,0,10,.,.,.,.,.,.,.,.,.,.,.,.,.,.,.,.,.,.,.,.,.,.,Ali,Chehab,,
Fall2021-2022(202210),11359,EECE,983C,1,PhDThesis,6,6,EA,0,10,.,.,.,.,.,.,.,.,.,.,.,.,.,.,.,.,.,.,.,.,.,.,Ali,Chehab,,
Fall2021-2022(202210),11360,EECE,984,1,PhDThesis,9,9,EA,0,10,.,.,.,.,.,.,.,.,.,.,.,.,.,.,.,.,.,.,.,.,.,.,Ali,Chehab,,
Fall2021-2022(202210),11361,EECE,984A,1,PhDThesis,9,9,EA,1,9,.,.,.,.,.,.,.,.,.,.,.,.,.,.,.,.,.,.,.,.,.,.,Ali,Chehab,,
Fall2021-2022(202210),11362,EECE,984B,1,PhDThesis,9,9,EA,4,6,.,.,.,.,.,.,.,.,.,.,.,.,.,.,.,.,.,.,.,.,.,.,Ali,Chehab,,
Fall2021-2022(202210),11363,EECE,984C,1,PhDThesis,9,9,EA,1,9,.,.,.,.,.,.,.,.,.,.,.,.,.,.,.,.,.,.,.,.,.,.,Ali,Chehab,,
Fall2021-2022(202210),11364,EECE,986,1,PhDThesis,0,0,EA,0,10,.,.,.,.,.,.,.,.,.,.,.,.,.,.,.,.,.,.,.,.,.,.,Ali,Chehab,,
Fall2021-2022(202210),11365,EECE,986A,1,PhDThesis,0,0,EA,0,10,.,.,.,.,.,.,.,.,.,.,.,.,.,.,.,.,.,.,.,.,.,.,Ali,Chehab,,
Fall2021-2022(202210),11366,EECE,986B,1,PhDThesis,0,0,EA,2,8,.,.,.,.,.,.,.,.,.,.,.,.,.,.,.,.,.,.,.,.,.,.,Ali,Chehab,,
Fall2021-2022(202210),11367,EECE,986C,1,PhDThesis,0,0,EA,1,9,.,.,.,.,.,.,.,.,.,.,.,.,.,.,.,.,.,.,.,.,.,.,Ali,Chehab,,
Fall2021-2022(202210),11368,EECE,987,1,PhDThesisDefense,0,0,EA,3,7,.,.,.,.,.,.,.,.,.,.,.,.,.,.,.,.,.,.,.,.,.,.,Ali,Chehab,,
Fall2021-2022(202210),11369,ENGL,100A,1,IntensiveEnglishCourse,0,12,AS,15,0,0800,1059,REYNOL,414,M,.,W,.,.,.,.,0800,1059,REYNOL,414,.,T,.,R,.,.,.,Sarah,Elcheikhali,,
Fall2021-2022(202210),11370,ENGL,100B,1,IntensiveEnglishCourse,0,12,AS,7,-2,0800,0959,REYNOL,414,M,.,.,.,.,.,.,0800,0959,REYNOL,414,.,T,.,R,.,.,.,Sarah,Elcheikhali,,
Fall2021-2022(202210),11372,ENGL,102,10,EnrichmentCourseinEnglish,3,3,AS,25,0,0800,0915,REYNOL,408,.,T,.,R,.,.,.,.,.,.,.,.,.,.,.,.,.,.,Paul,Saghbini,,
Fall2021-2022(202210),11373,ENGL,102,11,EnrichmentCourseinEnglish,3,3,AS,24,1,1300,1350,PHYS,331,M,.,W,.,F,.,.,.,.,.,.,.,.,.,.,.,.,.,Rabab,Kodeih,,
Fall2021-2022(202210),11374,ENGL,102,12,EnrichmentCourseinEnglish,3,3,AS,25,0,1230,1345,REYNOL,408,.,T,.,R,.,.,.,.,.,.,.,.,.,.,.,.,.,.,Emma,Moughabghab,,
Fall2021-2022(202210),11375,ENGL,102,13,EnrichmentCourseinEnglish,3,3,AS,23,2,1400,1515,REYNOL,408,.,T,.,R,.,.,.,.,.,.,.,.,.,.,.,.,.,.,Amany,Al-Sayyed,,
Fall2021-2022(202210),11376,ENGL,102,14,EnrichmentCourseinEnglish,3,3,AS,25,0,0930,1045,OSB,340,.,T,.,R,.,.,.,.,.,.,.,.,.,.,.,.,.,.,Sawsan,Maktabi,,
Fall2021-2022(202210),13329,ENGL,102,15,EnrichmentCourseinEnglish,3,3,AS,25,0,1000,1050,FISK,339,M,.,W,.,F,.,.,.,.,.,.,.,.,.,.,.,.,.,Mia,Mounzer,,
Fall2021-2022(202210),13330,ENGL,102,16,EnrichmentCourseinEnglish,3,3,AS,24,1,1400,1515,NICELY,108,.,T,.,R,.,.,.,.,.,.,.,.,.,.,.,.,.,.,Zinnia,Shweiry,,
Fall2021-2022(202210),13344,ENGL,102,17,EnrichmentCourseinEnglish,3,3,AS,24,1,1100,1150,NICELY,105,M,.,W,.,F,.,.,.,.,.,.,.,.,.,.,.,.,.,Sara,Baalbaki,,
Fall2021-2022(202210),13384,ENGL,102,18,EnrichmentCourseinEnglish,3,3,AS,23,2,1700,1815,REYNOL,408,.,.,W,.,F,.,.,.,.,.,.,.,.,.,.,.,.,.,Sara,Baalbaki,,
Fall2021-2022(202210),11377,ENGL,102,19,EnrichmentCourseinEnglish,3,3,AS,25,0,1100,1215,REYNOL,408,.,T,.,R,.,.,.,.,.,.,.,.,.,.,.,.,.,.,Souha,Riman,,
Fall2021-2022(202210),11378,ENGL,102,2,EnrichmentCourseinEnglish,3,3,AS,24,1,1400,1450,REYNOL,408,M,.,W,.,F,.,.,.,.,.,.,.,.,.,.,.,.,.,Rabab,Kodeih,,
Fall2021-2022(202210),11379,ENGL,102,20,EnrichmentCourseinEnglish,3,3,AS,24,1,1530,1645,REYNOL,420,.,T,.,R,.,.,.,.,.,.,.,.,.,.,.,.,.,.,Amany,Al-Sayyed,,
Fall2021-2022(202210),13350,ENGL,102,21,EnrichmentCourseinEnglish,3,3,AS,25,0,1500,1550,REYNOL,408,M,.,W,.,F,.,.,.,.,.,.,.,.,.,.,.,.,.,Sara,Baalbaki,,
Fall2021-2022(202210),11380,ENGL,102,25,EnrichmentCourseinEnglish,3,3,AS,25,0,1230,1345,REYNOL,414,.,T,.,R,.,.,.,.,.,.,.,.,.,.,.,.,.,.,Paul,Saghbini,,
Fall2021-2022(202210),11381,ENGL,102,26,EnrichmentCourseinEnglish,3,3,AS,24,1,0930,1045,NICELY,107,.,T,.,R,.,.,.,.,.,.,.,.,.,.,.,.,.,.,Emma,Moughabghab,,
Fall2021-2022(202210),11382,ENGL,102,3,EnrichmentCourseinEnglish,3,3,AS,25,0,0900,0950,NICELY,108,M,.,W,.,F,.,.,.,.,.,.,.,.,.,.,.,.,.,Heba,Hodeib,,
Fall2021-2022(202210),11383,ENGL,102,4,EnrichmentCourseinEnglish,3,3,AS,25,0,1230,1345,CHEM,101,.,T,.,R,.,.,.,.,.,.,.,.,.,.,.,.,.,.,Souha,Riman,,
Fall2021-2022(202210),11384,ENGL,102,5,EnrichmentCourseinEnglish,3,3,AS,25,0,1200,1250,FISK,339,M,.,W,.,F,.,.,.,.,.,.,.,.,.,.,.,.,.,Rima,Iskandarani,,
Fall2021-2022(202210),11385,ENGL,102,6,EnrichmentCourseinEnglish,3,3,AS,23,2,1500,1550,BLISS,206,M,.,W,.,F,.,.,.,.,.,.,.,.,.,.,.,.,.,Heba,Hodeib,,
Fall2021-2022(202210),11386,ENGL,102,7,EnrichmentCourseinEnglish,3,3,AS,25,0,1300,1350,PHYS,333,M,.,W,.,F,.,.,.,.,.,.,.,.,.,.,.,.,.,Rima,Shadid,,
Fall2021-2022(202210),11387,ENGL,102,8,EnrichmentCourseinEnglish,3,3,AS,25,0,1000,1050,REYNOL,408,M,.,W,.,F,.,.,.,.,.,.,.,.,.,.,.,.,.,Nagham,Jaber,,
Fall2021-2022(202210),11388,ENGL,102,9,EnrichmentCourseinEnglish,3,3,AS,25,0,1100,1150,NICELY,327,M,.,W,.,F,.,.,.,.,.,.,.,.,.,.,.,.,.,Ghada,Awada,,
Fall2021-2022(202210),11389,ENGL,107,1,LanguageandCulture,3,3,AS,16,7,0930,1045,FISK,339,.,T,.,R,.,.,.,.,.,.,.,.,.,.,.,.,.,.,Maya,Sfeir,,
Fall2021-2022(202210),11390,ENGL,203,1,AcademicEnglish,3,3,AS,23,2,1100,1150,FISK,339,M,.,W,.,F,.,.,.,.,.,.,.,.,.,.,.,.,.,Mia,Mounzer,,
Fall2021-2022(202210),11391,ENGL,203,10,AcademicEnglish,3,3,AS,25,0,1100,1215,NICELY,107,.,T,.,R,.,.,.,.,.,.,.,.,.,.,.,.,.,.,Emma,Moughabghab,,
Fall2021-2022(202210),11392,ENGL,203,11,AcademicEnglish,3,3,AS,25,0,0930,1045,REYNOL,408,.,T,.,R,.,.,.,.,.,.,.,.,.,.,.,.,.,.,Sarah,Elcheikhali,,
Fall2021-2022(202210),11393,ENGL,203,12,AcademicEnglish,3,3,AS,25,0,1400,1515,REYNOL,420,.,T,.,R,.,.,.,.,.,.,.,.,.,.,.,.,.,.,Abir,Ward,,
Fall2021-2022(202210),11395,ENGL,203,14,AcademicEnglish,3,3,AS,25,0,1000,1050,OSB,340,M,.,W,.,F,.,.,.,.,.,.,.,.,.,.,.,.,.,Lana,Zantout,,
Fall2021-2022(202210),13288,ENGL,203,18,AcademicEnglish,3,3,AS,25,0,1200,1250,NICELY,416,M,.,W,.,F,.,.,.,.,.,.,.,.,.,.,.,.,.,Rola,Ayoubi,,
Fall2021-2022(202210),11400,ENGL,203,2,AcademicEnglish,3,3,AS,25,0,1200,1250,REYNOL,414,M,.,W,.,F,.,.,.,.,.,.,.,.,.,.,.,.,.,Marwa,Mehio,,
Fall2021-2022(202210),11401,ENGL,203,20,AcademicEnglish,3,3,AS,25,0,1200,1250,REYNOL,420,M,.,W,.,F,.,.,.,.,.,.,.,.,.,.,.,.,.,Rabab,Kodeih,,
Fall2021-2022(202210),11402,ENGL,203,21,AcademicEnglish,3,3,AS,25,0,1230,1345,NICELY,107,.,T,.,R,.,.,.,.,.,.,.,.,.,.,.,.,.,.,Gacia,Danaoghlian,,
Fall2021-2022(202210),11403,ENGL,203,22,AcademicEnglish,3,3,AS,25,0,1300,1350,NICELY,321,M,.,W,.,F,.,.,.,.,.,.,.,.,.,.,.,.,.,Rola,Ayoubi,,
Fall2021-2022(202210),13310,ENGL,203,23,AcademicEnglish,3,3,AS,24,1,0800,0850,NICELY,321,M,.,W,.,F,.,.,.,.,.,.,.,.,.,.,.,.,.,Mia,Mounzer,,
Fall2021-2022(202210),11404,ENGL,203,24,AcademicEnglish,3,3,AS,25,0,1200,1250,OSB,340,M,.,W,.,F,.,.,.,.,.,.,.,.,.,.,.,.,.,Lana,Zantout,,
Fall2021-2022(202210),11405,ENGL,203,25,AcademicEnglish,3,3,AS,25,0,1100,1150,REYNOL,408,M,.,W,.,F,.,.,.,.,.,.,.,.,.,.,.,.,.,Marwa,Mehio,,
Fall2021-2022(202210),11407,ENGL,203,27,AcademicEnglish,3,3,AS,24,1,1700,1815,REYNOL,414,.,T,.,R,.,.,.,.,.,.,.,.,.,.,.,.,.,.,Ghada,Awada,,
Fall2021-2022(202210),13385,ENGL,203,28,AcademicEnglish,3,3,AS,15,10,0700,0750,REYNOL,408,M,.,W,.,F,.,.,.,.,.,.,.,.,.,.,.,.,.,Dorota,Fleszar,,
Fall2021-2022(202210),11409,ENGL,203,3,AcademicEnglish,3,3,AS,25,0,1530,1645,REYNOL,414,.,T,.,R,.,.,.,.,.,.,.,.,.,.,.,.,.,.,Ghada,Awada,,
Fall2021-2022(202210),11410,ENGL,203,30,AcademicEnglish,3,3,AS,24,1,0900,0950,NICELY,101,M,.,W,.,F,.,.,.,.,.,.,.,.,.,.,.,.,.,Rima,Iskandarani,,
Fall2021-2022(202210),11413,ENGL,203,33,AcademicEnglish,3,3,AS,25,0,1300,1350,NICELY,101,M,.,W,.,F,.,.,.,.,.,.,.,.,.,.,.,.,.,Heba,Hodeib,,
Fall2021-2022(202210),11414,ENGL,203,34,AcademicEnglish,3,3,AS,25,0,1400,1515,PHYS,331,.,T,.,R,.,.,.,.,.,.,.,.,.,.,.,.,.,.,Souha,Riman,,
Fall2021-2022(202210),11415,ENGL,203,35,AcademicEnglish,3,3,AS,24,1,1100,1215,NICELY,108,.,T,.,R,.,.,.,.,.,.,.,.,.,.,.,.,.,.,Gacia,Danaoghlian,,
Fall2021-2022(202210),11416,ENGL,203,37,AcademicEnglish,3,3,AS,25,0,0930,1045,PHYS,333,.,T,.,R,.,.,.,.,.,.,.,.,.,.,.,.,.,.,Paul,Saghbini,,
Fall2021-2022(202210),11418,ENGL,203,39,AcademicEnglish,3,3,AS,25,0,1230,1345,NICELY,105,.,T,.,R,.,.,.,.,.,.,.,.,.,.,.,.,.,.,Zinnia,Shweiry,,
Fall2021-2022(202210),11421,ENGL,203,41,AcademicEnglish,3,3,AS,24,1,1300,1350,REYNOL,408,M,.,W,.,F,.,.,.,.,.,.,.,.,.,.,.,.,.,Nagham,Jaber,,
Fall2021-2022(202210),11422,ENGL,203,42,AcademicEnglish,3,3,AS,23,2,1530,1645,REYNOL,408,.,T,.,R,.,.,.,.,.,.,.,.,.,.,.,.,.,.,NajwaMoukadem,El-Den,,
Fall2021-2022(202210),11423,ENGL,203,46,AcademicEnglish,3,3,AS,25,0,1200,1250,REYNOL,408,M,.,W,.,F,.,.,.,.,.,.,.,.,.,.,.,.,.,Nagham,Jaber,,
Fall2021-2022(202210),11424,ENGL,203,47,AcademicEnglish,3,3,AS,25,0,1230,1345,OSB,340,.,T,.,R,.,.,.,.,.,.,.,.,.,.,.,.,.,.,Amany,Al-Sayyed,,
Fall2021-2022(202210),11425,ENGL,203,48,AcademicEnglish,3,3,AS,24,1,1000,1050,NICELY,101,M,.,W,.,F,.,.,.,.,.,.,.,.,.,.,.,.,.,Rima,Iskandarani,,
Fall2021-2022(202210),11426,ENGL,203,5,AcademicEnglish,3,3,AS,24,1,1400,1515,REYNOL,414,.,T,.,R,.,.,.,.,.,.,.,.,.,.,.,.,.,.,Emma,Moughabghab,,
Fall2021-2022(202210),11428,ENGL,203,51,AcademicEnglish,3,3,AS,24,1,1230,1345,REYNOL,420,.,T,.,R,.,.,.,.,.,.,.,.,.,.,.,.,.,.,Abir,Ward,,
Fall2021-2022(202210),13279,ENGL,203,52,AcademicEnglish,3,3,AS,25,0,1100,1150,NICELY,417,M,.,W,.,F,.,.,.,.,.,.,.,.,.,.,.,.,.,Rola,Ayoubi,,
Fall2021-2022(202210),13331,ENGL,203,53,AcademicEnglish,3,3,AS,25,0,0900,0950,FISK,339,M,.,W,.,F,.,.,.,.,.,.,.,.,.,.,.,.,.,Mia,Mounzer,,
Fall2021-2022(202210),11429,ENGL,203,6,AcademicEnglish,3,3,AS,24,1,1100,1150,OSB,340,M,.,W,.,F,.,.,.,.,.,.,.,.,.,.,.,.,.,Jasmina,Najjar,,
Fall2021-2022(202210),11430,ENGL,203,7,AcademicEnglish,3,3,AS,23,2,1200,1250,NICELY,101,M,.,W,.,F,.,.,.,.,.,.,.,.,.,.,.,.,.,Heba,Hodeib,,
Fall2021-2022(202210),11433,ENGL,204,1,AdvAcademicEnglish,3,3,AS,25,0,0800,0850,OSB,340,M,.,W,.,F,.,.,.,.,.,.,.,.,.,.,.,.,.,Lana,Zantout,,
Fall2021-2022(202210),11434,ENGL,204,10,AdvAcademicEnglish,3,3,AS,25,0,1000,1050,NICELY,105,M,.,W,.,F,.,.,.,.,.,.,.,.,.,.,.,.,.,Rola,Ayoubi,,
Fall2021-2022(202210),11435,ENGL,204,11,AdvAcademicEnglish,3,3,AS,25,0,1400,1450,REYNOL,414,M,.,W,.,F,.,.,.,.,.,.,.,.,.,.,.,.,.,Marwa,Mehio,,
Fall2021-2022(202210),11437,ENGL,204,13,AdvAcademicEnglish,3,3,AS,0,0,.,.,.,.,.,.,.,.,.,.,.,.,.,.,.,.,.,.,.,.,.,.,.,STAFF,,
Fall2021-2022(202210),11438,ENGL,204,15,AdvAcademicEnglish,3,3,AS,24,1,1100,1215,REYNOL,414,.,T,.,R,.,.,.,.,.,.,.,.,.,.,.,.,.,.,Sarah,Elcheikhali,,
Fall2021-2022(202210),11439,ENGL,204,16,AdvAcademicEnglish,3,3,AS,25,0,1100,1215,OSB,340,.,T,.,R,.,.,.,.,.,.,.,.,.,.,.,.,.,.,Sawsan,Maktabi,,
Fall2021-2022(202210),11440,ENGL,204,17,AdvAcademicEnglish,3,3,AS,25,0,1100,1150,REYNOL,414,M,.,W,.,F,.,.,.,.,.,.,.,.,.,.,.,.,.,Rima,Deeb,,
Fall2021-2022(202210),11441,ENGL,204,18,AdvAcademicEnglish,3,3,AS,25,0,1100,1215,PHYS,333,.,T,.,R,.,.,.,.,.,.,.,.,.,.,.,.,.,.,NajwaMoukadem,El-Den,,
Fall2021-2022(202210),11442,ENGL,204,2,AdvAcademicEnglish,3,3,AS,21,4,0800,0915,OSB,340,.,T,.,R,.,.,.,.,.,.,.,.,.,.,.,.,.,.,Sawsan,Maktabi,,
Fall2021-2022(202210),11443,ENGL,204,4,AdvAcademicEnglish,3,3,AS,25,0,1230,1345,PHYS,333,.,T,.,R,.,.,.,.,.,.,.,.,.,.,.,.,.,.,NajwaMoukadem,El-Den,,
Fall2021-2022(202210),11444,ENGL,204,5,AdvAcademicEnglish,3,3,AS,25,0,1300,1350,REYNOL,420,M,.,W,.,F,.,.,.,.,.,.,.,.,.,.,.,.,.,Sara,Baalbaki,,
Fall2021-2022(202210),11445,ENGL,204,6,AdvAcademicEnglish,3,3,AS,21,4,0900,0950,REYNOL,420,M,.,W,.,F,.,.,.,.,.,.,.,.,.,.,.,.,.,Rima,Shadid,,
Fall2021-2022(202210),11446,ENGL,204,7,AdvAcademicEnglish,3,3,AS,25,0,1200,1250,PHYS,333,M,.,W,.,F,.,.,.,.,.,.,.,.,.,.,.,.,.,Rima,Shadid,,
Fall2021-2022(202210),11447,ENGL,204,8,AdvAcademicEnglish,3,3,AS,0,0,.,.,.,.,.,.,.,.,.,.,.,.,.,.,.,.,.,.,.,.,.,.,.,STAFF,,
Fall2021-2022(202210),11448,ENGL,204,9,AdvAcademicEnglish,3,3,AS,24,1,1400,1515,OSB,340,.,T,.,R,.,.,.,.,.,.,.,.,.,.,.,.,.,.,Sarah,Elcheikhali,,
Fall2021-2022(202210),11449,ENGL,205,1,EnglishLiteratureI,3,3,AS,0,2,.,.,.,.,.,.,.,.,.,.,.,.,.,.,.,.,.,.,.,.,.,.,.,STAFF,,
Fall2021-2022(202210),11450,ENGL,206,1,TechnicalEnglish,3,3,AS,25,0,1200,1250,FISK,337,M,.,W,.,F,.,.,.,.,.,.,.,.,.,.,.,.,.,Malaki,Khoury,,
Fall2021-2022(202210),11451,ENGL,206,2,TechnicalEnglish,3,3,AS,25,0,1300,1350,OSB,340,M,.,W,.,F,.,.,.,.,.,.,.,.,.,.,.,.,.,Jasmina,Najjar,,
Fall2021-2022(202210),11452,ENGL,206,3,TechnicalEnglish,3,3,AS,23,2,1400,1450,OSB,340,M,.,W,.,F,.,.,.,.,.,.,.,.,.,.,.,.,.,Jasmina,Najjar,,
Fall2021-2022(202210),11453,ENGL,206,4,TechnicalEnglish,3,3,AS,24,1,1100,1215,REYNOL,420,.,T,.,R,.,.,.,.,.,.,.,.,.,.,.,.,.,.,Abir,Ward,,
Fall2021-2022(202210),11455,ENGL,206,6,TechnicalEnglish,3,3,AS,25,0,0800,0850,PHYS,333,M,.,W,.,F,.,.,.,.,.,.,.,.,.,.,.,.,.,Rima,Deeb,,
Fall2021-2022(202210),11456,ENGL,206,7,TechnicalEnglish,3,3,AS,24,1,0900,0950,PHYS,333,M,.,W,.,F,.,.,.,.,.,.,.,.,.,.,.,.,.,Rima,Deeb,,
Fall2021-2022(202210),11457,ENGL,206,8,TechnicalEnglish,3,3,AS,25,0,0930,1045,REYNOL,420,.,T,.,R,.,.,.,.,.,.,.,.,.,.,.,.,.,.,May,Mikati,,
Fall2021-2022(202210),11459,ENGL,207,1,EnglishLiteratureII,3,3,AS,24,-1,1230,1345,FISK,309,.,T,.,R,.,.,.,.,.,.,.,.,.,.,.,.,.,.,Syrine,Hout,,
Fall2021-2022(202210),11460,ENGL,209,1,SurveyofAmericanLiterature,3,3,AS,19,4,1400,1515,FISK,313,.,T,.,R,.,.,.,.,.,.,.,.,.,.,.,.,.,.,Sirene,Harb,,
Fall2021-2022(202210),11461,ENGL,212,1,Shakespeare,3,3,AS,16,7,1100,1150,NICELY,214,M,.,W,.,F,.,.,.,.,.,.,.,.,.,.,.,.,.,Christopher,Nassar,,
Fall2021-2022(202210),11462,ENGL,215A,1,Mod.&Contem.BritishIrishTHTR,3,3,AS,11,7,1530,1759,NICELY,321,.,.,.,R,.,.,.,.,.,.,.,.,.,.,.,.,.,.,Robert,Myers,,
Fall2021-2022(202210),11463,ENGL,216,1,Drama,3,3,AS,15,3,1530,1645,NICELY,321,M,.,W,.,.,.,.,.,.,.,.,.,.,.,.,.,.,.,Robert,Myers,,
Fall2021-2022(202210),11464,ENGL,219,1,FilmasText,3,3,AS,9,28,1400,1515,FISK,204A,.,T,.,R,.,.,.,.,.,.,.,.,.,.,.,.,.,.,JoshuaDavid,Gonsalves,,
Fall2021-2022(202210),11465,ENGL,219,2,FilmasText,3,3,AS,18,5,1230,1345,FISK,204A,.,T,.,R,.,.,.,.,.,.,.,.,.,.,.,.,.,.,JoshuaDavid,Gonsalves,,
Fall2021-2022(202210),11466,ENGL,221,1,Intr.toLiteraryTheory,3,3,AS,22,1,1100,1215,FISK,204A,.,T,.,R,.,.,.,.,.,.,.,.,.,.,.,.,.,.,AdamJohn,Waterman,,
Fall2021-2022(202210),11467,ENGL,224,1,EarlyAmericanLiterature,3,3,AS,12,11,1530,1645,NICELY,107,.,T,.,R,.,.,.,.,.,.,.,.,.,.,.,.,.,.,AdamJohn,Waterman,,
Fall2021-2022(202210),11468,ENGL,227,1,IntroductiontoLanguage,3,3,AS,23,0,1400,1515,NICELY,410,M,.,W,.,.,.,.,.,.,.,.,.,.,.,.,.,.,.,May,Mikati,,
Fall2021-2022(202210),11469,ENGL,227,2,IntroductiontoLanguage,3,3,AS,22,1,1530,1645,FISK,313,M,.,W,.,.,.,.,.,.,.,.,.,.,.,.,.,.,.,May,Mikati,,
Fall2021-2022(202210),11472,ENGL,228,1,Phonetics,3,3,AS,6,14,0930,1045,FISK,309,.,T,.,R,.,.,.,.,.,.,.,.,.,.,.,.,.,.,Kassim,Shaaban,,
Fall2021-2022(202210),11473,ENGL,232,1,LanguageAcquisition,3,3,AS,6,14,1100,1215,FISK,309,.,T,.,R,.,.,.,.,.,.,.,.,.,.,.,.,.,.,Kassim,Shaaban,,
Fall2021-2022(202210),11474,ENGL,233,1,IntroductiontoTranslation,3,3,AS,15,0,1530,1645,NICELY,318,.,T,.,R,.,.,.,.,.,.,.,.,.,.,.,.,.,.,Rula,Baalbaki,,
Fall2021-2022(202210),11475,ENGL,233,2,IntroductiontoTranslation,3,3,AS,17,-2,1230,1345,FISK,313,.,T,.,R,.,.,.,.,.,.,.,.,.,.,.,.,.,.,Rula,Baalbaki,,
Fall2021-2022(202210),11476,ENGL,233,3,IntroductiontoTranslation,3,3,AS,15,0,1400,1515,FISK,337,M,.,W,.,.,.,.,.,.,.,.,.,.,.,.,.,.,.,Rula,Baalbaki,,
Fall2021-2022(202210),11477,ENGL,233,4,IntroductiontoTranslation,3,3,AS,0,0,.,.,.,.,.,.,.,.,.,.,.,.,.,.,.,.,.,.,.,.,.,.,.,STAFF,,
Fall2021-2022(202210),11478,ENGL,234,1,LanguageandGender,3,3,AS,24,-1,1530,1645,NICELY,105,M,.,W,.,.,.,.,.,.,.,.,.,.,.,.,.,.,.,KathrynRebecca,Maude,,
Fall2021-2022(202210),11479,ENGL,236,1,CreativeWriting,3,3,AS,15,0,1100,1215,FISK,339,.,T,.,R,.,.,.,.,.,.,.,.,.,.,.,.,.,.,Rima,Rantisi,,
Fall2021-2022(202210),11480,ENGL,236,2,CreativeWriting,3,3,AS,15,0,1400,1515,BLISS,206,.,T,.,R,.,.,.,.,.,.,.,.,.,.,.,.,.,.,Rima,Rantisi,,
Fall2021-2022(202210),11481,ENGL,238,1,Adv.Acad.WritingforEngl.Majr,3,3,AS,6,9,1530,1759,FISK,337,.,T,.,.,.,.,.,.,.,.,.,.,.,.,.,.,.,.,AmyAlice,Zenger,,
Fall2021-2022(202210),11483,ENGL,242C,1,WorldLit.GlobalModernism,3,3,AS,8,15,0930,1045,NICELY,105,.,T,.,R,.,.,.,.,.,.,.,.,.,.,.,.,.,.,Sonja,Mejcher-Atassi,,
Fall2021-2022(202210),11484,ENGL,244R,1,Sp.Tp:Int.toWomen&GenderSt,3,3,AS,25,-2,1400,1515,FISK,309,M,.,W,.,.,.,.,.,.,.,.,.,.,.,.,.,.,.,KathrynRebecca,Maude,,
Fall2021-2022(202210),11485,ENGL,251,1,Playwriting,3,3,AS,0,0,.,.,.,.,.,.,.,.,.,.,.,.,.,.,.,.,.,.,.,.,.,.,.,STAFF,,
Fall2021-2022(202210),11486,ENGL,252,1,CreativeNon-Fiction,3,3,AS,0,0,.,.,.,.,.,.,.,.,.,.,.,.,.,.,.,.,.,.,.,.,.,.,.,STAFF,,
Fall2021-2022(202210),11488,ENGL,254F,1,STCWNarrativ.oftheOrdinary,3,3,AS,13,2,1530,1645,NICELY,417,.,T,.,R,.,.,.,.,.,.,.,.,.,.,.,.,.,.,Rima,Rantisi,,
Fall2021-2022(202210),11489,ENGL,255E,1,GermanLit.inTrans,3,3,AS,0,0,.,.,.,.,.,.,.,.,.,.,.,.,.,.,.,.,.,.,.,.,.,.,.,STAFF,,
Fall2021-2022(202210),11490,ENGL,256B,1,Intro.toDigitalHumanities,3,3,AS,24,-1,1530,1759,FISK,204A,.,T,.,.,.,.,.,.,.,.,.,.,.,.,.,.,.,.,Maya,Sfeir,,
Fall2021-2022(202210),11492,ENGL,258H,1,ST.IranianNovelandWomen,3,3,AS,24,-1,1400,1515,NICELY,107,.,T,.,R,.,.,.,.,.,.,.,.,.,.,.,.,.,.,Alireza,Korangy,,
Fall2021-2022(202210),11493,ENGL,262A,1,Adv.TpinTranslation:Poetry,3,3,AS,15,0,1700,1815,NICELY,410,.,T,.,R,.,.,.,.,.,.,.,.,.,.,.,.,.,.,Rula,Baalbaki,,
Fall2021-2022(202210),11494,ENGL,263,1,TutoringWriting,3,3,AS,7,8,1400,1515,NICELY,105,M,.,W,.,.,.,.,.,.,.,.,.,.,.,.,.,.,.,ToddHunter,Campbell,,
Fall2021-2022(202210),11495,ENGL,264,1,FictionWrit.forVideosGames,3,3,AS,15,0,1700,1929,NICELY,105,M,.,.,.,.,.,.,.,.,.,.,.,.,.,.,.,.,.,TariqMehmood,Ali,,
Fall2021-2022(202210),11496,ENGL,297,1,TheTheatricsofGaming,3,3,AS,0,0,.,.,.,.,.,.,.,.,.,.,.,.,.,.,.,.,.,.,.,.,.,.,.,STAFF,,
Fall2021-2022(202210),11497,ENGL,300,1,WritingintheDisciplines,3,3,AS,10,5,1530,1759,FISK,313,.,.,.,R,.,.,.,.,.,.,.,.,.,.,.,.,.,.,Maya,Sfeir,,
Fall2021-2022(202210),11498,ENGL,300,2,WritingintheDisciplines,3,3,AS,13,2,1400,1515,FISK,339,.,T,.,R,.,.,.,.,.,.,.,.,.,.,.,.,.,.,AmyAlice,Zenger,,
Fall2021-2022(202210),11499,ENGL,301A,1,InttoBibliog&ResearchMethod,3,3,AS,3,9,1530,1759,FISK,309,M,.,.,.,.,.,.,.,.,.,.,.,.,.,.,.,.,.,Sonja,Mejcher-Atassi,,
Fall2021-2022(202210),11500,ENGL,306AA,1,TransLit:ArabDiasporicLit.,3,3,AS,5,7,1530,1759,FISK,339,.,T,.,.,.,.,.,.,.,.,.,.,.,.,.,.,.,.,Syrine,Hout,,
Fall2021-2022(202210),11501,ENGL,341,1,Phonology,3,3,AS,1,4,0930,1045,FISK,309,.,T,.,R,.,.,.,.,.,.,.,.,.,.,.,.,.,.,Kassim,Shaaban,,
Fall2021-2022(202210),11502,ENGL,345,1,LanguageAcquisition,3,3,AS,1,4,1100,1215,FISK,309,.,T,.,R,.,.,.,.,.,.,.,.,.,.,.,.,.,.,Kassim,Shaaban,,
Fall2021-2022(202210),11503,ENGL,395A,1,ComprehensiveExam,0,0,AS,6,-6,.,.,.,.,.,.,.,.,.,.,.,.,.,.,.,.,.,.,.,.,.,.,DavidA,Currell,,
Fall2021-2022(202210),11504,ENGL,399,1,M.AThesis,9,7.2,AS,1,4,.,.,.,.,.,.,.,.,.,.,.,.,.,.,.,.,.,.,.,.,.,.,Lina,Choueiri,,
Fall2021-2022(202210),11505,ENGL,399,10,M.AThesis,9,7.2,AS,2,3,.,.,.,.,.,.,.,.,.,.,.,.,.,.,.,.,.,.,.,.,.,.,DavidA,Currell,,
Fall2021-2022(202210),11506,ENGL,399,11,M.AThesis,9,7.2,AS,0,5,.,.,.,.,.,.,.,.,.,.,.,.,.,.,.,.,.,.,.,.,.,.,Roseanne,Khalaf,,
Fall2021-2022(202210),11507,ENGL,399,13,M.AThesis,9,7.2,AS,0,5,.,.,.,.,.,.,.,.,.,.,.,.,.,.,.,.,.,.,.,.,.,.,Sonja,Mejcher-Atassi,,
Fall2021-2022(202210),11508,ENGL,399,14,M.AThesis,9,7.2,AS,0,5,.,.,.,.,.,.,.,.,.,.,.,.,.,.,.,.,.,.,.,.,.,.,TariqMehmood,Ali,,
Fall2021-2022(202210),11509,ENGL,399,15,M.AThesis,9,7.2,AS,1,4,.,.,.,.,.,.,.,.,.,.,.,.,.,.,.,.,.,.,.,.,.,.,KathrynRebecca,Maude,,
Fall2021-2022(202210),11510,ENGL,399,18,M.AThesis,9,7.2,AS,0,5,.,.,.,.,.,.,.,.,.,.,.,.,.,.,.,.,.,.,.,.,.,.,DoyleRexford,Avant,,
Fall2021-2022(202210),11511,ENGL,399,19,M.AThesis,9,7.2,AS,0,5,.,.,.,.,.,.,.,.,.,.,.,.,.,.,.,.,.,.,.,.,.,.,Sirene,Harb,,
Fall2021-2022(202210),11512,ENGL,399,2,M.AThesis,9,7.2,AS,0,5,.,.,.,.,.,.,.,.,.,.,.,.,.,.,.,.,.,.,.,.,.,.,David,Landes,,
Fall2021-2022(202210),11513,ENGL,399,3,M.AThesis,9,7.2,AS,3,2,.,.,.,.,.,.,.,.,.,.,.,.,.,.,.,.,.,.,.,.,.,.,Syrine,Hout,,
Fall2021-2022(202210),11514,ENGL,399,4,M.AThesis,9,7.2,AS,0,5,.,.,.,.,.,.,.,.,.,.,.,.,.,.,.,.,.,.,.,.,.,.,Robert,Myers,,
Fall2021-2022(202210),11515,ENGL,399,5,M.AThesis,9,7.2,AS,0,5,.,.,.,.,.,.,.,.,.,.,.,.,.,.,.,.,.,.,.,.,.,.,AmyAlice,Zenger,,
Fall2021-2022(202210),11516,ENGL,399,6,M.AThesis,9,7.2,AS,0,5,.,.,.,.,.,.,.,.,.,.,.,.,.,.,.,.,.,.,.,.,.,.,Kassim,Shaaban,,
Fall2021-2022(202210),11517,ENGL,399,7,M.AThesis,9,7.2,AS,0,5,.,.,.,.,.,.,.,.,.,.,.,.,.,.,.,.,.,.,.,.,.,.,JoshuaDavid,Gonsalves,,
Fall2021-2022(202210),11518,ENGL,399,8,M.AThesis,9,7.2,AS,0,5,.,.,.,.,.,.,.,.,.,.,.,.,.,.,.,.,.,.,.,.,.,.,AdamJohn,Waterman,,
Fall2021-2022(202210),11519,ENGL,399A,1,M.A.Thesis,9,0,AS,1,4,.,.,.,.,.,.,.,.,.,.,.,.,.,.,.,.,.,.,.,.,.,.,Sonja,Mejcher-Atassi,,
Fall2021-2022(202210),11520,ENGL,399A,10,M.A.Thesis,9,0,AS,0,5,.,.,.,.,.,.,.,.,.,.,.,.,.,.,.,.,.,.,.,.,.,.,Roseanne,Khalaf,,
Fall2021-2022(202210),11521,ENGL,399A,13,M.A.Thesis,9,0,AS,0,5,.,.,.,.,.,.,.,.,.,.,.,.,.,.,.,.,.,.,.,.,.,.,TariqMehmood,Ali,,
Fall2021-2022(202210),11522,ENGL,399A,14,M.A.Thesis,9,0,AS,0,5,.,.,.,.,.,.,.,.,.,.,.,.,.,.,.,.,.,.,.,.,.,.,KathrynRebecca,Maude,,
Fall2021-2022(202210),11523,ENGL,399A,17,M.A.Thesis,9,0,AS,0,5,.,.,.,.,.,.,.,.,.,.,.,.,.,.,.,.,.,.,.,.,.,.,DoyleRexford,Avant,,
Fall2021-2022(202210),11524,ENGL,399A,18,M.A.Thesis,9,0,AS,0,5,.,.,.,.,.,.,.,.,.,.,.,.,.,.,.,.,.,.,.,.,.,.,Sirene,Harb,,
Fall2021-2022(202210),11525,ENGL,399A,19,M.A.Thesis,9,0,AS,0,5,.,.,.,.,.,.,.,.,.,.,.,.,.,.,.,.,.,.,.,.,.,.,David,Landes,,
Fall2021-2022(202210),11526,ENGL,399A,2,M.A.Thesis,9,0,AS,0,5,.,.,.,.,.,.,.,.,.,.,.,.,.,.,.,.,.,.,.,.,.,.,Robert,Myers,,
Fall2021-2022(202210),11527,ENGL,399A,3,M.A.Thesis,9,0,AS,0,5,.,.,.,.,.,.,.,.,.,.,.,.,.,.,.,.,.,.,.,.,.,.,Syrine,Hout,,
Fall2021-2022(202210),11528,ENGL,399A,4,M.A.Thesis,9,0,AS,0,5,.,.,.,.,.,.,.,.,.,.,.,.,.,.,.,.,.,.,.,.,.,.,Lina,Choueiri,,
Fall2021-2022(202210),11529,ENGL,399A,6,M.A.Thesis,9,0,AS,2,3,.,.,.,.,.,.,.,.,.,.,.,.,.,.,.,.,.,.,.,.,.,.,Kassim,Shaaban,,
Fall2021-2022(202210),11530,ENGL,399A,7,M.A.Thesis,9,0,AS,1,4,.,.,.,.,.,.,.,.,.,.,.,.,.,.,.,.,.,.,.,.,.,.,JoshuaDavid,Gonsalves,,
Fall2021-2022(202210),11531,ENGL,399A,8,M.A.Thesis,9,0,AS,0,5,.,.,.,.,.,.,.,.,.,.,.,.,.,.,.,.,.,.,.,.,.,.,AdamJohn,Waterman,,
Fall2021-2022(202210),11532,ENGL,399A,9,M.A.Thesis,9,0,AS,0,5,.,.,.,.,.,.,.,.,.,.,.,.,.,.,.,.,.,.,.,.,.,.,DavidA,Currell,,
Fall2021-2022(202210),11533,ENGL,399B,1,M.A.Thesis,9,0,AS,0,5,.,.,.,.,.,.,.,.,.,.,.,.,.,.,.,.,.,.,.,.,.,.,DavidA,Currell,,
Fall2021-2022(202210),11534,ENGL,399B,10,M.A.Thesis,9,0,AS,0,5,.,.,.,.,.,.,.,.,.,.,.,.,.,.,.,.,.,.,.,.,.,.,Roseanne,Khalaf,,
Fall2021-2022(202210),11537,ENGL,399B,13,M.A.Thesis,9,0,AS,0,5,.,.,.,.,.,.,.,.,.,.,.,.,.,.,.,.,.,.,.,.,.,.,TariqMehmood,Ali,,
Fall2021-2022(202210),11538,ENGL,399B,14,M.A.Thesis,9,0,AS,0,5,.,.,.,.,.,.,.,.,.,.,.,.,.,.,.,.,.,.,.,.,.,.,KathrynRebecca,Maude,,
Fall2021-2022(202210),11541,ENGL,399B,17,M.A.Thesis,9,0,AS,0,5,.,.,.,.,.,.,.,.,.,.,.,.,.,.,.,.,.,.,.,.,.,.,DoyleRexford,Avant,,
Fall2021-2022(202210),11542,ENGL,399B,18,M.A.Thesis,9,0,AS,0,5,.,.,.,.,.,.,.,.,.,.,.,.,.,.,.,.,.,.,.,.,.,.,Sirene,Harb,,
Fall2021-2022(202210),11543,ENGL,399B,19,M.A.Thesis,9,0,AS,0,5,.,.,.,.,.,.,.,.,.,.,.,.,.,.,.,.,.,.,.,.,.,.,David,Landes,,
Fall2021-2022(202210),11544,ENGL,399B,2,M.A.Thesis,9,0,AS,0,5,.,.,.,.,.,.,.,.,.,.,.,.,.,.,.,.,.,.,.,.,.,.,Kassim,Shaaban,,
Fall2021-2022(202210),11545,ENGL,399B,3,M.A.Thesis,9,0,AS,0,5,.,.,.,.,.,.,.,.,.,.,.,.,.,.,.,.,.,.,.,.,.,.,JoshuaDavid,Gonsalves,,
Fall2021-2022(202210),11546,ENGL,399B,4,M.A.Thesis,9,0,AS,0,5,.,.,.,.,.,.,.,.,.,.,.,.,.,.,.,.,.,.,.,.,.,.,Sonja,Mejcher-Atassi,,
Fall2021-2022(202210),11547,ENGL,399B,5,M.A.Thesis,9,0,AS,0,5,.,.,.,.,.,.,.,.,.,.,.,.,.,.,.,.,.,.,.,.,.,.,Robert,Myers,,
Fall2021-2022(202210),11548,ENGL,399B,6,M.A.Thesis,9,0,AS,0,5,.,.,.,.,.,.,.,.,.,.,.,.,.,.,.,.,.,.,.,.,.,.,Syrine,Hout,,
Fall2021-2022(202210),11549,ENGL,399B,7,M.A.Thesis,9,0,AS,0,5,.,.,.,.,.,.,.,.,.,.,.,.,.,.,.,.,.,.,.,.,.,.,Lina,Choueiri,,
Fall2021-2022(202210),11550,ENGL,399B,9,M.A.Thesis,9,0,AS,1,4,.,.,.,.,.,.,.,.,.,.,.,.,.,.,.,.,.,.,.,.,.,.,AdamJohn,Waterman,,
Fall2021-2022(202210),11551,ENGL,399C,1,M.A.Thesis,9,0,AS,0,5,.,.,.,.,.,.,.,.,.,.,.,.,.,.,.,.,.,.,.,.,.,.,DavidA,Currell,,
Fall2021-2022(202210),11552,ENGL,399C,10,M.A.Thesis,9,0,AS,0,5,.,.,.,.,.,.,.,.,.,.,.,.,.,.,.,.,.,.,.,.,.,.,AdamJohn,Waterman,,
Fall2021-2022(202210),11555,ENGL,399C,13,M.A.Thesis,9,0,AS,0,5,.,.,.,.,.,.,.,.,.,.,.,.,.,.,.,.,.,.,.,.,.,.,TariqMehmood,Ali,,
Fall2021-2022(202210),11556,ENGL,399C,14,M.A.Thesis,9,0,AS,0,5,.,.,.,.,.,.,.,.,.,.,.,.,.,.,.,.,.,.,.,.,.,.,KathrynRebecca,Maude,,
Fall2021-2022(202210),11559,ENGL,399C,17,M.A.Thesis,9,0,AS,0,5,.,.,.,.,.,.,.,.,.,.,.,.,.,.,.,.,.,.,.,.,.,.,DoyleRexford,Avant,,
Fall2021-2022(202210),11560,ENGL,399C,18,M.A.Thesis,9,0,AS,1,4,.,.,.,.,.,.,.,.,.,.,.,.,.,.,.,.,.,.,.,.,.,.,Sirene,Harb,,
Fall2021-2022(202210),11561,ENGL,399C,19,M.A.Thesis,9,0,AS,0,5,.,.,.,.,.,.,.,.,.,.,.,.,.,.,.,.,.,.,.,.,.,.,David,Landes,,
Fall2021-2022(202210),11562,ENGL,399C,2,M.A.Thesis,9,0,AS,0,5,.,.,.,.,.,.,.,.,.,.,.,.,.,.,.,.,.,.,.,.,.,.,Sonja,Mejcher-Atassi,,
Fall2021-2022(202210),11563,ENGL,399C,3,M.A.Thesis,9,0,AS,0,5,.,.,.,.,.,.,.,.,.,.,.,.,.,.,.,.,.,.,.,.,.,.,Robert,Myers,,
Fall2021-2022(202210),11564,ENGL,399C,4,M.A.Thesis,9,0,AS,0,5,.,.,.,.,.,.,.,.,.,.,.,.,.,.,.,.,.,.,.,.,.,.,Syrine,Hout,,
Fall2021-2022(202210),11565,ENGL,399C,5,M.A.Thesis,9,0,AS,0,5,.,.,.,.,.,.,.,.,.,.,.,.,.,.,.,.,.,.,.,.,.,.,Lina,Choueiri,,
Fall2021-2022(202210),11567,ENGL,399C,7,M.A.Thesis,9,0,AS,0,5,.,.,.,.,.,.,.,.,.,.,.,.,.,.,.,.,.,.,.,.,.,.,Kassim,Shaaban,,
Fall2021-2022(202210),11568,ENGL,399C,8,M.A.Thesis,9,0,AS,1,4,.,.,.,.,.,.,.,.,.,.,.,.,.,.,.,.,.,.,.,.,.,.,JoshuaDavid,Gonsalves,,
Fall2021-2022(202210),11569,ENGL,399C,9,M.A.Thesis,9,0,AS,0,5,.,.,.,.,.,.,.,.,.,.,.,.,.,.,.,.,.,.,.,.,.,.,Roseanne,Khalaf,,
Fall2021-2022(202210),13472,ENGL,399E,1,M.A.Thesis,9,1,AS,1,-1,.,.,.,.,.,.,.,.,.,.,.,.,.,.,.,.,.,.,.,.,.,.,Sonja,Mejcher-Atassi,,
Fall2021-2022(202210),13273,ENGL,399F,1,Thesis,9,1,AS,1,-1,.,.,.,.,.,.,.,.,.,.,.,.,.,.,.,.,.,.,.,.,.,.,Sirene,Harb,,
Fall2021-2022(202210),11570,ENHL,220,1,Fundam.ofEnvironm.HealthScie,3,3,HS,29,-6,1100,1215,VANDYK,203,.,T,.,R,.,.,.,.,.,.,.,.,.,.,.,.,.,.,Joumana,Nasr,,
Fall2021-2022(202210),11571,ENHL,220,2,Fundam.ofEnvironm.HealthScie,3,3,HS,28,-5,1230,1345,VANDYK,203,.,T,.,R,.,.,.,.,.,.,.,.,.,.,.,.,.,.,Joumana,Nasr,,
Fall2021-2022(202210),11572,ENHL,231,1,Water&WastewaterQualtyCont,3,3,HS,17,0,1200,1250,VANDYK,203,M,.,.,.,.,.,.,1200,1359,VANDYK,203,.,.,.,.,F,.,.,Mey,Jurdi,,
Fall2021-2022(202210),13083,ENHL,232,1,Instrument.Analyt.Techn.&Sampl,3,3,HS,17,0,0800,0915,VANDYK,203,.,T,.,R,.,.,.,1300,1459,VANDYK,403,.,.,W,.,.,.,.,May,Massoud,,
Fall2021-2022(202210),11573,ENHL,232,B1,Instrument.Analyt.Techn.&Sampl,0,0,HS,0,8,.,.,.,.,.,.,.,.,.,.,.,.,.,.,.,.,.,.,.,.,.,.,.,STAFF,11575,
Fall2021-2022(202210),11574,ENHL,232,B2,Instrument.Analyt.Techn.&Sampl,0,0,HS,0,9,.,.,.,.,.,.,.,.,.,.,.,.,.,.,.,.,.,.,.,.,.,.,.,STAFF,11575,
Fall2021-2022(202210),11575,ENHL,232,L,Instrument.Analyt.Techn.&Sampl,3,3,HS,0,17,.,.,.,.,.,.,.,.,.,.,.,.,.,.,.,.,.,.,.,.,.,.,.,STAFF,,
Fall2021-2022(202210),11576,ENHL,238,1,Indoor&OutdoorAirPollution,3,3,HS,15,2,1100,1150,VANDYK,201,M,.,W,.,F,.,.,.,.,.,.,.,.,.,.,.,.,.,Hassan,Dhaini,,
Fall2021-2022(202210),11577,ENHL,242,1,Environm.Manag.Tools&Appl.,3,3,HS,10,0,0930,1045,VANDYK,332,.,T,.,R,.,.,.,.,.,.,.,.,.,.,.,.,.,.,May,Massoud,,BlendedCourse
Fall2021-2022(202210),11578,ENHL,301,1,EnvirmtlHlth&SustblDvlopt,1,1,HS,22,-4,0900,1015,VANDYK,101,.,T,.,.,.,.,.,.,.,.,.,.,.,.,.,.,.,.,Mey,Jurdi,,
Fall2021-2022(202210),11579,ENHL,301,2,EnvirmtlHlth&SustblDvlopt,1,1,HS,20,-2,1400,1515,VANDYK,203,.,T,.,.,.,.,.,.,.,.,.,.,.,.,.,.,.,.,Mey,Jurdi,,
Fall2021-2022(202210),11580,ENHL,312,1,OccupationalHealth,3,3,HS,14,-2,0900,1130,.,.,.,.,.,R,.,.,.,.,.,.,.,.,.,.,.,.,.,.,Rima,Habib,,
Fall2021-2022(202210),11581,ENMG,601,1,ManagementTheory,3,3,EA,21,24,1731,1900,BECHTA,111,M,.,W,.,.,.,.,.,.,.,.,.,.,.,.,.,.,.,Fadl,Bdeir,,
Fall2021-2022(202210),11582,ENMG,602,1,Intr.toFinanacialEngineering,3,3,EA,65,15,1600,1729,BECHTA,204,M,.,W,.,.,.,.,.,.,.,.,.,.,.,.,.,.,.,Bacel,Maddah,,
Fall2021-2022(202210),13150,ENMG,602,9,Intr.toFinanacialEngineering,3,3,EA,1,-1,1600,1729,.,.,M,.,W,.,.,.,.,.,.,.,.,.,.,.,.,.,.,.,Bacel,Maddah,,
Fall2021-2022(202210),11583,ENMG,616,1,Advanc.OptimizationTechniques,3,3,EA,16,-1,1731,2000,BECHTA,209,.,.,W,.,.,.,.,.,.,.,.,.,.,.,.,.,.,.,Maher,Nouiehed,,
Fall2021-2022(202210),11584,ENMG,616,2,Advanc.OptimizationTechniques,3,3,EA,2,13,1731,2000,BECHTA,209,.,.,W,.,.,.,.,.,.,.,.,.,.,.,.,.,.,.,Maher,Nouiehed,,
Fall2021-2022(202210),11585,ENMG,623,1,StochasticModels&Application,3,3,EA,9,11,1731,2000,BECHTA,208,M,.,.,.,.,.,.,.,.,.,.,.,.,.,.,.,.,.,Maher,Nouiehed,,
Fall2021-2022(202210),11586,ENMG,632,1,Proj.Planning:Sched.&Control,3,3,EA,35,10,1601,1729,BECHTA,111,.,T,.,R,.,.,.,.,.,.,.,.,.,.,.,.,.,.,Hiam,Khoury,,
Fall2021-2022(202210),13151,ENMG,632,9,Proj.Planning:Sched.&Control,3,3,EA,1,-1,1600,1729,.,.,.,T,.,R,.,.,.,.,.,.,.,.,.,.,.,.,.,.,Hiam,Khoury,,
Fall2021-2022(202210),11587,ENMG,635,1,ProjectDeliverance&Contracts,3,3,EA,7,38,1731,2000,BECHTA,204,.,.,.,R,.,.,.,.,.,.,.,.,.,.,.,.,.,.,Mohamed-Asem,AbdulMalak,,
Fall2021-2022(202210),13152,ENMG,635,9,ProjectDeliverance&Contracts,3,3,EA,1,-1,1731,2000,.,.,.,.,.,R,.,.,.,.,.,.,.,.,.,.,.,.,.,.,Mohamed-Asem,AbdulMalak,,
Fall2021-2022(202210),11588,ENMG,642,1,LeanEngineeringConcepts,3,3,EA,31,14,1731,2000,BECHTA,211,M,.,.,.,.,.,.,.,.,.,.,.,.,.,.,.,.,.,Mayssa,Kalach,,
Fall2021-2022(202210),13154,ENMG,642,9,LeanEngineeringConcepts,3,3,EA,1,-1,1731,2000,.,.,M,.,.,.,.,.,.,.,.,.,.,.,.,.,.,.,.,.,Mayssa,Kalach,,
Fall2021-2022(202210),11589,ENMG,645,1,Program&PortfolioManagement,3,3,EA,28,17,1731,1859,.,.,.,.,.,R,.,.,.,1901,2030,.,.,.,.,W,.,.,.,.,Rayan,Khraibani,,
Fall2021-2022(202210),11590,ENMG,645,2,Program&PortfolioManagement,3,3,EA,15,0,1731,1859,.,.,.,.,.,R,.,.,.,1901,2030,.,.,.,.,W,.,.,.,.,Rayan,Khraibani,,
Fall2021-2022(202210),13153,ENMG,645,9,Program&PortfolioManagement,3,3,EA,0,0,1731,1859,.,.,.,.,.,R,.,.,.,1900,1950,.,.,.,.,W,.,.,.,.,Rayan,Khraibani,,
Fall2021-2022(202210),13182,ENMG,656,1,ManagemntofTechno.Innovation,3,3,EA,5,20,1731,2000,.,.,.,T,.,.,.,.,.,.,.,.,.,.,.,.,.,.,.,.,Ali,Yassine,,
Fall2021-2022(202210),11591,ENMG,661,1,StrategicManagmntofTechnol.,3,3,EA,43,2,1731,2000,BECHTA,211,.,T,.,.,.,.,.,.,.,.,.,.,.,.,.,.,.,.,Rayan,Khraibani,,
Fall2021-2022(202210),11592,ENMG,661,2,StrategicManagmntofTechnol.,3,3,EA,15,0,1731,2000,BECHTA,211,.,T,.,.,.,.,.,.,.,.,.,.,.,.,.,.,.,.,Rayan,Khraibani,,
Fall2021-2022(202210),13149,ENMG,661,9,StrategicManagmntofTechnol.,3,3,EA,1,-1,1731,2000,.,.,.,T,.,.,.,.,.,.,.,.,.,.,.,.,.,.,.,.,Rayan,Khraibani,,
Fall2021-2022(202210),13144,ENMG,698E,1,Intr.ToHumanCenteredDesign,3,3,EA,12,13,1500,1629,IOEC,225,M,.,W,.,.,.,.,.,.,.,.,.,.,.,.,.,.,.,Dana,AlBatlouni,,
Fall2021-2022(202210),11593,ENMG,698F,1,ST:Human-ComputerInteraction,3,3,EA,0,10,1731,2000,BECHTA,202,.,T,.,.,.,.,.,.,.,.,.,.,.,.,.,.,.,.,NadineMarie,Moacdieh,,
Fall2021-2022(202210),11594,ENMG,698F,2,ST:Human-ComputerInteraction,3,3,EA,0,15,1731,2000,BECHTA,202,.,T,.,.,.,.,.,.,.,.,.,.,.,.,.,.,.,.,NadineMarie,Moacdieh,,
Fall2021-2022(202210),11597,ENMG,700,1,Seminar,0,0,EA,82,48,1731,1829,MAMC,ELH,.,.,.,.,F,.,.,.,.,.,.,.,.,.,.,.,.,.,Bacel,Maddah,,
Fall2021-2022(202210),13180,ENMG,797,1,Sp.ProjectinEngin.Management,3,3,EA,1,0,0800,0850,.,.,.,.,.,.,.,.,.,.,.,.,.,.,.,.,.,.,.,.,Bacel,Maddah,,
Fall2021-2022(202210),13354,ENMG,797,2,Sp.ProjectinEngin.Management,3,3,EA,1,-1,.,.,.,.,.,.,.,.,.,.,.,.,.,.,.,.,.,.,.,.,.,.,.,STAFF,,
Fall2021-2022(202210),11598,ENMG,798,1,Thesis,6,7.14,EA,3,17,.,.,.,.,.,.,.,.,.,.,.,.,.,.,.,.,.,.,.,.,.,.,.,STAFF,,
Fall2021-2022(202210),11599,ENMG,798A,1,Thesis,6,0,EA,2,13,.,.,.,.,.,.,.,.,.,.,.,.,.,.,.,.,.,.,.,.,.,.,.,STAFF,,
Fall2021-2022(202210),11600,ENMG,798B,1,Thesis,6,0,EA,1,19,.,.,.,.,.,.,.,.,.,.,.,.,.,.,.,.,.,.,.,.,.,.,.,STAFF,,
Fall2021-2022(202210),11601,ENMG,798C,1,Thesis,6,0,EA,1,14,.,.,.,.,.,.,.,.,.,.,.,.,.,.,.,.,.,.,.,.,.,.,.,STAFF,,
Fall2021-2022(202210),11602,ENMG,798D,1,Thesis,6,1,EA,0,0,.,.,.,.,.,.,.,.,.,.,.,.,.,.,.,.,.,.,.,.,.,.,.,STAFF,,
Fall2021-2022(202210),11603,ENMG,800,1,ComprehensiveExam,0,0,EA,33,17,.,.,.,.,.,.,.,.,.,.,.,.,.,.,.,.,.,.,.,.,.,.,.,STAFF,,
Fall2021-2022(202210),11604,ENSC,620,1,Water&WastewaterTreat.Tech,3,3,EA,0,10,1100,1215,.,.,.,T,.,R,.,.,.,.,.,.,.,.,.,.,.,.,.,.,GeorgeM.,Ayoub,,
Fall2021-2022(202210),11605,ENSC,640,1,Toxicology&EnvHealthHazard,3,3,HS,7,3,0930,1045,VANDYK,101,M,.,W,.,.,.,.,.,.,.,.,.,.,.,.,.,.,.,Hassan,Dhaini,,
Fall2021-2022(202210),11606,ENSC,695,1,ComprehensiveExam,0,0,AG,2,1,.,.,.,.,.,.,.,.,.,.,.,.,.,.,.,.,.,.,.,.,.,.,May,Massoud,,
Fall2021-2022(202210),11607,ENSC,695,2,ComprehensiveExam,0,0,AG,0,20,1000,1050,.,.,.,.,.,.,.,S,.,.,.,.,.,.,.,.,.,.,.,.,Mutasem,Fadel,,
Fall2021-2022(202210),11608,ENSC,695,3,ComprehensiveExam,0,0,AG,0,5,.,.,.,.,.,.,.,.,.,.,.,.,.,.,.,.,.,.,.,.,.,.,Karim,Makdisi,,
Fall2021-2022(202210),11609,ENSC,695,4,ComprehensiveExam,0,0,AG,2,1,.,.,.,.,.,.,.,.,.,.,.,.,.,.,.,.,.,.,.,.,.,.,Rami,Zurayk,,
Fall2021-2022(202210),11610,ENSC,695,5,ComprehensiveExam,0,0,AG,0,2,.,.,.,.,.,.,.,.,.,.,.,.,.,.,.,.,.,.,.,.,.,.,Ali,Chalak,,
Fall2021-2022(202210),13403,ENSC,695,M,ComprehensiveExam,0,0,AG,1,1,.,.,.,.,.,.,.,.,.,.,.,.,.,.,.,.,.,.,.,.,.,.,Shady,Hamadeh,,
Fall2021-2022(202210),13356,ENSC,697,1,Project,3,3,EA,0,3,.,.,.,.,.,.,.,.,.,.,.,.,.,.,.,.,.,.,.,.,.,.,Ali,Chalak,,
Fall2021-2022(202210),13464,ENSC,697A,1,Project,3,0,HS,0,1,.,.,.,.,.,.,.,.,.,.,.,.,.,.,.,.,.,.,.,.,.,.,Ali,Chalak,,
Fall2021-2022(202210),11611,ENSC,699,1,Thesis,6,7.14,EA,1,0,.,.,.,.,.,.,.,.,.,.,.,.,.,.,.,.,.,.,.,.,.,.,Hassan,Dhaini,,
Fall2021-2022(202210),11612,ENSC,699,2,Thesis,6,7.14,EA,0,1,.,.,.,.,.,.,.,.,.,.,.,.,.,.,.,.,.,.,.,.,.,.,Mey,Jurdi,,
Fall2021-2022(202210),11613,ENSC,699,3,Thesis,6,7.14,EA,0,1,.,.,.,.,.,.,.,.,.,.,.,.,.,.,.,.,.,.,.,.,.,.,May,Massoud,,
Fall2021-2022(202210),13089,ENSC,699,4,Thesis,6,7.14,EA,0,0,.,.,.,.,.,.,.,.,.,.,.,.,.,.,.,.,.,.,.,.,.,.,Rami,Zurayk,,
Fall2021-2022(202210),13108,ENSC,699,5,Thesis,6,7.14,EA,1,1,.,.,.,.,.,.,.,.,.,.,.,.,.,.,.,.,.,.,.,.,.,.,Sandra,Yanni,,
Fall2021-2022(202210),13090,ENSC,699A,1,Thesis,6,0,EA,0,2,.,.,.,.,.,.,.,.,.,.,.,.,.,.,.,.,.,.,.,.,.,.,Sandra,Yanni,,
Fall2021-2022(202210),13109,ENSC,699A,2,Thesis,6,0,EA,1,1,.,.,.,.,.,.,.,.,.,.,.,.,.,.,.,.,.,.,.,.,.,.,Rami,Zurayk,,
Fall2021-2022(202210),13142,ENSC,699A,3,Thesis,6,0,EA,1,2,.,.,.,.,.,.,.,.,.,.,.,.,.,.,.,.,.,.,.,.,.,.,Hassan,Dhaini,,
Fall2021-2022(202210),13407,ENSC,699A,4,Thesis,6,0,EA,1,1,.,.,.,.,.,.,.,.,.,.,.,.,.,.,.,.,.,.,.,.,.,.,Salma,Talhouk,,
Fall2021-2022(202210),11614,ENSC,699B,1,Thesis,6,0,EA,1,1,.,.,.,.,.,.,.,.,.,.,.,.,.,.,.,.,.,.,.,.,.,.,May,Massoud,,
Fall2021-2022(202210),11615,ENSC,699B,2,Thesis,6,0,EA,1,0,.,.,.,.,.,.,.,.,.,.,.,.,.,.,.,.,.,.,.,.,.,.,Mey,Jurdi,,
Fall2021-2022(202210),11616,ENSC,699B,3,Thesis,6,0,EA,0,1,.,.,.,.,.,.,.,.,.,.,.,.,.,.,.,.,.,.,.,.,.,.,Mey,Jurdi,,
Fall2021-2022(202210),13134,ENSC,699C,1,Thesis,6,0,EA,2,0,0900,0950,.,.,.,.,.,.,.,.,.,.,.,.,.,.,.,.,.,.,.,.,Salma,Talhouk,,
Fall2021-2022(202210),13099,ENSC,699D,1,Thesis,6,1,EA,1,1,.,.,.,.,.,.,.,.,.,.,.,.,.,.,.,.,.,.,.,.,.,.,Yaser,Abunnasr,,
Fall2021-2022(202210),13477,ENSC,699D,2,Thesis,6,1,EA,1,2,.,.,.,.,.,.,.,.,.,.,.,.,.,.,.,.,.,.,.,.,.,.,Salma,Talhouk,,
Fall2021-2022(202210),11617,ENSC,699E,1,Thesis,6,1,EA,0,1,1000,1050,.,.,.,.,.,.,F,.,.,.,.,.,.,.,.,.,.,.,.,.,Mounir,Mabsout,,
Fall2021-2022(202210),11618,ENSC,699E,2,Thesis,6,1,EA,0,1,.,.,.,.,.,.,.,.,.,.,.,.,.,.,.,.,.,.,.,.,.,.,Mona,Fawaz,,
Fall2021-2022(202210),11619,ENST,300,1,TheScience&Techno.ofEnergy,3,3,EA,28,2,1730,2000,BECHTA,209,M,.,.,.,.,.,.,.,.,.,.,.,.,.,.,.,.,.,Carine,Habchi,,
Fall2021-2022(202210),11620,ENST,320,1,EnergyLawandCaseStudies,3,3,EA,0,0,.,.,.,.,.,.,.,.,.,.,.,.,.,.,.,.,.,.,.,.,.,.,.,STAFF,,
Fall2021-2022(202210),11621,ENST,395A,1,ComprehensiveExam,0,0,EA,1,0,.,.,.,.,.,.,.,.,.,.,.,.,.,.,.,.,.,.,.,.,.,.,Nesreene,Ghaddar,,
Fall2021-2022(202210),11622,ENST,396,1,Top.inEnergyIss:CaseofLeb.,3,3,EA,21,9,1730,2000,BECHTA,208,.,.,W,.,.,.,.,.,.,.,.,.,.,.,.,.,.,.,Mounir,Rached,,
Fall2021-2022(202210),11623,ENST,397,1,EnergyStudiesSeminar,0,0,EA,12,18,.,.,.,.,.,.,.,.,.,.,.,.,.,.,.,.,.,.,.,.,.,.,Nesreene,Ghaddar,,
Fall2021-2022(202210),11624,ENST,398,1,Sp.ProjectsinEnergyStudies,3,3,EA,0,0,.,.,.,.,.,.,.,.,.,.,.,.,.,.,.,.,.,.,.,.,.,.,Nesreene,Ghaddar,,
Fall2021-2022(202210),11625,ENST,699,1,Thesis,6,7.14,EA,0,0,.,.,.,.,.,.,.,.,.,.,.,.,.,.,.,.,.,.,.,.,.,.,Nesreene,Ghaddar,,
Fall2021-2022(202210),11626,ENST,699A,1,Thesis,6,0,EA,3,1,.,.,.,.,.,.,.,.,.,.,.,.,.,.,.,.,.,.,.,.,.,.,Nesreene,Ghaddar,,
Fall2021-2022(202210),11627,ENST,699B,1,Thesis,6,0,EA,1,0,.,.,.,.,.,.,.,.,.,.,.,.,.,.,.,.,.,.,.,.,.,.,Nesreene,Ghaddar,,
Fall2021-2022(202210),11628,ENST,699C,1,Thesis,6,0,EA,1,0,.,.,.,.,.,.,.,.,.,.,.,.,.,.,.,.,.,.,.,.,.,.,Nesreene,Ghaddar,,
Fall2021-2022(202210),11629,ENST,699D,1,Thesis,6,1,EA,0,1,.,.,.,.,.,.,.,.,.,.,.,.,.,.,.,.,.,.,.,.,.,.,Nesreene,Ghaddar,,
Fall2021-2022(202210),11630,ENTM,220,1,Entrepren.&Busin.Planning,3,3,SB,22,-2,1830,2100,OSB,226,.,T,.,.,.,.,.,.,.,.,.,.,.,.,.,.,.,.,Mona,Itani,,
Fall2021-2022(202210),11631,ENTM,220,2,Entrepren.&Busin.Planning,3,3,SB,22,-2,1830,2100,OSB,226,.,.,W,.,.,.,.,.,.,.,.,.,.,.,.,.,.,.,Mona,Itani,,
Fall2021-2022(202210),11632,ENTM,220,3,Entrepren.&Busin.Planning,3,3,SB,0,0,1830,2100,OSB,230,M,.,.,.,.,.,.,.,.,.,.,.,.,.,.,.,.,.,.,STAFF,,
Fall2021-2022(202210),11633,ENTM,235,1,FamilyBusin:Issues&Solutions,3,3,SB,38,-3,0930,1045,OSB,226,.,T,.,R,.,.,.,.,.,.,.,.,.,.,.,.,.,.,Ohannes,Kozobiokian,,
Fall2021-2022(202210),13060,ENTM,240,1,SocialEntrepreneurship,3,3,SB,26,9,1100,1215,OSB,333,.,T,.,R,.,.,.,.,.,.,.,.,.,.,.,.,.,.,Alain,Daou,,
Fall2021-2022(202210),11634,ENTM,250S,1,SocialEntrepreneurship,3,3,SB,0,0,.,.,.,.,.,.,.,.,.,.,.,.,.,.,.,.,.,.,.,.,.,.,.,STAFF,,
Fall2021-2022(202210),11635,ENTM,270,1,LaunchingaNewVenture,3,3,SB,34,1,1230,1345,OSB,230,M,.,W,.,.,.,.,.,.,.,.,.,.,.,.,.,.,.,Ohannes,Kozobiokian,,
Fall2021-2022(202210),11637,EPHD,203,B1,EpidemiologyandBiostatistics,0,0,HS,27,1,1400,1600,VANDYK,103,.,.,.,.,F,.,.,.,.,.,.,.,.,.,.,.,.,.,Rima,Kaddoura,11640,
Fall2021-2022(202210),11638,EPHD,203,B2,EpidemiologyandBiostatistics,0,0,HS,25,3,1500,1700,VANDYK,103,.,.,.,R,.,.,.,.,.,.,.,.,.,.,.,.,.,.,Abraham,Idokoko,11640,
Fall2021-2022(202210),11639,EPHD,203,B3,EpidemiologyandBiostatistics,0,0,HS,27,1,1530,1730,.,.,.,.,W,.,.,.,.,.,.,.,.,.,.,.,.,.,.,.,Ghada,Saad,11641,
Fall2021-2022(202210),11640,EPHD,203,L1,EpidemiologyandBiostatistics,3,3,HS,52,4,1530,1655,VANDYK,201,.,.,W,.,.,.,.,.,.,.,.,.,.,.,.,.,.,.,Khalil,ElAsmar,11637:or11638,
Fall2021-2022(202210),11641,EPHD,203,L2,EpidemiologyandBiostatistics,3,3,HS,27,1,1400,1529,VANDYK,203,.,.,.,R,.,.,.,.,.,.,.,.,.,.,.,.,.,.,Khalil,ElAsmar,11639,
Fall2021-2022(202210),11642,EPHD,203A,1,BiasesinEpidemiology,1,1,HS,18,-1,0930,1100,VANDYK,AUDT,.,T,.,.,.,.,.,.,.,.,.,.,.,.,.,.,.,.,Rima,Kaddoura,,
Fall2021-2022(202210),11643,EPHD,300,B1,PrinciplesofEpidemiology,0,0,HS,39,-14,1730,1930,VANDYK,AUDT,.,T,.,.,.,.,.,.,.,.,.,.,.,.,.,.,.,.,Lilian,Ghandour,11645,
Fall2021-2022(202210),11644,EPHD,300,B2,PrinciplesofEpidemiology,0,0,HS,37,-12,0900,1100,VANDYK,AUDT,.,.,W,.,.,.,.,.,.,.,.,.,.,.,.,.,.,.,Lilian,Ghandour,11645,
Fall2021-2022(202210),11645,EPHD,300,L,PrinciplesofEpidemiology,2,2,HS,76,-26,1530,1710,VANDYK,AUDT,M,.,.,.,.,.,.,.,.,.,.,.,.,.,.,.,.,.,Lilian,Ghandour,11643:or11644,
Fall2021-2022(202210),11646,EPHD,310,B1,BasicBiostatistics,0,0,HS,28,-6,1730,1930,VANDYK,201,.,.,W,.,.,.,.,.,.,.,.,.,.,.,.,.,.,.,Miran,SalameJaffa,11649,
Fall2021-2022(202210),11647,EPHD,310,B2,BasicBiostatistics,0,0,HS,26,-4,1200,1359,VANDYK,201,.,.,.,R,.,.,.,.,.,.,.,.,.,.,.,.,.,.,Miran,SalameJaffa,11649,
Fall2021-2022(202210),11648,EPHD,310,B3,BasicBiostatistics,0,0,HS,15,7,1730,1930,VANDYK,201,.,.,.,.,F,.,.,.,.,.,.,.,.,.,.,.,.,.,Miran,SalameJaffa,11649,
Fall2021-2022(202210),11649,EPHD,310,L,BasicBiostatistics,3,3,HS,69,-3,1530,1710,VANDYK,AUDT,.,T,.,.,.,.,.,.,.,.,.,.,.,.,.,.,.,.,Miran,SalameJaffa,11646:or11647:or11648,
Fall2021-2022(202210),11650,EPHD,312,1,AnalysisofContinousData,2,2,HS,12,-5,1730,1910,VANDYK,332,.,T,.,.,.,.,.,1730,1930,VANDYK,332,.,.,.,R,.,.,.,Khalil,ElAsmar,,
Fall2021-2022(202210),11651,EPHD,316,1,Epi.:Prevent.&CtrlofComm.Dis,2,2,HS,12,-1,1530,1710,VANDYK,203,.,.,.,.,F,.,.,.,.,.,.,.,.,.,.,.,.,.,Ghina,Mumtaz,,
Fall2021-2022(202210),11652,EPHD,321,1,Design&Analys.ofClinic.Trial,2,2,HS,6,0,1330,1530,.,.,.,.,W,.,.,.,.,.,.,.,.,.,.,.,.,.,.,.,Ziyad,Mahfoud,,
Fall2021-2022(202210),11653,EPHD,395,1,ComprehensiveExam,0,0,HS,1,1,.,.,.,.,.,.,.,.,.,.,.,.,.,.,.,.,.,.,.,.,.,.,Monique,Shaya,,
Fall2021-2022(202210),11654,EPHD,399,1,Thesis,6,7.31,HS,1,0,.,.,.,.,.,.,.,.,.,.,.,.,.,.,.,.,.,.,.,.,.,.,Lilian,Ghandour,,
Fall2021-2022(202210),11655,EPHD,399,2,Thesis,6,7.31,HS,1,0,.,.,.,.,.,.,.,.,.,.,.,.,.,.,.,.,.,.,.,.,.,.,Miran,SalameJaffa,,
Fall2021-2022(202210),13101,EPHD,399,3,Thesis,6,7.31,HS,1,0,.,.,.,.,.,.,.,.,.,.,.,.,.,.,.,.,.,.,.,.,.,.,Hala,Ghattas,,
Fall2021-2022(202210),13332,EPHD,399,4,Thesis,6,7.31,HS,1,0,.,.,.,.,.,.,.,.,.,.,.,.,.,.,.,.,.,.,.,.,.,.,Khalil,ElAsmar,,
Fall2021-2022(202210),13352,EPHD,399,5,Thesis,6,7.31,HS,1,0,.,.,.,.,.,.,.,.,.,.,.,.,.,.,.,.,.,.,.,.,.,.,Hani,Tamim,,
Fall2021-2022(202210),11656,EPHD,399B,1,Thesis,6,0,HS,0,1,.,.,.,.,.,.,.,.,.,.,.,.,.,.,.,.,.,.,.,.,.,.,Monique,Shaya,,
Fall2021-2022(202210),11657,EPHD,399B,2,Thesis,6,0,HS,0,1,.,.,.,.,.,.,.,.,.,.,.,.,.,.,.,.,.,.,.,.,.,.,Lilian,Ghandour,,
Fall2021-2022(202210),11658,EPHD,403,1,Adv.EPIMethods,3,2,HS,4,0,.,.,.,.,.,.,.,.,.,.,.,.,.,.,.,.,.,.,.,.,.,.,Monique,Shaya,,
Fall2021-2022(202210),11659,EPHD,406,1,EpidemiologyinAction,3,3,HS,4,2,.,.,.,.,.,.,.,.,.,.,.,.,.,.,.,.,.,.,.,.,.,.,Salim,Adib,,
Fall2021-2022(202210),11660,EPHD,440,1,DoctoralSeminar,0,0,HS,9,0,.,.,.,.,.,.,.,.,.,.,.,.,.,.,.,.,.,.,.,.,.,.,Hala,Ghattas,,
Fall2021-2022(202210),11661,EPHD,480,1,Qual.ExamI:ComprehensionExam,0,0,HS,2,0,.,.,.,.,.,.,.,.,.,.,.,.,.,.,.,.,.,.,.,.,.,.,Monique,Shaya,,
Fall2021-2022(202210),13250,EPHD,481,1,Qual.ExamII:DefenseofThes.Pr,0,0,HS,2,0,.,.,.,.,.,.,.,.,.,.,.,.,.,.,.,.,.,.,.,.,.,.,Monique,Shaya,,
Fall2021-2022(202210),11662,EPHD,482,1,PhD.Thesis,3,3,HS,2,1,.,.,.,.,.,.,.,.,.,.,.,.,.,.,.,.,.,.,.,.,.,.,Hala,Ghattas,,
Fall2021-2022(202210),13251,EPHD,482,2,PhD.Thesis,3,3,HS,0,1,.,.,.,.,.,.,.,.,.,.,.,.,.,.,.,.,.,.,.,.,.,.,Abla,MehioSibai,,
Fall2021-2022(202210),13252,EPHD,482,3,PhD.Thesis,3,3,HS,1,0,.,.,.,.,.,.,.,.,.,.,.,.,.,.,.,.,.,.,.,.,.,.,Hani,Tamim,,
Fall2021-2022(202210),13256,EPHD,483A,1,PhD.Thesis,6,6,HS,1,0,.,.,.,.,.,.,.,.,.,.,.,.,.,.,.,.,.,.,.,.,.,.,Hala,Ghattas,,
Fall2021-2022(202210),13257,EPHD,483A,2,PhD.Thesis,6,6,HS,1,0,.,.,.,.,.,.,.,.,.,.,.,.,.,.,.,.,.,.,.,.,.,.,Abla,MehioSibai,,
Fall2021-2022(202210),13258,EPHD,484,1,PhD.Thesis,9,9,HS,1,0,.,.,.,.,.,.,.,.,.,.,.,.,.,.,.,.,.,.,.,.,.,.,Hala,Ghattas,,
Fall2021-2022(202210),13259,EPHD,484,2,PhD.Thesis,9,9,HS,1,0,.,.,.,.,.,.,.,.,.,.,.,.,.,.,.,.,.,.,.,.,.,.,Abla,MehioSibai,,
Fall2021-2022(202210),13201,EXCH,004,1,Cour.taken@BostonUniversity,0,12,00,3,2,.,.,.,.,.,.,.,.,.,.,.,.,.,.,.,.,.,.,.,.,.,.,.,STAFF,,
Fall2021-2022(202210),13202,EXCH,005,1,Course@DanishSc.ofMedia&Jour,0,9,00,2,3,.,.,.,.,.,.,.,.,.,.,.,.,.,.,.,.,.,.,.,.,.,.,.,STAFF,,
Fall2021-2022(202210),13203,EXCH,007,1,Courses@UniversidadCarlosIII,0,15,00,1,4,.,.,.,.,.,.,.,.,.,.,.,.,.,.,.,.,.,.,.,.,.,.,.,STAFF,,
Fall2021-2022(202210),13204,EXCH,008,1,Coursestaken@Scienc.Po:Paris,0,6,00,2,3,.,.,.,.,.,.,.,.,.,.,.,.,.,.,.,.,.,.,.,.,.,.,.,STAFF,,
Fall2021-2022(202210),13205,EXCH,013,1,Courses@LundUniversitySweden,0,0,00,4,1,.,.,.,.,.,.,.,.,.,.,.,.,.,.,.,.,.,.,.,.,.,.,.,STAFF,,
Fall2021-2022(202210),13206,EXCH,023,1,Crs@AarhusUnivers.Denmark,0,6,00,2,-1,.,.,.,.,.,.,.,.,.,.,.,.,.,.,.,.,.,.,.,.,.,.,.,STAFF,,
Fall2021-2022(202210),13207,EXCH,042,1,Crs@TempleUniversity,0,15,00,1,4,.,.,.,.,.,.,.,.,.,.,.,.,.,.,.,.,.,.,.,.,.,.,.,STAFF,,
Fall2021-2022(202210),13208,EXCH,051,1,Crs@UppsalaUniversitet:Sweden,0,15,00,1,4,.,.,.,.,.,.,.,.,.,.,.,.,.,.,.,.,.,.,.,.,.,.,.,STAFF,,
Fall2021-2022(202210),13209,EXCH,052,1,Crs@Univer.ofGranada:Spain,0,9,00,1,0,.,.,.,.,.,.,.,.,.,.,.,.,.,.,.,.,.,.,.,.,.,.,.,STAFF,,
Fall2021-2022(202210),13210,EXCH,054,1,Crs@AmericanUniv.ofParis:Fr,0,15,00,1,4,.,.,.,.,.,.,.,.,.,.,.,.,.,.,.,.,.,.,.,.,.,.,.,STAFF,,
Fall2021-2022(202210),13211,EXCH,057,1,Crs@PitzerCollege:Claremont,0,3,00,2,3,.,.,.,.,.,.,.,.,.,.,.,.,.,.,.,.,.,.,.,.,.,.,.,STAFF,,
Fall2021-2022(202210),13212,EXCH,061,1,Crs@Univer.ofSydney:Austr.,0,6,00,1,4,.,.,.,.,.,.,.,.,.,.,.,.,.,.,.,.,.,.,.,.,.,.,.,STAFF,,
Fall2021-2022(202210),13213,EXCH,067,1,Crs@UniversityofToronto,0,3,00,3,2,.,.,.,.,.,.,.,.,.,.,.,.,.,.,.,.,.,.,.,.,.,.,.,STAFF,,
Fall2021-2022(202210),13196,EXPR,0000,1,StudyAbroad,0,0,00,20,30,.,.,.,.,.,.,.,.,.,.,.,.,.,.,.,.,.,.,.,.,.,.,.,STAFF,,
