Fall2021-2022(202210),11890,MATH,101,E1,Calculus&AnalyticGeometryI,0,0,AS,29,-4,1500,1550,NICELY,415,.,.,W,.,.,.,.,.,.,.,.,.,.,.,.,.,.,.,Rana,Nassif,11893,
Fall2021-2022(202210),11891,MATH,101,E2,Calculus&AnalyticGeometryI,0,0,AS,29,-4,1400,1450,NICELY,320,.,.,.,.,F,.,.,.,.,.,.,.,.,.,.,.,.,.,Fatima,Mroue,11894,
Fall2021-2022(202210),11892,MATH,101,E3,Calculus&AnalyticGeometryI,0,0,AS,33,-8,1400,1450,NICELY,320,.,.,W,.,.,.,.,.,.,.,.,.,.,.,.,.,.,.,Rana,Nassif,11895,
Fall2021-2022(202210),11893,MATH,101,L1,Calculus&AnalyticGeometryI,3,3,AS,28,-3,1000,1050,NICELY,320,M,.,W,.,F,.,.,.,.,.,.,.,.,.,.,.,.,.,Fatima,Mroue,11890,
Fall2021-2022(202210),11894,MATH,101,L2,Calculus&AnalyticGeometryI,3,3,AS,32,-7,1300,1350,NICELY,320,M,.,W,.,F,.,.,.,.,.,.,.,.,.,.,.,.,.,Zahi,Fawaz,11891,
Fall2021-2022(202210),11895,MATH,101,L3,Calculus&AnalyticGeometryI,3,3,AS,31,-6,1000,1050,NICELY,321,M,.,W,.,F,.,.,.,.,.,.,.,.,.,.,.,.,.,Hassan,Yamani,11892,
Fall2021-2022(202210),11896,MATH,102,E1,Calculus&AnalyticalGeom.II,0,0,AS,11,9,0930,1020,NICELY,103,.,T,.,.,.,.,.,.,.,.,.,.,.,.,.,.,.,.,Joumana,Tannous,11899,
Fall2021-2022(202210),11897,MATH,102,E2,Calculus&AnalyticalGeom.II,0,0,AS,19,1,1100,1150,NICELY,320,.,T,.,.,.,.,.,.,.,.,.,.,.,.,.,.,.,.,Joumana,Tannous,11899,
Fall2021-2022(202210),11898,MATH,102,E3,Calculus&AnalyticalGeom.II,0,0,AS,8,12,0800,0850,NICELY,320,.,T,.,.,.,.,.,.,.,.,.,.,.,.,.,.,.,.,Joumana,Tannous,11899,
Fall2021-2022(202210),11899,MATH,102,L1,Calculus&AnalyticalGeom.II,3,3,AS,38,22,1200,1250,NICELY,415,M,.,W,.,F,.,.,.,.,.,.,.,.,.,.,.,.,.,Hassan,Yamani,11896:or11897:or11898,
Fall2021-2022(202210),11900,MATH,201,E1,Calculus&AnalyticalGeom.III,0,0,AS,26,-4,1530,1620,NICELY,214,.,.,.,R,.,.,.,.,.,.,.,.,.,.,.,.,.,.,Zahi,Fawaz,11924,
Fall2021-2022(202210),11901,MATH,201,E10,Calculus&AnalyticalGeom.III,0,0,AS,24,-1,1600,1650,NICELY,214,.,.,.,.,F,.,.,.,.,.,.,.,.,.,.,.,.,.,Lina,Rahhal,11926,
Fall2021-2022(202210),11902,MATH,201,E11,Calculus&AnalyticalGeom.III,0,0,AS,24,-2,1700,1750,NICELY,214,.,.,.,.,F,.,.,.,.,.,.,.,.,.,.,.,.,.,Lina,Rahhal,11926,
Fall2021-2022(202210),11903,MATH,201,E12,Calculus&AnalyticalGeom.III,0,0,AS,25,-2,1100,1150,NICELY,412,.,.,.,.,F,.,.,.,.,.,.,.,.,.,.,.,.,.,Lina,Rahhal,11926,
Fall2021-2022(202210),11904,MATH,201,E13,Calculus&AnalyticalGeom.III,0,0,AS,26,-4,1100,1150,NICELY,412,.,.,W,.,.,.,.,.,.,.,.,.,.,.,.,.,.,.,Lina,Rahhal,11927,
Fall2021-2022(202210),11905,MATH,201,E14,Calculus&AnalyticalGeom.III,0,0,AS,23,0,1200,1250,NICELY,412,.,.,W,.,.,.,.,.,.,.,.,.,.,.,.,.,.,.,Rana,Nassif,11927,
Fall2021-2022(202210),11906,MATH,201,E15,Calculus&AnalyticalGeom.III,0,0,AS,25,-3,1300,1350,NICELY,210,.,.,W,.,.,.,.,.,.,.,.,.,.,.,.,.,.,.,Rana,Nassif,11927,
Fall2021-2022(202210),11907,MATH,201,E16,Calculus&AnalyticalGeom.III,0,0,AS,25,-2,1000,1050,NICELY,210,.,.,W,.,.,.,.,.,.,.,.,.,.,.,.,.,.,.,Lina,Rahhal,11927,
Fall2021-2022(202210),11908,MATH,201,E17,Calculus&AnalyticalGeom.III,0,0,AS,24,-2,1000,1050,NICELY,214,.,.,.,.,F,.,.,.,.,.,.,.,.,.,.,.,.,.,Rana,Nassif,11928,
Fall2021-2022(202210),11909,MATH,201,E18,Calculus&AnalyticalGeom.III,0,0,AS,21,2,0800,0850,NICELY,416,.,.,.,.,F,.,.,.,.,.,.,.,.,.,.,.,.,.,Hagop,Karakazian,11928,
Fall2021-2022(202210),11910,MATH,201,E19,Calculus&AnalyticalGeom.III,0,0,AS,27,-5,1200,1250,NICELY,214,.,.,.,.,F,.,.,.,.,.,.,.,.,.,.,.,.,.,Rana,Nassif,11928,
Fall2021-2022(202210),11911,MATH,201,E2,Calculus&AnalyticalGeom.III,0,0,AS,26,-3,0930,1020,NICELY,103,.,.,.,R,.,.,.,.,.,.,.,.,.,.,.,.,.,.,Zahi,Fawaz,11924,
Fall2021-2022(202210),11912,MATH,201,E20,Calculus&AnalyticalGeom.III,0,0,AS,24,-1,0900,0950,NICELY,416,.,.,.,.,F,.,.,.,.,.,.,.,.,.,.,.,.,.,Hagop,Karakazian,11928,
Fall2021-2022(202210),11913,MATH,201,E21,Calculus&AnalyticalGeom.III,0,0,AS,23,-1,1600,1650,BLISS,105,.,.,W,.,.,.,.,.,.,.,.,.,.,.,.,.,.,.,Hagop,Karakazian,11929,
Fall2021-2022(202210),11914,MATH,201,E22,Calculus&AnalyticalGeom.III,0,0,AS,27,-4,1200,1250,NICELY,214,.,.,W,.,.,.,.,.,.,.,.,.,.,.,.,.,.,.,Zahi,Fawaz,11929,
Fall2021-2022(202210),11915,MATH,201,E23,Calculus&AnalyticalGeom.III,0,0,AS,25,-3,1500,1550,BLISS,105,.,.,W,.,.,.,.,.,.,.,.,.,.,.,.,.,.,.,Hagop,Karakazian,11929,
Fall2021-2022(202210),11916,MATH,201,E24,Calculus&AnalyticalGeom.III,0,0,AS,25,-2,1700,1750,NICELY,214,.,.,W,.,.,.,.,.,.,.,.,.,.,.,.,.,.,.,Hagop,Karakazian,11929,
Fall2021-2022(202210),11917,MATH,201,E3,Calculus&AnalyticalGeom.III,0,0,AS,24,-2,1100,1150,NICELY,320,.,.,.,R,.,.,.,.,.,.,.,.,.,.,.,.,.,.,Zahi,Fawaz,11924,
Fall2021-2022(202210),11918,MATH,201,E4,Calculus&AnalyticalGeom.III,0,0,AS,24,-1,1400,1450,BLISS,205,.,.,.,R,.,.,.,.,.,.,.,.,.,.,.,.,.,.,Zahi,Fawaz,11924,
Fall2021-2022(202210),11919,MATH,201,E5,Calculus&AnalyticalGeom.III,0,0,AS,22,0,1530,1620,PHYS,329,.,T,.,.,.,.,.,.,.,.,.,.,.,.,.,.,.,.,Rana,Nassif,11925,
Fall2021-2022(202210),11920,MATH,201,E6,Calculus&AnalyticalGeom.III,0,0,AS,29,-6,1230,1320,NICELY,412,.,T,.,.,.,.,.,.,.,.,.,.,.,.,.,.,.,.,Rana,Nassif,11925,
Fall2021-2022(202210),11921,MATH,201,E7,Calculus&AnalyticalGeom.III,0,0,AS,24,-2,1400,1450,BLISS,205,.,T,.,.,.,.,.,.,.,.,.,.,.,.,.,.,.,.,Rana,Nassif,11925,
Fall2021-2022(202210),11922,MATH,201,E8,Calculus&AnalyticalGeom.III,0,0,AS,24,-1,1700,1750,BLISS,105,.,T,.,.,.,.,.,.,.,.,.,.,.,.,.,.,.,.,Rana,Nassif,11925,
Fall2021-2022(202210),11923,MATH,201,E9,Calculus&AnalyticalGeom.III,0,0,AS,29,-7,1500,1550,NICELY,214,.,.,.,.,F,.,.,.,.,.,.,.,.,.,.,.,.,.,Lina,Rahhal,11926,
Fall2021-2022(202210),11924,MATH,201,L1,Calculus&AnalyticalGeom.III,3,3,AS,100,-10,1100,1150,NICELY,415,M,.,W,.,F,.,.,.,.,.,.,.,.,.,.,.,.,.,Giuseppe,DellaSala,11900:or11911:or11917:or11918,
Fall2021-2022(202210),11925,MATH,201,L2,Calculus&AnalyticalGeom.III,3,3,AS,100,-10,1200,1250,BLISS,203,M,.,W,.,F,.,.,.,.,.,.,.,.,.,.,.,.,.,AhmadA,Sabra,11919:or11920:or11921:or11922,
Fall2021-2022(202210),11926,MATH,201,L3,Calculus&AnalyticalGeom.III,3,3,AS,101,-11,1400,1450,BLISS,203,M,.,W,.,F,.,.,.,.,.,.,.,.,.,.,.,.,.,Hassan,Yamani,11901:or11902:or11903:or11923,
Fall2021-2022(202210),11927,MATH,201,L4,Calculus&AnalyticalGeom.III,3,3,AS,99,-9,0900,0950,NICELY,415,M,.,W,.,F,.,.,.,.,.,.,.,.,.,.,.,.,.,Wissam,Raji,11904:or11905:or11906:or11907,
Fall2021-2022(202210),11928,MATH,201,L5,Calculus&AnalyticalGeom.III,3,3,AS,96,-6,1300,1350,BLISS,203,M,.,W,.,F,.,.,.,.,.,.,.,.,.,.,.,.,.,RafaelBenedikt,Andrist,11908:or11909:or11910:or11912,
Fall2021-2022(202210),11929,MATH,201,L6,Calculus&AnalyticalGeom.III,3,3,AS,100,-10,1000,1050,BLISS,203,M,.,W,.,F,.,.,.,.,.,.,.,.,.,.,.,.,.,Bassam,Shayya,11913:or11914:or11915:or11916,
Fall2021-2022(202210),13017,MATH,201,L7,Calculus&AnalyticalGeom.III,3,3,AS,0,0,.,.,.,.,.,.,.,.,.,.,.,.,.,.,.,.,.,.,.,.,.,.,.,STAFF,,Online
Fall2021-2022(202210),11930,MATH,202,E1,DifferentialEquations,0,0,AS,16,6,1400,1450,NICELY,210,.,.,.,.,F,.,.,.,.,.,.,.,.,.,.,.,.,.,Rana,Nassif,11935,
Fall2021-2022(202210),11931,MATH,202,E2,DifferentialEquations,0,0,AS,15,7,1500,1550,NICELY,210,.,.,.,.,F,.,.,.,.,.,.,.,.,.,.,.,.,.,Rana,Nassif,11935,
Fall2021-2022(202210),11932,MATH,202,E3,DifferentialEquations,0,0,AS,0,0,.,.,.,.,.,.,.,.,.,.,.,.,.,.,.,.,.,.,.,.,.,.,.,STAFF,11935,
Fall2021-2022(202210),11933,MATH,202,E4,DifferentialEquations,0,0,AS,0,0,.,.,.,.,.,.,.,.,.,.,.,.,.,.,.,.,.,.,.,.,.,.,.,STAFF,11935,
Fall2021-2022(202210),11934,MATH,202,E5,DifferentialEquations,0,0,AS,22,0,1000,1050,NICELY,322,.,.,.,.,F,.,.,.,.,.,.,.,.,.,.,.,.,.,Tamer,Tlas,11935,
Fall2021-2022(202210),13229,MATH,202,E6,DifferentialEquations,0,0,AS,0,0,.,.,.,.,.,.,.,.,.,.,.,.,.,.,.,.,.,.,.,.,.,.,.,STAFF,13228,
Fall2021-2022(202210),11935,MATH,202,L1,DifferentialEquations,3,3,AS,54,56,0900,0950,BLISS,203,M,.,W,.,F,.,.,.,.,.,.,.,.,.,.,.,.,.,Tamer,Tlas,11930:or11931:or11932:or11933:or11934,
Fall2021-2022(202210),13228,MATH,202,L2,DifferentialEquations,3,3,AS,0,0,.,.,.,.,.,.,.,.,.,.,.,.,.,.,.,.,.,.,.,.,.,.,.,STAFF,13229,
Fall2021-2022(202210),11936,MATH,203,1,MathforSocialSciencesI,3,3,AS,29,1,0930,1045,NICELY,325,.,T,.,R,.,.,.,.,.,.,.,.,.,.,.,.,.,.,Maha,Itani,,
Fall2021-2022(202210),11937,MATH,203,2,MathforSocialSciencesI,3,3,AS,29,1,1100,1215,NICELY,323,.,T,.,R,.,.,.,.,.,.,.,.,.,.,.,.,.,.,Maha,Itani,,
Fall2021-2022(202210),11938,MATH,203,3,MathforSocialSciencesI,3,3,AS,32,-2,1200,1250,NICELY,325,M,.,W,.,F,.,.,.,.,.,.,.,.,.,.,.,.,.,Najwa,Fuleihan,,
Fall2021-2022(202210),11939,MATH,203,4,MathforSocialSciencesI,3,3,AS,31,-1,1300,1350,NICELY,323,M,.,W,.,F,.,.,.,.,.,.,.,.,.,.,.,.,.,Najwa,Fuleihan,,
Fall2021-2022(202210),11940,MATH,203,5,MathforSocialSciencesI,3,3,AS,32,-2,1400,1515,NICELY,320,.,T,.,R,.,.,.,.,.,.,.,.,.,.,.,.,.,.,Joumana,Tannous,,
Fall2021-2022(202210),13274,MATH,203,6,MathforSocialSciencesI,3,3,AS,28,-1,1700,1815,NICELY,416,.,T,.,R,.,.,.,.,.,.,.,.,.,.,.,.,.,.,Joumana,Tannous,,
Fall2021-2022(202210),11941,MATH,204,1,MathforSocialSciencesII,3,3,AS,24,1,1400,1515,NICELY,211,.,T,.,R,.,.,.,.,.,.,.,.,.,.,.,.,.,.,Maha,Itani,,
Fall2021-2022(202210),11942,MATH,204,2,MathforSocialSciencesII,3,3,AS,25,0,1530,1645,NICELY,325,.,T,.,R,.,.,.,.,.,.,.,.,.,.,.,.,.,.,Maha,Itani,,
Fall2021-2022(202210),11943,MATH,204,3,MathforSocialSciencesII,3,3,AS,28,-3,0900,0950,NICELY,321,M,.,W,.,F,.,.,.,.,.,.,.,.,.,.,.,.,.,Najwa,Fuleihan,,
Fall2021-2022(202210),11944,MATH,204,4,MathforSocialSciencesII,3,3,AS,27,-2,1000,1050,NICELY,318,M,.,W,.,F,.,.,.,.,.,.,.,.,.,.,.,.,.,Najwa,Fuleihan,,
Fall2021-2022(202210),11945,MATH,204,5,MathforSocialSciencesII,3,3,AS,25,0,1500,1550,NICELY,327,M,.,W,.,F,.,.,.,.,.,.,.,.,.,.,.,.,.,Michella,BouEid,,
Fall2021-2022(202210),11946,MATH,204,6,MathforSocialSciencesII,3,3,AS,24,1,1600,1650,NICELY,327,M,.,W,.,F,.,.,.,.,.,.,.,.,.,.,.,.,.,Michella,BouEid,,
Fall2021-2022(202210),11947,MATH,204,7,MathforSocialSciencesII,3,3,AS,25,0,1530,1645,BLISS,203,.,T,.,R,.,.,.,.,.,.,.,.,.,.,.,.,.,.,Joumana,Tannous,,
Fall2021-2022(202210),11948,MATH,204,8,MathforSocialSciencesII,3,3,AS,26,-1,1230,1345,NICELY,415,.,T,.,R,.,.,.,.,.,.,.,.,.,.,.,.,.,.,Joumana,Tannous,,
Fall2021-2022(202210),11949,MATH,210,1,IntroductiontoAnalysis,3,3,AS,15,10,1000,1050,NICELY,327,M,.,W,.,F,.,.,.,.,.,.,.,.,.,.,.,.,.,Siamak,Taati,,
Fall2021-2022(202210),11950,MATH,210,2,IntroductiontoAnalysis,3,3,AS,22,3,0900,0950,NICELY,103,M,.,W,.,F,.,.,.,.,.,.,.,.,.,.,.,.,.,Farouk,AbiKhuzam,,
Fall2021-2022(202210),11951,MATH,211,E1,DiscreteMathematics,0,0,AS,32,-7,1300,1350,NICELY,210,M,.,.,.,.,.,.,.,.,.,.,.,.,.,.,.,.,.,Fatima,Mroue,11953,
Fall2021-2022(202210),11952,MATH,211,E2,DiscreteMathematics,0,0,AS,28,-3,1400,1450,NICELY,323,M,.,.,.,.,.,.,.,.,.,.,.,.,.,.,.,.,.,Fatima,Mroue,11953,
Fall2021-2022(202210),11953,MATH,211,L1,DiscreteMathematics,3,3,AS,60,-10,1100,1150,BLISS,203,M,.,W,.,F,.,.,.,.,.,.,.,.,.,.,.,.,.,Fatima,Mroue,11951:or11952,
Fall2021-2022(202210),11954,MATH,212,1,Introd.PartialDifferent.Equat,3,3,AS,24,1,1200,1250,NICELY,323,M,.,W,.,F,.,.,.,.,.,.,.,.,.,.,.,.,.,TristanCyrus,Roy,,
Fall2021-2022(202210),11955,MATH,212,2,Introd.PartialDifferent.Equat,3,3,AS,25,0,1100,1150,NICELY,322,M,.,W,.,F,.,.,.,.,.,.,.,.,.,.,.,.,.,AhmadA,Sabra,,
Fall2021-2022(202210),11956,MATH,212,3,Introd.PartialDifferent.Equat,3,3,AS,24,1,1300,1350,NICELY,412,M,.,W,.,F,.,.,.,.,.,.,.,.,.,.,.,.,.,Sophie,Moufawad,,
Fall2021-2022(202210),11957,MATH,214,1,TopologyI,3,3,AS,19,6,0800,0850,NICELY,210,M,.,W,.,F,.,.,.,.,.,.,.,.,.,.,.,.,.,Tamer,Tlas,,
Fall2021-2022(202210),11958,MATH,218,E1,ElemLinearAlgebrawApplica.,0,0,AS,24,1,1300,1350,NICELY,414,.,.,W,.,.,.,.,.,.,.,.,.,.,.,.,.,.,.,Michella,BouEid,11964,
Fall2021-2022(202210),11959,MATH,218,E2,ElemLinearAlgebrawApplica.,0,0,AS,25,0,1400,1450,NICELY,323,.,.,W,.,.,.,.,.,.,.,.,.,.,.,.,.,.,.,Michella,BouEid,11964,
Fall2021-2022(202210),11960,MATH,218,E3,ElemLinearAlgebrawApplica.,0,0,AS,24,1,1700,1750,NICELY,411,.,.,W,.,.,.,.,.,.,.,.,.,.,.,.,.,.,.,Michella,BouEid,11964,
Fall2021-2022(202210),11961,MATH,218,E4,ElemLinearAlgebrawApplica.,0,0,AS,24,1,1100,1150,NICELY,416,.,.,.,.,F,.,.,.,.,.,.,.,.,.,.,.,.,.,Michella,BouEid,11965,
Fall2021-2022(202210),11962,MATH,218,E5,ElemLinearAlgebrawApplica.,0,0,AS,26,-1,1200,1250,NICELY,202,.,.,.,.,F,.,.,.,.,.,.,.,.,.,.,.,.,.,Michella,BouEid,11965,
Fall2021-2022(202210),11963,MATH,218,E6,ElemLinearAlgebrawApplica.,0,0,AS,24,1,1300,1350,NICELY,417,.,.,.,.,F,.,.,.,.,.,.,.,.,.,.,.,.,.,Michella,BouEid,11965,
Fall2021-2022(202210),11964,MATH,218,L1,ElemLinearAlgebrawApplica.,3,3,AS,73,2,1200,1250,NICELY,211,M,.,W,.,F,.,.,.,.,.,.,.,.,.,.,.,.,.,Hazar,AbuKhuzam,11958:or11959:or11960,
Fall2021-2022(202210),11965,MATH,218,L2,ElemLinearAlgebrawApplica.,3,3,AS,74,1,0930,1045,NICELY,415,.,T,.,R,.,.,.,.,.,.,.,.,.,.,.,.,.,.,Sabine,ElKhoury,11961:or11962:or11963,
Fall2021-2022(202210),11966,MATH,219,1,LinearAlgebraI,3,3,AS,11,14,0900,0950,NICELY,210,M,.,W,.,F,.,.,.,.,.,.,.,.,.,.,.,.,.,AhmadA,Sabra,,
Fall2021-2022(202210),11967,MATH,224,1,FourierSeries&Applicat.,3,3,AS,7,18,1100,1150,NICELY,210,M,.,W,.,F,.,.,.,.,.,.,.,.,.,.,.,.,.,TristanCyrus,Roy,,
Fall2021-2022(202210),11968,MATH,241,1,Intr.toAbstractAlgebra,3,3,AS,13,17,1400,1450,BLISS,205,M,.,W,.,F,.,.,.,.,.,.,.,.,.,.,.,.,.,Florian,Bertrand,,
Fall2021-2022(202210),11969,MATH,251,E1,NumericalComputing,0,0,AS,14,6,1500,1550,NICELY,318,.,.,W,.,.,.,.,.,.,.,.,.,.,.,.,.,.,.,Dolly,Fayyad,11977,
Fall2021-2022(202210),11970,MATH,251,E2,NumericalComputing,0,0,AS,20,0,1600,1650,NICELY,214,.,.,W,.,.,.,.,.,.,.,.,.,.,.,.,.,.,.,Dolly,Fayyad,11977,
Fall2021-2022(202210),11971,MATH,251,E3,NumericalComputing,0,0,AS,19,1,1700,1750,NICELY,202,.,.,W,.,.,.,.,.,.,.,.,.,.,.,.,.,.,.,Dolly,Fayyad,11978,
Fall2021-2022(202210),11972,MATH,251,E4,NumericalComputing,0,0,AS,16,4,1500,1550,NICELY,417,.,.,.,.,F,.,.,.,.,.,.,.,.,.,.,.,.,.,Dolly,Fayyad,11978,
Fall2021-2022(202210),11973,MATH,251,E5,NumericalComputing,0,0,AS,11,9,1200,1250,NICELY,417,.,.,.,.,F,.,.,.,.,.,.,.,.,.,.,.,.,.,Fatima,Mroue,11979,
Fall2021-2022(202210),11974,MATH,251,E6,NumericalComputing,0,0,AS,15,5,1200,1250,NICELY,417,.,.,W,.,.,.,.,.,.,.,.,.,.,.,.,.,.,.,Fatima,Mroue,11979,
Fall2021-2022(202210),11975,MATH,251,E7,NumericalComputing,0,0,AS,0,0,.,.,.,.,.,.,.,.,.,.,.,.,.,.,.,.,.,.,.,.,.,.,.,STAFF,11980,
Fall2021-2022(202210),11976,MATH,251,E8,NumericalComputing,0,0,AS,0,0,.,.,.,.,.,.,.,.,.,.,.,.,.,.,.,.,.,.,.,.,.,.,.,STAFF,11980,
Fall2021-2022(202210),11977,MATH,251,L1,NumericalComputing,3,3,AS,33,7,1300,1350,BLISS,205,M,.,W,.,F,.,.,.,.,.,.,.,.,.,.,.,.,.,Dolly,Fayyad,11969:or11970,
Fall2021-2022(202210),11978,MATH,251,L2,NumericalComputing,3,3,AS,36,4,1200,1250,BLISS,205,M,.,W,.,F,.,.,.,.,.,.,.,.,.,.,.,.,.,Dolly,Fayyad,11971:or11972,
Fall2021-2022(202210),11979,MATH,251,L3,NumericalComputing,3,3,AS,26,14,1000,1050,BLISS,205,M,.,W,.,F,.,.,.,.,.,.,.,.,.,.,.,.,.,Nabil,Nassif,11973:or11974,
Fall2021-2022(202210),11980,MATH,251,L4,NumericalComputing,3,3,AS,0,0,.,.,.,.,.,.,.,.,.,.,.,.,.,.,.,.,.,.,.,.,.,.,.,STAFF,11975:or11976,
Fall2021-2022(202210),11981,MATH,261,1,NumberTheory,3,3,AS,19,11,1000,1050,NICELY,410,M,.,W,.,F,.,.,.,.,.,.,.,.,.,.,.,.,.,Wissam,Raji,,
Fall2021-2022(202210),11982,MATH,281,1,NumericalLinearAlgebra,3,3,AS,12,8,1200,1250,NICELY,322,M,.,W,.,F,.,.,.,.,.,.,.,.,.,.,.,.,.,Sophie,Moufawad,,
Fall2021-2022(202210),11983,MATH,304,1,ComplexAnalysis,3,3,AS,13,2,1100,1150,BLISS,206,M,.,W,.,F,.,.,.,.,.,.,.,.,.,.,.,.,.,Farouk,AbiKhuzam,,
Fall2021-2022(202210),11984,MATH,338,1,Int.toStochasticProcesses,3,3,AS,7,8,1500,1550,BLISS,205,M,.,W,.,F,.,.,.,.,.,.,.,.,.,.,.,.,.,Abbas,Alhakim,,
Fall2021-2022(202210),11985,MATH,341,1,ModulesandRingsI,3,3,AS,8,7,1000,1050,BLISS,206,M,.,W,.,F,.,.,.,.,.,.,.,.,.,.,.,.,.,Hazar,AbuKhuzam,,
Fall2021-2022(202210),11986,MATH,350,1,DiscreteModelsforDiffer.Equ,3,3,AS,11,4,1300,1350,BLISS,206,M,.,W,.,F,.,.,.,.,.,.,.,.,.,.,.,.,.,Nabil,Nassif,,
Fall2021-2022(202210),11987,MATH,395A,1,ComprehensiveExam,0,0,AS,4,-4,.,.,.,.,.,.,.,.,.,.,.,.,.,.,.,.,.,.,.,.,.,.,Florian,Bertrand,,
Fall2021-2022(202210),11988,MATH,399,1,M.A.OrM.S.Thesis,6,7.28,AS,0,5,.,.,.,.,.,.,.,.,.,.,.,.,.,.,.,.,.,.,.,.,.,.,Farouk,AbiKhuzam,,
Fall2021-2022(202210),11989,MATH,399,10,M.A.OrM.S.Thesis,6,7.28,AS,0,5,.,.,.,.,.,.,.,.,.,.,.,.,.,.,.,.,.,.,.,.,.,.,AhmadA,Sabra,,
Fall2021-2022(202210),11990,MATH,399,11,M.A.OrM.S.Thesis,6,7.28,AS,0,5,.,.,.,.,.,.,.,.,.,.,.,.,.,.,.,.,.,.,.,.,.,.,Florian,Bertrand,,
Fall2021-2022(202210),11991,MATH,399,12,M.A.OrM.S.Thesis,6,7.28,AS,0,5,.,.,.,.,.,.,.,.,.,.,.,.,.,.,.,.,.,.,.,.,.,.,Giuseppe,DellaSala,,
Fall2021-2022(202210),11992,MATH,399,13,M.A.OrM.S.Thesis,6,7.28,AS,0,5,.,.,.,.,.,.,.,.,.,.,.,.,.,.,.,.,.,.,.,.,.,.,Hazar,AbuKhuzam,,
Fall2021-2022(202210),11993,MATH,399,14,M.A.OrM.S.Thesis,6,7.28,AS,0,5,.,.,.,.,.,.,.,.,.,.,.,.,.,.,.,.,.,.,.,.,.,.,Richard,Aoun,,
Fall2021-2022(202210),11994,MATH,399,15,M.A.OrM.S.Thesis,6,7.28,AS,0,5,.,.,.,.,.,.,.,.,.,.,.,.,.,.,.,.,.,.,.,.,.,.,Stefano,Monni,,
Fall2021-2022(202210),11995,MATH,399,16,M.A.OrM.S.Thesis,6,7.28,AS,0,5,.,.,.,.,.,.,.,.,.,.,.,.,.,.,.,.,.,.,.,.,.,.,Sophie,Moufawad,,
Fall2021-2022(202210),11996,MATH,399,17,M.A.OrM.S.Thesis,6,7.28,AS,0,5,.,.,.,.,.,.,.,.,.,.,.,.,.,.,.,.,.,.,.,.,.,.,RafaelBenedikt,Andrist,,
Fall2021-2022(202210),11998,MATH,399,2,M.A.OrM.S.Thesis,6,7.28,AS,0,5,.,.,.,.,.,.,.,.,.,.,.,.,.,.,.,.,.,.,.,.,.,.,Abbas,Alhakim,,
Fall2021-2022(202210),11999,MATH,399,20,M.A.OrM.S.Thesis,6,7.28,AS,0,5,.,.,.,.,.,.,.,.,.,.,.,.,.,.,.,.,.,.,.,.,.,.,TristanCyrus,Roy,,
Fall2021-2022(202210),12000,MATH,399,3,M.A.OrM.S.Thesis,6,7.28,AS,0,5,.,.,.,.,.,.,.,.,.,.,.,.,.,.,.,.,.,.,.,.,.,.,Sabine,ElKhoury,,
Fall2021-2022(202210),12001,MATH,399,4,M.A.OrM.S.Thesis,6,7.28,AS,0,5,.,.,.,.,.,.,.,.,.,.,.,.,.,.,.,.,.,.,.,.,.,.,Kamal,KhuriMakdisi,,
Fall2021-2022(202210),12003,MATH,399,6,M.A.OrM.S.Thesis,6,7.28,AS,0,5,.,.,.,.,.,.,.,.,.,.,.,.,.,.,.,.,.,.,.,.,.,.,Nabil,Nassif,,
Fall2021-2022(202210),12004,MATH,399,7,M.A.OrM.S.Thesis,6,7.28,AS,0,5,.,.,.,.,.,.,.,.,.,.,.,.,.,.,.,.,.,.,.,.,.,.,Wissam,Raji,,
Fall2021-2022(202210),12005,MATH,399,8,M.A.OrM.S.Thesis,6,7.28,AS,0,5,.,.,.,.,.,.,.,.,.,.,.,.,.,.,.,.,.,.,.,.,.,.,Bassam,Shayya,,
Fall2021-2022(202210),12006,MATH,399,9,M.A.OrM.S.Thesis,6,7.28,AS,0,5,.,.,.,.,.,.,.,.,.,.,.,.,.,.,.,.,.,.,.,.,.,.,Tamer,Tlas,,
Fall2021-2022(202210),12007,MATH,399A,1,M.A.orM.S.Thesis,6,0,AS,0,5,.,.,.,.,.,.,.,.,.,.,.,.,.,.,.,.,.,.,.,.,.,.,Florian,Bertrand,,
Fall2021-2022(202210),12008,MATH,399A,10,M.A.orM.S.Thesis,6,0,AS,0,5,.,.,.,.,.,.,.,.,.,.,.,.,.,.,.,.,.,.,.,.,.,.,Giuseppe,DellaSala,,
Fall2021-2022(202210),12009,MATH,399A,11,M.A.orM.S.Thesis,6,0,AS,0,5,.,.,.,.,.,.,.,.,.,.,.,.,.,.,.,.,.,.,.,.,.,.,Kamal,KhuriMakdisi,,
Fall2021-2022(202210),12010,MATH,399A,12,M.A.orM.S.Thesis,6,0,AS,0,5,.,.,.,.,.,.,.,.,.,.,.,.,.,.,.,.,.,.,.,.,.,.,AhmadA,Sabra,,
Fall2021-2022(202210),12011,MATH,399A,13,M.A.orM.S.Thesis,6,0,AS,0,5,.,.,.,.,.,.,.,.,.,.,.,.,.,.,.,.,.,.,.,.,.,.,Nabil,Nassif,,
Fall2021-2022(202210),12014,MATH,399A,16,M.A.orM.S.Thesis,6,0,AS,0,5,.,.,.,.,.,.,.,.,.,.,.,.,.,.,.,.,.,.,.,.,.,.,Sophie,Moufawad,,
Fall2021-2022(202210),12015,MATH,399A,17,M.A.orM.S.Thesis,6,0,AS,0,5,.,.,.,.,.,.,.,.,.,.,.,.,.,.,.,.,.,.,.,.,.,.,Tamer,Tlas,,
Fall2021-2022(202210),12016,MATH,399A,18,M.A.orM.S.Thesis,6,0,AS,0,5,.,.,.,.,.,.,.,.,.,.,.,.,.,.,.,.,.,.,.,.,.,.,RafaelBenedikt,Andrist,,
Fall2021-2022(202210),12017,MATH,399A,19,M.A.orM.S.Thesis,6,0,AS,0,5,.,.,.,.,.,.,.,.,.,.,.,.,.,.,.,.,.,.,.,.,.,.,TristanCyrus,Roy,,
Fall2021-2022(202210),12018,MATH,399A,2,M.A.orM.S.Thesis,6,0,AS,0,5,.,.,.,.,.,.,.,.,.,.,.,.,.,.,.,.,.,.,.,.,.,.,Richard,Aoun,,
Fall2021-2022(202210),12020,MATH,399A,3,M.A.orM.S.Thesis,6,0,AS,0,5,.,.,.,.,.,.,.,.,.,.,.,.,.,.,.,.,.,.,.,.,.,.,Bassam,Shayya,,
Fall2021-2022(202210),12021,MATH,399A,4,M.A.orM.S.Thesis,6,0,AS,0,5,.,.,.,.,.,.,.,.,.,.,.,.,.,.,.,.,.,.,.,.,.,.,Farouk,AbiKhuzam,,
Fall2021-2022(202210),12022,MATH,399A,5,M.A.orM.S.Thesis,6,0,AS,0,5,.,.,.,.,.,.,.,.,.,.,.,.,.,.,.,.,.,.,.,.,.,.,Hazar,AbuKhuzam,,
Fall2021-2022(202210),12023,MATH,399A,6,M.A.orM.S.Thesis,6,0,AS,0,5,.,.,.,.,.,.,.,.,.,.,.,.,.,.,.,.,.,.,.,.,.,.,Wissam,Raji,,
Fall2021-2022(202210),12024,MATH,399A,7,M.A.orM.S.Thesis,6,0,AS,0,5,.,.,.,.,.,.,.,.,.,.,.,.,.,.,.,.,.,.,.,.,.,.,Abbas,Alhakim,,
Fall2021-2022(202210),12025,MATH,399A,8,M.A.orM.S.Thesis,6,0,AS,0,5,.,.,.,.,.,.,.,.,.,.,.,.,.,.,.,.,.,.,.,.,.,.,Sabine,ElKhoury,,
Fall2021-2022(202210),12026,MATH,399A,9,M.A.orM.S.Thesis,6,0,AS,0,5,.,.,.,.,.,.,.,.,.,.,.,.,.,.,.,.,.,.,.,.,.,.,Stefano,Monni,,
Fall2021-2022(202210),12027,MATH,399B,1,M.A.orM.S.Thesis,6,0,AS,0,5,.,.,.,.,.,.,.,.,.,.,.,.,.,.,.,.,.,.,.,.,.,.,Farouk,AbiKhuzam,,
Fall2021-2022(202210),12029,MATH,399B,11,M.A.orM.S.Thesis,6,0,AS,0,5,.,.,.,.,.,.,.,.,.,.,.,.,.,.,.,.,.,.,.,.,.,.,Tamer,Tlas,,
Fall2021-2022(202210),12030,MATH,399B,12,M.A.orM.S.Thesis,6,0,AS,0,5,.,.,.,.,.,.,.,.,.,.,.,.,.,.,.,.,.,.,.,.,.,.,Nabil,Nassif,,
Fall2021-2022(202210),12031,MATH,399B,13,M.A.orM.S.Thesis,6,0,AS,0,5,.,.,.,.,.,.,.,.,.,.,.,.,.,.,.,.,.,.,.,.,.,.,Bassam,Shayya,,
Fall2021-2022(202210),12032,MATH,399B,14,M.A.orM.S.Thesis,6,0,AS,0,5,.,.,.,.,.,.,.,.,.,.,.,.,.,.,.,.,.,.,.,.,.,.,Sophie,Moufawad,,
Fall2021-2022(202210),12034,MATH,399B,16,M.A.orM.S.Thesis,6,0,AS,0,5,.,.,.,.,.,.,.,.,.,.,.,.,.,.,.,.,.,.,.,.,.,.,Stefano,Monni,,
Fall2021-2022(202210),12035,MATH,399B,17,M.A.orM.S.Thesis,6,0,AS,0,5,.,.,.,.,.,.,.,.,.,.,.,.,.,.,.,.,.,.,.,.,.,.,AhmadA,Sabra,,
Fall2021-2022(202210),12036,MATH,399B,18,M.A.orM.S.Thesis,6,0,AS,0,5,.,.,.,.,.,.,.,.,.,.,.,.,.,.,.,.,.,.,.,.,.,.,Wissam,Raji,,
Fall2021-2022(202210),12037,MATH,399B,19,M.A.orM.S.Thesis,6,0,AS,0,5,.,.,.,.,.,.,.,.,.,.,.,.,.,.,.,.,.,.,.,.,.,.,TristanCyrus,Roy,,
Fall2021-2022(202210),12038,MATH,399B,2,M.A.orM.S.Thesis,6,0,AS,0,5,.,.,.,.,.,.,.,.,.,.,.,.,.,.,.,.,.,.,.,.,.,.,Hazar,AbuKhuzam,,
Fall2021-2022(202210),12039,MATH,399B,3,M.A.orM.S.Thesis,6,0,AS,0,5,.,.,.,.,.,.,.,.,.,.,.,.,.,.,.,.,.,.,.,.,.,.,Abbas,Alhakim,,
Fall2021-2022(202210),12040,MATH,399B,4,M.A.orM.S.Thesis,6,0,AS,0,5,.,.,.,.,.,.,.,.,.,.,.,.,.,.,.,.,.,.,.,.,.,.,RafaelBenedikt,Andrist,,
Fall2021-2022(202210),12041,MATH,399B,5,M.A.orM.S.Thesis,6,0,AS,0,5,.,.,.,.,.,.,.,.,.,.,.,.,.,.,.,.,.,.,.,.,.,.,Richard,Aoun,,
Fall2021-2022(202210),12042,MATH,399B,6,M.A.orM.S.Thesis,6,0,AS,0,5,.,.,.,.,.,.,.,.,.,.,.,.,.,.,.,.,.,.,.,.,.,.,Giuseppe,DellaSala,,
Fall2021-2022(202210),12043,MATH,399B,7,M.A.orM.S.Thesis,6,0,AS,0,5,.,.,.,.,.,.,.,.,.,.,.,.,.,.,.,.,.,.,.,.,.,.,Florian,Bertrand,,
Fall2021-2022(202210),12044,MATH,399B,8,M.A.orM.S.Thesis,6,0,AS,0,5,.,.,.,.,.,.,.,.,.,.,.,.,.,.,.,.,.,.,.,.,.,.,Sabine,ElKhoury,,
Fall2021-2022(202210),12045,MATH,399B,9,M.A.orM.S.Thesis,6,0,AS,0,5,.,.,.,.,.,.,.,.,.,.,.,.,.,.,.,.,.,.,.,.,.,.,Kamal,KhuriMakdisi,,
Fall2021-2022(202210),13402,MATH,399C,1,M.A.orM.S.Thesis,6,0,AS,1,0,.,.,.,.,.,.,.,.,.,.,.,.,.,.,.,.,.,.,.,.,.,.,.,STAFF,,
Fall2021-2022(202210),13217,MAUD,203,1,PediatricAudiology,3,3,HS,1,0,.,.,.,.,.,.,.,.,.,.,.,.,.,.,.,.,.,.,.,.,.,.,Malek,Abu-Safieh,,
Fall2021-2022(202210),12046,MAUD,206,1,AmplificationII,3,3,HS,10,0,0800,0915,.,.,.,.,W,R,.,.,.,.,.,.,.,.,.,.,.,.,.,.,4,VisitingProfessor,,
Fall2021-2022(202210),12047,MAUD,209,1,Vestibular-BalanceAsses.&Mana,3,3,HS,10,0,0930,1045,.,.,.,.,W,R,.,.,.,.,.,.,.,.,.,.,.,.,.,.,Malek,Abu-Safieh,,
Fall2021-2022(202210),12048,MAUD,210,1,AuralRehabilitation&Counsel.,3,3,HS,10,0,1400,1515,.,.,.,T,.,R,.,.,.,.,.,.,.,.,.,.,.,.,.,.,Malek,Abu-Safieh,,
Fall2021-2022(202210),12049,MBIM,399,0,MSThesis,9,7.65,FM,10,10,.,.,.,.,.,.,.,.,.,.,.,.,.,.,.,.,.,.,.,.,.,.,Ghassan,Matar,,Online
Fall2021-2022(202210),12050,MBIM,399B,0,M.S.Thesis,9,0,FM,0,5,.,.,.,.,.,.,.,.,.,.,.,.,.,.,.,.,.,.,.,.,.,.,Ghassan,Matar,,Online
Fall2021-2022(202210),12051,MCOM,201,1,IntroductiontoMediaStudies,3,3,AS,27,-9,1530,1645,NICELY,327,.,T,.,R,.,.,.,.,.,.,.,.,.,.,.,.,.,.,Sarah,Hamdar,,
Fall2021-2022(202210),12052,MCOM,202,1,CommunicationTheory,3,3,AS,27,-9,1230,1345,NICELY,411,.,T,.,R,.,.,.,.,.,.,.,.,.,.,.,.,.,.,GregoryAllen,Burris,,
Fall2021-2022(202210),12053,MCOM,215,1,MediaLawandEthics,3,3,AS,26,-1,1700,1815,NICELY,327,M,.,W,.,.,.,.,.,.,.,.,.,.,.,.,.,.,.,Rabie,Barakat,,
Fall2021-2022(202210),12054,MCOM,216,1,PublicOpinion,3,3,AS,23,2,0930,1045,NICELY,416,.,T,.,R,.,.,.,.,.,.,.,.,.,.,.,.,.,.,Sarah,Hamdar,,
Fall2021-2022(202210),12055,MCOM,217,1,PoliticalCommunic.Campaigns,3,3,AS,0,0,.,.,.,.,.,.,.,.,.,.,.,.,.,.,.,.,.,.,.,.,.,.,.,STAFF,,
Fall2021-2022(202210),12056,MCOM,222,1,Intr.toVisualCultureStudies,3,3,AS,22,3,1400,1515,NICELY,325,.,T,.,R,.,.,.,.,.,.,.,.,.,.,.,.,.,.,Josh,Carney,,
Fall2021-2022(202210),12057,MCOM,223,1,OnTelevision,3,3,AS,14,11,0930,1045,NICELY,411,.,T,.,R,.,.,.,.,.,.,.,.,.,.,.,.,.,.,Josh,Carney,,
Fall2021-2022(202210),12058,MCOM,224,1,PalestinianFilmandMedia,3,3,AS,26,-1,1100,1215,NICELY,327,.,T,.,R,.,.,.,.,.,.,.,.,.,.,.,.,.,.,GregoryAllen,Burris,,
Fall2021-2022(202210),12059,MCOM,225,1,Intr.totoPhotojournalism,3,3,AS,21,-1,1430,1659,ISSAM,102,.,.,W,.,.,.,.,.,.,.,.,.,.,.,.,.,.,.,George,Azar,,
Fall2021-2022(202210),12060,MCOM,226,1,JournalismandSociety,3,3,AS,17,3,1530,1645,NICELY,410,M,.,W,.,.,.,.,.,.,.,.,.,.,.,.,.,.,.,Rabie,Barakat,,
Fall2021-2022(202210),12061,MCOM,240,1,NewsReporting&Writing,3,3,AS,0,0,.,.,.,.,.,.,.,.,.,.,.,.,.,.,.,.,.,.,.,.,.,.,.,STAFF,,
Fall2021-2022(202210),12062,MCOM,243,1,Advertising,3,3,AS,24,1,0800,0915,NICELY,103,.,T,.,R,.,.,.,.,.,.,.,.,.,.,.,.,.,.,Mark,Daou,,
Fall2021-2022(202210),12063,MCOM,246,1,Digital&MultimediaNews,3,3,AS,17,8,1430,1659,ISSAM,102,.,.,.,.,F,.,.,.,.,.,.,.,.,.,.,.,.,.,George,Azar,,
Fall2021-2022(202210),12064,MCOM,247,1,TraumaJournalism,3,3,AS,14,1,1100,1215,ISSAM,102,.,T,.,R,.,.,.,.,.,.,.,.,.,.,.,.,.,.,Nora,Boustany,,
Fall2021-2022(202210),12065,MCOM,252,1,DigitalMediaPractices,3,3,AS,20,0,1430,1659,NICELY,207,M,.,.,.,.,.,.,.,.,.,.,.,.,.,.,.,.,.,Jad,Youssef,,
Fall2021-2022(202210),12066,MCOM,253,1,SocialMediaStrategies,3,3,AS,27,-2,1200,1429,NICELY,207,.,.,.,.,F,.,.,.,.,.,.,.,.,.,.,.,.,.,Nidal,Mawas,,
Fall2021-2022(202210),12067,MCOM,260,1,Sr.SeminarinMediaStudies,3,3,AS,16,4,1530,1759,NICELY,207,.,T,.,.,.,.,.,.,.,.,.,.,.,.,.,.,.,.,Suzanne,Enzerink,,
Fall2021-2022(202210),12068,MCOM,292I,1,ST.GenderandCommunication,3,3,AS,24,1,1230,1345,NICELY,209,.,T,.,R,.,.,.,.,.,.,.,.,.,.,.,.,.,.,Sarah,Hamdar,,
Fall2021-2022(202210),13262,MCOM,292I,2,ST.GenderandCommunication,3,3,AS,16,9,1700,1815,NICELY,323,.,T,.,R,.,.,.,.,.,.,.,.,.,.,.,.,.,.,Sarah,Hamdar,,
Fall2021-2022(202210),12069,MCOM,294,1,MediaBrownBag,0,0,AS,14,11,1200,1359,ISSAM,102,.,.,W,.,.,.,.,.,.,.,.,.,.,.,.,.,.,.,George,Azar,,
Fall2021-2022(202210),12070,MCOM,296,1,Internship,3,3,AS,8,17,.,.,.,.,.,.,.,.,.,.,.,.,.,.,.,.,.,.,.,.,.,.,George,Azar,,
Fall2021-2022(202210),12071,MCOM,390W,1,ST.UndergroundMedia,3,3,AS,12,0,1500,1729,NICELY,204,.,.,W,.,.,.,.,.,.,.,.,.,.,.,.,.,.,.,BlakeRobert,Atwood,,
Fall2021-2022(202210),13164,MCOM,390X,1,ST.SocialandCulturalTheory,3,3,AS,7,-2,1530,1759,NICELY,108,M,.,.,.,.,.,.,.,.,.,.,.,.,.,.,.,.,.,Kirsten,Scheid,,
Fall2021-2022(202210),13294,MCOM,391S,1,Tut.MusicDistribution,3,3,AS,1,0,.,.,.,.,.,.,.,.,.,.,.,.,.,.,.,.,.,.,.,.,.,.,BlakeRobert,Atwood,,
Fall2021-2022(202210),13406,MCOM,395A,1,ComprehensiveExam,0,0,AS,6,-6,.,.,.,.,.,.,.,.,.,.,.,.,.,.,.,.,.,.,.,.,.,.,GregoryAllen,Burris,,
Fall2021-2022(202210),13282,MCOM,398A,1,M.A.Project2ndtime,0,0,AS,0,5,.,.,.,.,.,.,.,.,.,.,.,.,.,.,.,.,.,.,.,.,.,.,May,Farah,,
Fall2021-2022(202210),12072,MCOM,399,1,MAThesis,9,7.28,AS,0,5,.,.,.,.,.,.,.,.,.,.,.,.,.,.,.,.,.,.,.,.,.,.,BlakeRobert,Atwood,,
Fall2021-2022(202210),12073,MCOM,399,2,MAThesis,9,7.28,AS,0,5,.,.,.,.,.,.,.,.,.,.,.,.,.,.,.,.,.,.,.,.,.,.,GregoryAllen,Burris,,
Fall2021-2022(202210),12074,MCOM,399,3,MAThesis,9,7.28,AS,0,5,.,.,.,.,.,.,.,.,.,.,.,.,.,.,.,.,.,.,.,.,.,.,Josh,Carney,,
Fall2021-2022(202210),12075,MCOM,399,4,MAThesis,9,7.28,AS,0,5,.,.,.,.,.,.,.,.,.,.,.,.,.,.,.,.,.,.,.,.,.,.,Suzanne,Enzerink,,
Fall2021-2022(202210),12076,MCOM,399,5,MAThesis,9,7.28,AS,0,5,.,.,.,.,.,.,.,.,.,.,.,.,.,.,.,.,.,.,.,.,.,.,May,Farah,,
Fall2021-2022(202210),12077,MCOM,399,6,MAThesis,9,7.28,AS,0,5,.,.,.,.,.,.,.,.,.,.,.,.,.,.,.,.,.,.,.,.,.,.,Sara,Mourad,,
Fall2021-2022(202210),12078,MCOM,399,7,MAThesis,9,7.28,AS,0,5,.,.,.,.,.,.,.,.,.,.,.,.,.,.,.,.,.,.,.,.,.,.,Zeina,Tarraf,,
Fall2021-2022(202210),12079,MCOM,399A,1,MAThesis,9,0,AS,1,4,.,.,.,.,.,.,.,.,.,.,.,.,.,.,.,.,.,.,.,.,.,.,BlakeRobert,Atwood,,
Fall2021-2022(202210),12080,MCOM,399A,2,MAThesis,9,0,AS,0,5,.,.,.,.,.,.,.,.,.,.,.,.,.,.,.,.,.,.,.,.,.,.,GregoryAllen,Burris,,
Fall2021-2022(202210),12081,MCOM,399A,3,MAThesis,9,0,AS,0,5,.,.,.,.,.,.,.,.,.,.,.,.,.,.,.,.,.,.,.,.,.,.,Josh,Carney,,
Fall2021-2022(202210),12082,MCOM,399A,4,MAThesis,9,0,AS,1,4,.,.,.,.,.,.,.,.,.,.,.,.,.,.,.,.,.,.,.,.,.,.,Suzanne,Enzerink,,
Fall2021-2022(202210),12083,MCOM,399A,5,MAThesis,9,0,AS,0,5,.,.,.,.,.,.,.,.,.,.,.,.,.,.,.,.,.,.,.,.,.,.,May,Farah,,
Fall2021-2022(202210),12084,MCOM,399A,6,MAThesis,9,0,AS,0,5,.,.,.,.,.,.,.,.,.,.,.,.,.,.,.,.,.,.,.,.,.,.,Sara,Mourad,,
Fall2021-2022(202210),12085,MCOM,399A,7,MAThesis,9,0,AS,0,5,.,.,.,.,.,.,.,.,.,.,.,.,.,.,.,.,.,.,.,.,.,.,Zeina,Tarraf,,
Fall2021-2022(202210),12086,MCOM,399B,1,MAThesis,9,0,AS,0,5,.,.,.,.,.,.,.,.,.,.,.,.,.,.,.,.,.,.,.,.,.,.,BlakeRobert,Atwood,,
Fall2021-2022(202210),12087,MCOM,399B,2,MAThesis,9,0,AS,0,5,.,.,.,.,.,.,.,.,.,.,.,.,.,.,.,.,.,.,.,.,.,.,GregoryAllen,Burris,,
Fall2021-2022(202210),12088,MCOM,399B,3,MAThesis,9,0,AS,0,5,.,.,.,.,.,.,.,.,.,.,.,.,.,.,.,.,.,.,.,.,.,.,Josh,Carney,,
Fall2021-2022(202210),12089,MCOM,399B,4,MAThesis,9,0,AS,0,5,.,.,.,.,.,.,.,.,.,.,.,.,.,.,.,.,.,.,.,.,.,.,Suzanne,Enzerink,,
Fall2021-2022(202210),12090,MCOM,399B,5,MAThesis,9,0,AS,0,5,.,.,.,.,.,.,.,.,.,.,.,.,.,.,.,.,.,.,.,.,.,.,May,Farah,,
Fall2021-2022(202210),12091,MCOM,399B,6,MAThesis,9,0,AS,0,5,.,.,.,.,.,.,.,.,.,.,.,.,.,.,.,.,.,.,.,.,.,.,Sara,Mourad,,
Fall2021-2022(202210),12092,MCOM,399B,7,MAThesis,9,0,AS,0,5,.,.,.,.,.,.,.,.,.,.,.,.,.,.,.,.,.,.,.,.,.,.,Zeina,Tarraf,,
Fall2021-2022(202210),12093,MCOM,399C,1,MAThesis,9,0,AS,0,5,.,.,.,.,.,.,.,.,.,.,.,.,.,.,.,.,.,.,.,.,.,.,BlakeRobert,Atwood,,
Fall2021-2022(202210),12094,MCOM,399C,2,MAThesis,9,0,AS,0,5,.,.,.,.,.,.,.,.,.,.,.,.,.,.,.,.,.,.,.,.,.,.,GregoryAllen,Burris,,
Fall2021-2022(202210),12095,MCOM,399C,3,MAThesis,9,0,AS,0,5,.,.,.,.,.,.,.,.,.,.,.,.,.,.,.,.,.,.,.,.,.,.,Josh,Carney,,
Fall2021-2022(202210),12096,MCOM,399C,4,MAThesis,9,0,AS,0,5,.,.,.,.,.,.,.,.,.,.,.,.,.,.,.,.,.,.,.,.,.,.,Suzanne,Enzerink,,
Fall2021-2022(202210),12097,MCOM,399C,5,MAThesis,9,0,AS,1,4,.,.,.,.,.,.,.,.,.,.,.,.,.,.,.,.,.,.,.,.,.,.,May,Farah,,
Fall2021-2022(202210),12098,MCOM,399C,6,MAThesis,9,0,AS,1,4,.,.,.,.,.,.,.,.,.,.,.,.,.,.,.,.,.,.,.,.,.,.,Sara,Mourad,,
Fall2021-2022(202210),12099,MCOM,399C,7,MAThesis,9,0,AS,2,3,.,.,.,.,.,.,.,.,.,.,.,.,.,.,.,.,.,.,.,.,.,.,Zeina,Tarraf,,
Fall2021-2022(202210),13471,MCOM,399D,1,MAThesis,9,1,AS,1,-1,.,.,.,.,.,.,.,.,.,.,.,.,.,.,.,.,.,.,.,.,.,.,May,Farah,,
Fall2021-2022(202210),12100,MECH,220,1,EngineeringGraphics,1,1,EA,16,0,1300,1350,BECHTA,211,.,T,.,.,.,.,.,1400,1545,SRB,302,.,T,.,.,.,.,.,AbedAlkader,Alsaidi,,
Fall2021-2022(202210),12101,MECH,220,2,EngineeringGraphics,1,1,EA,17,-1,1300,1350,BECHTA,211,.,T,.,.,.,.,.,1300,1445,SRB,203,.,.,.,R,.,.,.,AbedAlkader,Alsaidi,,
Fall2021-2022(202210),12102,MECH,220,3,EngineeringGraphics,1,1,EA,6,10,1300,1350,BECHTA,211,.,T,.,.,.,.,.,1500,1645,SRB,203,.,.,.,R,.,.,.,AbedAlkader,Alsaidi,,
Fall2021-2022(202210),12103,MECH,230,1,Dynamics,3,3,EA,16,9,0900,0950,BECHTA,208,M,.,W,.,F,.,.,1530,1645,BECHTA,107,.,T,.,.,.,.,.,Asghar,Aryanfar,,
Fall2021-2022(202210),12104,MECH,230,2,Dynamics,3,3,EA,5,20,0900,0950,BECHTA,208,M,.,W,.,F,.,.,1500,1645,BECHTA,209,.,.,.,R,.,.,.,Asghar,Aryanfar,,
Fall2021-2022(202210),12105,MECH,310,1,ThermodynamicsI,3,3,EA,37,3,1000,1050,BECHTA,208,M,.,W,.,F,.,.,1700,1800,BECHTA,201,M,.,.,.,.,.,.,Asghar,Aryanfar,,
Fall2021-2022(202210),12106,MECH,310,2,ThermodynamicsI,3,3,EA,46,-1,1100,1215,BECHTA,203,.,T,.,R,.,.,.,1700,1800,BECHTA,203,.,.,W,.,.,.,.,Issam,Lakkis,,
Fall2021-2022(202210),12108,MECH,320,1,MECH320,3,3,EA,27,18,0800,0850,BECHTA,201,M,.,W,.,F,.,.,1230,1345,BECHTA,201,.,T,.,R,.,.,.,Rami,Mhanna,,
Fall2021-2022(202210),12112,MECH,340,1,EngineeringMaterials,3,3,EA,36,9,1400,1515,BECHTA,201,.,T,.,R,.,.,.,.,.,.,.,.,.,.,.,.,.,.,Ramsey,Hamade,,
Fall2021-2022(202210),12113,MECH,341,1,MaterialsLab.,1,1,EA,14,0,1200,1225,SRB,413,.,.,W,.,.,.,.,1430,1515,IOEC,312,.,.,W,.,.,.,.,Rami,Fayad,,
Fall2021-2022(202210),12114,MECH,341,2,MaterialsLab.,1,1,EA,7,7,1200,1225,SRB,413,.,.,W,.,.,.,.,1530,1615,IOEC,312,.,.,W,.,.,.,.,Rami,Fayad,,
Fall2021-2022(202210),12115,MECH,410L,1,Thermal/FluidSystemsLab.,1,1,EA,13,1,1000,1145,IOEC,321,M,.,.,.,.,.,.,1200,1250,MAMC,207,M,.,.,.,.,.,.,Lina,Kassis,,
Fall2021-2022(202210),12116,MECH,410L,2,Thermal/FluidSystemsLab.,1,1,EA,6,8,1000,1145,IOEC,321,.,T,.,.,.,.,.,1200,1250,MAMC,207,M,.,.,.,.,.,.,Lina,Kassis,,
Fall2021-2022(202210),12117,MECH,410L,3,Thermal/FluidSystemsLab.,1,1,EA,15,-1,1000,1145,IOEC,321,.,.,W,.,.,.,.,1200,1250,MAMC,207,M,.,.,.,.,.,.,Lina,Kassis,,
Fall2021-2022(202210),12118,MECH,410L,4,Thermal/FluidSystemsLab.,1,1,EA,14,0,1200,1250,MAMC,207,.,.,.,.,F,.,.,1400,1545,IOEC,321,.,T,.,.,.,.,.,Elie,Kfoury,,
Fall2021-2022(202210),12119,MECH,410L,5,Thermal/FluidSystemsLab.,1,1,EA,16,-2,1000,1145,IOEC,321,.,.,.,.,F,.,.,1200,1250,MAMC,207,.,.,.,.,F,.,.,Elie,Kfoury,,
Fall2021-2022(202210),12120,MECH,410L,6,Thermal/FluidSystemsLab.,1,1,EA,14,0,0800,0945,IOEC,321,.,.,.,.,F,.,.,1200,1250,MAMC,207,.,.,.,.,F,.,.,Elie,Kfoury,,
Fall2021-2022(202210),12121,MECH,414,1,ThermodynamicsII,3,3,EA,48,-3,1400,1515,BECHTA,111,M,.,W,.,.,.,.,1830,1945,BECHTA,107,.,.,W,.,.,.,.,Fadl,Moukalled,,
Fall2021-2022(202210),13021,MECH,414,2,ThermodynamicsII,3,3,EA,35,10,1530,1645,BECHTA,111,M,.,W,.,.,.,.,1830,1945,BECHTA,212,M,.,.,.,.,.,.,Fadl,Moukalled,,
Fall2021-2022(202210),12122,MECH,420,1,MechanicalDesignI,3,3,EA,53,-8,0930,1045,BECHTA,204,.,T,.,R,.,.,.,.,.,.,.,.,.,.,.,.,.,.,Elie,Shammas,,
Fall2021-2022(202210),12123,MECH,420,2,MechanicalDesignI,3,3,EA,34,11,0800,0915,BECHTA,201,.,T,.,R,.,.,.,.,.,.,.,.,.,.,.,.,.,.,Elie,Shammas,,
Fall2021-2022(202210),12125,MECH,421,1,ManufacturingProcessesI,3,3,EA,7,9,0800,0945,SRB,104,M,.,.,.,.,.,.,0800,0945,SRB,205,M,.,.,.,.,.,.,MohammadS,Harb,,
Fall2021-2022(202210),12126,MECH,421,2,ManufacturingProcessesI,3,3,EA,16,0,0800,0945,SRB,104,.,.,W,.,.,.,.,0800,0945,SRB,205,.,.,W,.,.,.,.,MohammadS,Harb,,
Fall2021-2022(202210),12127,MECH,421,3,ManufacturingProcessesI,3,3,EA,10,6,0800,0945,SRB,104,.,.,.,.,F,.,.,0800,0945,SRB,205,.,.,.,.,F,.,.,MohammadS,Harb,,
Fall2021-2022(202210),12128,MECH,421,4,ManufacturingProcessesI,3,3,EA,13,3,1400,1545,SRB,104,.,T,.,.,.,.,.,1400,1545,SRB,203,.,T,.,.,.,.,.,MohammadS,Harb,,
Fall2021-2022(202210),12129,MECH,421,5,ManufacturingProcessesI,3,3,EA,10,6,1400,1545,SRB,104,.,.,.,R,.,.,.,1400,1545,SRB,207,.,.,.,R,.,.,.,MohammadS,Harb,,
Fall2021-2022(202210),12130,MECH,421,6,ManufacturingProcessesI,3,3,EA,18,-2,1400,1545,SRB,104,.,.,.,.,F,.,.,1400,1545,SRB,217,.,.,.,.,F,.,.,MohammadS,Harb,,
Fall2021-2022(202210),12133,MECH,436,1,ControlSystems,3,3,EA,8,6,0930,1215,SRB,215,.,T,.,.,.,.,.,1530,1645,BECHTA,211,.,T,.,R,.,.,.,Dany,AbouJaoude,,
Fall2021-2022(202210),12134,MECH,436,2,ControlSystems,3,3,EA,16,-2,1230,1515,SRB,302,.,.,.,R,.,.,.,1530,1645,BECHTA,211,.,T,.,R,.,.,.,Dany,AbouJaoude,,
Fall2021-2022(202210),12135,MECH,436,3,ControlSystems,3,3,EA,7,7,1230,1515,SRB,207,.,.,.,.,F,.,.,1530,1645,BECHTA,211,.,T,.,R,.,.,.,Dany,AbouJaoude,,
Fall2021-2022(202210),12136,MECH,499,1,UndergraduateResearch,3,3,EA,1,-1,.,.,.,.,.,.,.,.,.,.,.,.,.,.,.,.,.,.,.,.,.,.,Naseem,Daher,,
Fall2021-2022(202210),12137,MECH,499,2,UndergraduateResearch,3,3,EA,1,-1,.,.,.,.,.,.,.,.,.,.,.,.,.,.,.,.,.,.,.,.,.,.,Daniel,Asmar,,
Fall2021-2022(202210),12138,MECH,499,3,UndergraduateResearch,3,3,EA,0,0,.,.,.,.,.,.,.,.,.,.,.,.,.,.,.,.,.,.,.,.,.,.,.,STAFF,,
Fall2021-2022(202210),12139,MECH,499,4,UndergraduateResearch,3,3,EA,0,0,.,.,.,.,.,.,.,.,.,.,.,.,.,.,.,.,.,.,.,.,.,.,.,STAFF,,
Fall2021-2022(202210),12140,MECH,499,5,UndergraduateResearch,3,3,EA,0,0,.,.,.,.,.,.,.,.,.,.,.,.,.,.,.,.,.,.,.,.,.,.,.,STAFF,,
Fall2021-2022(202210),12141,MECH,499,6,UndergraduateResearch,3,3,EA,0,0,.,.,.,.,.,.,.,.,.,.,.,.,.,.,.,.,.,.,.,.,.,.,.,STAFF,,
Fall2021-2022(202210),12142,MECH,501,1,FinalYearProjectI,1,1,EA,103,17,1900,1950,MAMC,ELH,.,.,.,R,.,.,.,.,.,.,.,.,.,.,.,.,.,.,Elie,Shammas,,
Fall2021-2022(202210),12143,MECH,510,1,DesignofThermalSystems,3,3,EA,20,-4,0800,0850,BECHTA,111,M,.,W,.,F,.,.,1200,1345,SRB,217,M,.,.,.,.,.,.,Kamel,Aboughali,,
Fall2021-2022(202210),12144,MECH,510,2,DesignofThermalSystems,3,3,EA,14,2,0800,0850,BECHTA,111,M,.,W,.,F,.,.,1200,1345,SRB,217,.,T,.,.,.,.,.,Kamel,Aboughali,,
Fall2021-2022(202210),12145,MECH,510,3,DesignofThermalSystems,3,3,EA,20,-4,0900,0950,BECHTA,203,M,.,W,.,F,.,.,1200,1345,SRB,205,.,.,W,.,.,.,.,Kamel,Aboughali,,
Fall2021-2022(202210),12146,MECH,510,4,DesignofThermalSystems,3,3,EA,14,2,0900,0950,BECHTA,203,M,.,W,.,F,.,.,1200,1345,SRB,217,.,.,.,R,.,.,.,Kamel,Aboughali,,
Fall2021-2022(202210),12147,MECH,510,5,DesignofThermalSystems,3,3,EA,22,-6,0930,1045,BECHTA,107,.,T,.,R,.,.,.,1400,1545,SRB,201,.,.,.,R,.,.,.,Nesreene,Ghaddar,,
Fall2021-2022(202210),12148,MECH,510,6,DesignofThermalSystems,3,3,EA,23,-7,0930,1045,BECHTA,107,.,T,.,R,.,.,.,1200,1345,SRB,215,.,.,.,.,F,.,.,Nesreene,Ghaddar,,
Fall2021-2022(202210),12150,MECH,516,1,Aerodynamics,3,3,EA,19,11,1100,1215,BECHTA,208,.,T,.,R,.,.,.,.,.,.,.,.,.,.,.,.,.,.,Ghanem,Oweis,,
Fall2021-2022(202210),12151,MECH,550,1,ComputerAppl.inMechanicalEn,3,3,EA,30,0,1530,1645,IOEC,402,M,.,W,.,.,.,.,.,.,.,.,.,.,.,.,.,.,.,Marwan,Darwish,,
Fall2021-2022(202210),12152,MECH,624,1,MechanicsofCompos.Materials,3,3,EA,21,-6,1400,1515,BECHTA,212,M,.,W,.,.,.,.,.,.,.,.,.,.,.,.,.,.,.,Ramsey,Hamade,,
Fall2021-2022(202210),12153,MECH,624,2,MechanicsofCompos.Materials,3,3,EA,2,3,1400,1515,BECHTA,212,M,.,W,.,.,.,.,.,.,.,.,.,.,.,.,.,.,.,Ramsey,Hamade,,
Fall2021-2022(202210),12154,MECH,632,1,StructuralHealthMonitoring,3,3,EA,2,13,1400,1515,BECHTA,204,.,T,.,R,.,.,.,.,.,.,.,.,.,.,.,.,.,.,Samir,Mustapha,,
Fall2021-2022(202210),12155,MECH,632,2,StructuralHealthMonitoring,3,3,EA,3,12,1400,1515,BECHTA,204,.,T,.,R,.,.,.,.,.,.,.,.,.,.,.,.,.,.,Samir,Mustapha,,
Fall2021-2022(202210),12156,MECH,637,1,Micromechan.&CrystalPlastici,3,3,EA,16,-1,1530,1645,BECHTA,212,M,.,W,.,.,.,.,.,.,.,.,.,.,.,.,.,.,.,Mu'Tasem,Shehadeh,,
Fall2021-2022(202210),12157,MECH,637,2,Micromechan.&CrystalPlastici,3,3,EA,2,13,1530,1645,BECHTA,212,M,.,W,.,.,.,.,.,.,.,.,.,.,.,.,.,.,.,Mu'Tasem,Shehadeh,,
Fall2021-2022(202210),12158,MECH,642,1,ComputerVision,3,3,EA,12,3,1400,1515,BECHTA,109,.,T,.,R,.,.,.,.,.,.,.,.,.,.,.,.,.,.,Daniel,Asmar,,
Fall2021-2022(202210),12159,MECH,642,2,ComputerVision,3,3,EA,5,10,1400,1515,BECHTA,109,.,T,.,R,.,.,.,.,.,.,.,.,.,.,.,.,.,.,Daniel,Asmar,,
Fall2021-2022(202210),12160,MECH,653,1,SystemAnalysisandDesign,3,3,EA,8,7,1400,1515,BECHTA,211,M,.,W,.,.,.,.,.,.,.,.,.,.,.,.,.,.,.,Naseem,Daher,,
Fall2021-2022(202210),12161,MECH,653,2,SystemAnalysisandDesign,3,3,EA,2,8,1400,1515,BECHTA,211,M,.,W,.,.,.,.,.,.,.,.,.,.,.,.,.,.,.,Naseem,Daher,,
Fall2021-2022(202210),13126,MECH,657,1,VehicleDynamicsandControl,3,3,EA,15,0,1530,1645,MAMC,207,.,T,.,R,.,.,.,.,.,.,.,.,.,.,.,.,.,.,Naseem,Daher,,
Fall2021-2022(202210),13127,MECH,657,2,VehicleDynamicsandControl,3,3,EA,3,12,1530,1645,MAMC,207,.,T,.,R,.,.,.,.,.,.,.,.,.,.,.,.,.,.,Naseem,Daher,,
Fall2021-2022(202210),13137,MECH,673E,1,Eff.Bldg.w.GoodIndoorAirQlt,3,3,EA,3,12,0900,0950,.,.,M,.,W,.,F,.,.,.,.,.,.,.,.,.,.,.,.,.,Nesreene,Ghaddar,,
Fall2021-2022(202210),12162,MECH,674,1,EnergyEconomicsandPolicy,3,3,EA,36,-21,1600,1830,BECHTA,211,.,.,.,.,F,.,.,.,.,.,.,.,.,.,.,.,.,.,Hassan,Harajli,,
Fall2021-2022(202210),12163,MECH,674,2,EnergyEconomicsandPolicy,3,3,EA,9,0,1600,1830,BECHTA,211,.,.,.,.,F,.,.,.,.,.,.,.,.,.,.,.,.,.,Hassan,Harajli,,
Fall2021-2022(202210),13139,MECH,674E,1,EnergyEconomicsandPolicy,3,3,EA,3,12,1100,1150,.,.,M,.,W,.,F,.,.,.,.,.,.,.,.,.,.,.,.,.,Hassan,Harajli,,
Fall2021-2022(202210),13138,MECH,677E,1,RefrigerationandHeatPumps,3,3,EA,2,13,1000,1050,.,.,M,.,W,.,F,.,.,.,.,.,.,.,.,.,.,.,.,.,Kamel,Aboughali,,
Fall2021-2022(202210),13140,MECH,682E,1,Princ.ofIntegrativeBuild.Des,3,3,EA,0,0,.,.,.,.,.,.,.,.,.,.,.,.,.,.,.,.,.,.,.,.,.,.,.,STAFF,,
Fall2021-2022(202210),12164,MECH,691,1,ConvexOptimization,3,3,EA,9,6,1100,1215,SRB,413,.,T,.,R,.,.,.,1831,1945,BECHTA,201,.,T,.,.,.,.,.,Dany,AbouJaoude,,
Fall2021-2022(202210),12165,MECH,691,2,ConvexOptimization,3,3,EA,5,10,1100,1215,SRB,413,.,T,.,R,.,.,.,1831,1945,BECHTA,201,.,T,.,.,.,.,.,Dany,AbouJaoude,,
Fall2021-2022(202210),12166,MECH,761,1,ConvectionHeatTransfer,3,3,EA,15,5,1530,1645,MAMC,206,.,T,.,R,.,.,.,.,.,.,.,.,.,.,.,.,.,.,Nesreene,Ghaddar,,
Fall2021-2022(202210),12169,MECH,788,1,ThesisinAppliedEnergy,9,7.14,EA,0,10,.,.,.,.,.,.,.,.,.,.,.,.,.,.,.,.,.,.,.,.,.,.,Issam,Lakkis,,
Fall2021-2022(202210),12170,MECH,788A,1,ThesisinAppliedEnergy,9,0,EA,0,10,.,.,.,.,.,.,.,.,.,.,.,.,.,.,.,.,.,.,.,.,.,.,Issam,Lakkis,,
Fall2021-2022(202210),12171,MECH,788B,1,ThesisinAppliedEnergy,9,0,EA,1,9,.,.,.,.,.,.,.,.,.,.,.,.,.,.,.,.,.,.,.,.,.,.,Issam,Lakkis,,
Fall2021-2022(202210),12172,MECH,788C,1,ThesisinAppliedEnergy,9,0,EA,1,9,.,.,.,.,.,.,.,.,.,.,.,.,.,.,.,.,.,.,.,.,.,.,Issam,Lakkis,,
Fall2021-2022(202210),12173,MECH,788D,1,ThesisinAppliedEnerg,9,1,EA,0,10,.,.,.,.,.,.,.,.,.,.,.,.,.,.,.,.,.,.,.,.,.,.,Issam,Lakkis,,
Fall2021-2022(202210),12174,MECH,796,1,Sp.ProjectinMechanicalEng'g,3,3,EA,1,-1,.,.,.,.,.,.,.,.,.,.,.,.,.,.,.,.,.,.,.,.,.,.,Alissar,Yehya,,
Fall2021-2022(202210),12175,MECH,796,2,Sp.ProjectinMechanicalEng'g,3,3,EA,1,-1,.,.,.,.,.,.,.,.,.,.,.,.,.,.,.,.,.,.,.,.,.,.,Dany,AbouJaoude,,
Fall2021-2022(202210),12176,MECH,796,3,Sp.ProjectinMechanicalEng'g,3,3,EA,0,0,.,.,.,.,.,.,.,.,.,.,.,.,.,.,.,.,.,.,.,.,.,.,.,STAFF,,
Fall2021-2022(202210),12177,MECH,796,4,Sp.ProjectinMechanicalEng'g,3,3,EA,0,0,.,.,.,.,.,.,.,.,.,.,.,.,.,.,.,.,.,.,.,.,.,.,.,STAFF,,
Fall2021-2022(202210),12178,MECH,797,1,Seminar,0,0,EA,51,19,1230,1359,BECHTA,202,.,T,.,.,.,.,.,.,.,.,.,.,.,.,.,.,.,.,Asghar,Aryanfar,,
Fall2021-2022(202210),12179,MECH,799,1,ThesisinMechanicalEng'g,9,7.14,EA,4,6,.,.,.,.,.,.,.,.,.,.,.,.,.,.,.,.,.,.,.,.,.,.,Issam,Lakkis,,
Fall2021-2022(202210),12180,MECH,799A,1,Thesis,9,0,EA,3,7,.,.,.,.,.,.,.,.,.,.,.,.,.,.,.,.,.,.,.,.,.,.,Issam,Lakkis,,
Fall2021-2022(202210),12181,MECH,799B,1,Thesis,9,0,EA,2,8,.,.,.,.,.,.,.,.,.,.,.,.,.,.,.,.,.,.,.,.,.,.,Issam,Lakkis,,
Fall2021-2022(202210),12182,MECH,799C,1,Thesis,9,0,EA,0,10,.,.,.,.,.,.,.,.,.,.,.,.,.,.,.,.,.,.,.,.,.,.,Issam,Lakkis,,
Fall2021-2022(202210),12183,MECH,799D,1,Thesis,9,1,EA,0,10,.,.,.,.,.,.,.,.,.,.,.,.,.,.,.,.,.,.,.,.,.,.,Issam,Lakkis,,
Fall2021-2022(202210),12184,MECH,799T,1,ComprehensiveExam,0,0,EA,11,-1,.,.,.,.,.,.,.,.,.,.,.,.,.,.,.,.,.,.,.,.,.,.,Issam,Lakkis,,
Fall2021-2022(202210),12185,MECH,799TR,1,ComprehensiveExam,0,0,EA,2,8,.,.,.,.,.,.,.,.,.,.,.,.,.,.,.,.,.,.,.,.,.,.,Issam,Lakkis,,
Fall2021-2022(202210),12186,MECH,980,1,QualifyingExamI:Compr.Exam,0,0,EA,0,10,.,.,.,.,.,.,.,.,.,.,.,.,.,.,.,.,.,.,.,.,.,.,Issam,Lakkis,,
Fall2021-2022(202210),12187,MECH,981,1,Qualif.ExamII:Def.ThesisProp,0,0,EA,4,6,.,.,.,.,.,.,.,.,.,.,.,.,.,.,.,.,.,.,.,.,.,.,Issam,Lakkis,,
Fall2021-2022(202210),12188,MECH,982,1,PhDThesis,3,3,EA,0,10,.,.,.,.,.,.,.,.,.,.,.,.,.,.,.,.,.,.,.,.,.,.,Issam,Lakkis,,
Fall2021-2022(202210),12189,MECH,982A,1,PhDThesis,3,3,EA,0,10,.,.,.,.,.,.,.,.,.,.,.,.,.,.,.,.,.,.,.,.,.,.,Issam,Lakkis,,
Fall2021-2022(202210),12190,MECH,982B,1,PhDThesis,3,3,EA,0,10,.,.,.,.,.,.,.,.,.,.,.,.,.,.,.,.,.,.,.,.,.,.,Issam,Lakkis,,
Fall2021-2022(202210),12191,MECH,982C,1,PhDThesis,3,3,EA,0,10,.,.,.,.,.,.,.,.,.,.,.,.,.,.,.,.,.,.,.,.,.,.,Issam,Lakkis,,
Fall2021-2022(202210),12192,MECH,983,1,PhDThesis,6,6,EA,2,8,.,.,.,.,.,.,.,.,.,.,.,.,.,.,.,.,.,.,.,.,.,.,Issam,Lakkis,,
Fall2021-2022(202210),12193,MECH,983A,1,PhDThesis,6,6,EA,2,8,.,.,.,.,.,.,.,.,.,.,.,.,.,.,.,.,.,.,.,.,.,.,Issam,Lakkis,,
Fall2021-2022(202210),12194,MECH,983B,1,PhDThesis,6,6,EA,2,8,.,.,.,.,.,.,.,.,.,.,.,.,.,.,.,.,.,.,.,.,.,.,Issam,Lakkis,,
Fall2021-2022(202210),12195,MECH,984,1,PhDThesis,9,9,EA,0,10,.,.,.,.,.,.,.,.,.,.,.,.,.,.,.,.,.,.,.,.,.,.,Issam,Lakkis,,
Fall2021-2022(202210),12196,MECH,984A,1,PhDThesis,9,9,EA,1,9,.,.,.,.,.,.,.,.,.,.,.,.,.,.,.,.,.,.,.,.,.,.,Issam,Lakkis,,
Fall2021-2022(202210),12197,MECH,984B,1,PhDThesis,9,9,EA,0,10,.,.,.,.,.,.,.,.,.,.,.,.,.,.,.,.,.,.,.,.,.,.,Issam,Lakkis,,
Fall2021-2022(202210),13143,MECH,984C,1,PhDThesis,9,9,EA,1,9,.,.,.,.,.,.,.,.,.,.,.,.,.,.,.,.,.,.,.,.,.,.,.,STAFF,,
Fall2021-2022(202210),12198,MECH,985,1,PhDThesis,12,12,EA,3,7,.,.,.,.,.,.,.,.,.,.,.,.,.,.,.,.,.,.,.,.,.,.,Issam,Lakkis,,
Fall2021-2022(202210),12199,MECH,986,1,PhDThesis,0,0,EA,5,5,.,.,.,.,.,.,.,.,.,.,.,.,.,.,.,.,.,.,.,.,.,.,Issam,Lakkis,,
Fall2021-2022(202210),12200,MECH,987,1,PhDThesisDefense,0,0,EA,4,6,.,.,.,.,.,.,.,.,.,.,.,.,.,.,.,.,.,.,.,.,.,.,Issam,Lakkis,,
Fall2021-2022(202210),12201,MEST,240,1,IntroductiontoLeb.Arabic,3,3,AS,3,-3,1400,1559,NICELY,406,M,.,.,.,.,.,.,1400,1529,NICELY,406,.,.,W,.,F,.,.,Safaa,Ibrahim,,
Fall2021-2022(202210),12202,MEST,241,1,IntermediateLebaneseArabic,3,3,AS,4,0,1400,1559,ADAD,212,M,.,.,.,.,.,.,1400,1529,ADAD,212,.,.,W,.,F,.,.,Yomna,Chami,,
Fall2021-2022(202210),12203,MEST,242,1,AdvancedLebaneseArabic,3,3,AS,3,0,1600,1729,ADAD,212,M,.,W,.,.,.,.,.,.,.,.,.,.,.,.,.,.,.,Yomna,Chami,,
Fall2021-2022(202210),12204,MEST,300,1,MakingoftheModernMid.East,3,3,AS,11,7,1600,1829,ADAD,212,.,.,.,.,F,.,.,.,.,.,.,.,.,.,.,.,.,.,Tariq,Tell,,
Fall2021-2022(202210),13230,MEST,302AE,1,Tut:Gender&PoliticalParticip.,3,3,AS,1,0,.,.,.,.,.,.,.,.,.,.,.,.,.,.,.,.,.,.,.,.,.,.,Lina,AbouHabib,,
Fall2021-2022(202210),12205,MEST,321,1,Arab.asaForeignLang.I,3,3,AS,1,-1,1130,1259,ADAD,209,.,.,.,.,F,.,.,1200,1359,ADAD,209,M,.,.,.,.,.,.,Rima,SultaniKanawaty,,
Fall2021-2022(202210),12206,MEST,322,1,Arab.asaForeignLang.II,3,3,AS,1,0,1000,1159,ADAD,212,M,.,.,.,.,.,.,1000,1129,ADAD,212,.,.,W,.,F,.,.,Rima,SultaniKanawaty,,
Fall2021-2022(202210),12207,MEST,323,1,ArabasForeignLang.III,3,3,AS,0,0,.,.,.,.,.,.,.,.,.,.,.,.,.,.,.,.,.,.,.,.,.,.,.,STAFF,,
Fall2021-2022(202210),12208,MEST,324,1,Arab.asAForeignLang.IV,3,3,AS,0,0,.,.,.,.,.,.,.,.,.,.,.,.,.,.,.,.,.,.,.,.,.,.,.,STAFF,,
Fall2021-2022(202210),12209,MEST,325,1,ArabasForeignLang.V,3,3,AS,0,0,.,.,.,.,.,.,.,.,.,.,.,.,.,.,.,.,.,.,.,.,.,.,.,STAFF,,
Fall2021-2022(202210),12210,MEST,327,1,Arab.asAForeignLang.VII,3,3,AS,1,0,1200,1329,ADAD,212,M,.,W,.,.,.,.,.,.,.,.,.,.,.,.,.,.,.,Rima,Semaan,,
Fall2021-2022(202210),13104,MEST,329G,1,ST.ReadingsinArabLiterature,3,3,AS,1,0,1400,1515,REYNOL,533,M,.,W,.,.,.,.,.,.,.,.,.,.,.,.,.,.,.,Sina,Moukaled,,
Fall2021-2022(202210),12211,MEST,340,1,Introd.toLebaneseArabic,3,3,AS,0,0,.,.,.,.,.,.,.,.,.,.,.,.,.,.,.,.,.,.,.,.,.,.,.,STAFF,,
Fall2021-2022(202210),12212,MEST,341,1,IntermediateLebaneseArabic,3,3,AS,0,0,.,.,.,.,.,.,.,.,.,.,.,.,.,.,.,.,.,.,.,.,.,.,.,STAFF,,
Fall2021-2022(202210),12213,MEST,342,1,AdvancedLebaneseArabic,3,3,AS,2,0,1600,1729,ADAD,212,M,.,W,.,.,.,.,.,.,.,.,.,.,.,.,.,.,.,Yomna,Chami,,
Fall2021-2022(202210),13349,MEST,395A,1,MiddleEasternStud.Compr.Exam,0,0,AS,2,-2,.,.,.,.,.,.,.,.,.,.,.,.,.,.,.,.,.,.,.,.,.,.,Sari,Hanafi,,
Fall2021-2022(202210),13298,MEST,398,1,M.A.MiddleEasternStu.Project,3,3,AS,1,4,.,.,.,.,.,.,.,.,.,.,.,.,.,.,.,.,.,.,.,.,.,.,Jamil,Mouawad,,
Fall2021-2022(202210),12214,MEST,399,1,M.A.MiddleEasternStu.Thesis,9,7.2,AS,0,5,.,.,.,.,.,.,.,.,.,.,.,.,.,.,.,.,.,.,.,.,.,.,Samer,Frangie,,
Fall2021-2022(202210),13117,MEST,399,2,M.A.MiddleEasternStu.Thesis,9,7.2,AS,1,4,.,.,.,.,.,.,.,.,.,.,.,.,.,.,.,.,.,.,.,.,.,.,Mona,Harb,,
Fall2021-2022(202210),13376,MEST,399,3,M.A.MiddleEasternStu.Thesis,9,7.2,AS,0,5,.,.,.,.,.,.,.,.,.,.,.,.,.,.,.,.,.,.,.,.,.,.,GregoryAllen,Burris,,
Fall2021-2022(202210),12215,MEST,399A,1,MESTThesis,9,0,AS,0,5,.,.,.,.,.,.,.,.,.,.,.,.,.,.,.,.,.,.,.,.,.,.,Samer,Frangie,,
Fall2021-2022(202210),12216,MEST,399A,2,MESTThesis,9,0,AS,0,5,.,.,.,.,.,.,.,.,.,.,.,.,.,.,.,.,.,.,.,.,.,.,Tariq,Tell,,
Fall2021-2022(202210),13383,MEST,399A,3,MESTThesis,9,0,AS,0,5,.,.,.,.,.,.,.,.,.,.,.,.,.,.,.,.,.,.,.,.,.,.,Elizabeth,MattaSaleh,,
Fall2021-2022(202210),13462,MEST,399A,4,MESTThesis,9,0,AS,1,4,.,.,.,.,.,.,.,.,.,.,.,.,.,.,.,.,.,.,.,.,.,.,GregoryAllen,Burris,,
Fall2021-2022(202210),12217,MEST,399B,1,MESTThesis,9,0,AS,0,5,.,.,.,.,.,.,.,.,.,.,.,.,.,.,.,.,.,.,.,.,.,.,Tariq,Tell,,
Fall2021-2022(202210),12218,MEST,399B,2,MESTThesis,9,0,AS,1,4,.,.,.,.,.,.,.,.,.,.,.,.,.,.,.,.,.,.,.,.,.,.,BlakeRobert,Atwood,,
Fall2021-2022(202210),13377,MEST,399B,3,MESTThesis,9,0,AS,1,4,.,.,.,.,.,.,.,.,.,.,.,.,.,.,.,.,.,.,.,.,.,.,Coralie,Hindawi,,
Fall2021-2022(202210),12219,MEST,399B,4,MESTThesis,9,0,AS,1,4,.,.,.,.,.,.,.,.,.,.,.,.,.,.,.,.,.,.,.,.,.,.,Sara,Mourad,,
Fall2021-2022(202210),13399,MEST,399C,1,MESTThesis,9,0,AS,1,4,.,.,.,.,.,.,.,.,.,.,.,.,.,.,.,.,.,.,.,.,.,.,Ilham,Khuri-Makdisi,,
Fall2021-2022(202210),12220,MEST,399C,2,MESTThesis,9,0,AS,0,5,.,.,.,.,.,.,.,.,.,.,.,.,.,.,.,.,.,.,.,.,.,.,Tariq,Tell,,
Fall2021-2022(202210),13405,MEST,399C,3,MESTThesis,9,0,AS,1,4,.,.,.,.,.,.,.,.,.,.,.,.,.,.,.,.,.,.,.,.,.,.,May,Farah,,
Fall2021-2022(202210),12221,MEST,399D,1,MESTThesis,9,1,AS,0,1,.,.,.,.,.,.,.,.,.,.,.,.,.,.,.,.,.,.,.,.,.,.,Tariq,Tell,,
Fall2021-2022(202210),13082,MEST,399F,1,Thesis,9,1,AS,1,-1,.,.,.,.,.,.,.,.,.,.,.,.,.,.,.,.,.,.,.,.,.,.,Sari,Hanafi,,
Fall2021-2022(202210),13394,MEST,399F,2,Thesis,9,1,AS,1,0,.,.,.,.,.,.,.,.,.,.,.,.,.,.,.,.,.,.,.,.,.,.,BlakeRobert,Atwood,,
Fall2021-2022(202210),12222,MFIN,301,1,FinancialStatementAnalysis,3,3,SB,8,27,1800,2030,OSB,216,.,T,.,.,.,.,.,.,.,.,.,.,.,.,.,.,.,.,Mosbah,Majzoub,,
Fall2021-2022(202210),12223,MFIN,301,2,FinancialStatementAnalysis,3,3,SB,24,11,1500,1730,OSB,216,.,T,.,.,.,.,.,.,.,.,.,.,.,.,.,.,.,.,Mosbah,Majzoub,,
Fall2021-2022(202210),12224,MFIN,303,1,StructuredFinance,3,3,SB,25,10,1530,1759,OSB,334,.,.,W,.,.,.,.,.,.,.,.,.,.,.,.,.,.,.,Assem,Safieddine,,
Fall2021-2022(202210),12225,MFIN,303,2,StructuredFinance,3,3,SB,11,24,1800,2030,OSB,334,.,.,W,.,.,.,.,.,.,.,.,.,.,.,.,.,.,.,Assem,Safieddine,,
Fall2021-2022(202210),12226,MFIN,305,1,QuantitaveMethodsofFinance,3,3,SB,23,7,1500,1730,OSB,334,M,.,.,.,.,.,.,.,.,.,.,.,.,.,.,.,.,.,Ibrahim,Jamali,,
Fall2021-2022(202210),12227,MFIN,305,2,QuantitaveMethodsofFinance,3,3,SB,11,24,1800,2030,OSB,334,M,.,.,.,.,.,.,.,.,.,.,.,.,.,.,.,.,.,Ibrahim,Jamali,,
Fall2021-2022(202210),12228,MFIN,306,1,PortfolioManagement,3,3,SB,22,13,1500,1730,OSB,.,.,.,.,R,.,.,.,.,.,.,.,.,.,.,.,.,.,.,Neveen,Ahmed,,
Fall2021-2022(202210),12229,MFIN,306,2,PortfolioManagement,3,3,SB,12,23,1830,2100,OSB,227,.,.,.,R,.,.,.,.,.,.,.,.,.,.,.,.,.,.,Neveen,Ahmed,,
Fall2021-2022(202210),12230,MFIN,399,1,AppliedInvestmentManagement,3,3,SB,7,13,1300,1530,OSB,226,.,.,.,.,F,.,.,.,.,.,.,.,.,.,.,.,.,.,Nadim,Kabbara,,
Fall2021-2022(202210),12231,MHRM,301,1,ManagingtheRecruitmentProc.,3,3,SB,26,0,1800,2030,OSB,241,.,.,W,.,.,.,.,.,.,.,.,.,.,.,.,.,.,.,Yasmeen,Makarem,,
Fall2021-2022(202210),12232,MHRM,302,1,HumanCapitalTraini&Developm,3,3,SB,15,10,1800,2030,OSB,340,.,.,W,.,.,.,.,.,.,.,.,.,.,.,.,.,.,.,Lina,Daouk-Oyry,,
Fall2021-2022(202210),12233,MHRM,305,1,Leadership&Behav.inOrganiza,3,3,SB,29,2,1800,2030,OSB,230,.,T,.,.,.,.,.,.,.,.,.,.,.,.,.,.,.,.,Rida,Elias,,
Fall2021-2022(202210),13220,MHRM,310,1,FinalFieldProject-HusseinD.,3,3,SB,1,0,.,.,.,.,.,.,.,.,.,.,.,.,.,.,.,.,.,.,.,.,.,.,Yasmeen,Makarem,,
Fall2021-2022(202210),13387,MHRM,310,2,FinalFieldProject-AnasKh,3,3,SB,1,0,.,.,.,.,.,.,.,.,.,.,.,.,.,.,.,.,.,.,.,.,.,.,.,STAFF,,
Fall2021-2022(202210),12234,MHRM,311,1,HRAnalytics,3,3,SB,15,5,1800,2030,OSB,340,M,.,.,.,.,.,.,.,.,.,.,.,.,.,.,.,.,.,Mona,Zoughaib,,
Fall2021-2022(202210),12235,MHRM,312,1,HRConsultingManagement,3,3,SB,14,6,1800,2030,OSB,333,.,.,.,R,.,.,.,.,.,.,.,.,.,.,.,.,.,.,Rawia,Kaissi,,
Fall2021-2022(202210),12236,MIMG,201,1,Introd.toMedicalImaging,2,2,HS,18,2,1030,1120,VANDYK,201,.,T,.,R,.,.,.,.,.,.,.,.,.,.,.,.,.,.,Salem,Hannoun,,
Fall2021-2022(202210),12237,MIMG,203,1,MedicalImagingEquipmentI,3,3,HS,9,3,1230,1345,VANDYK,103,.,T,.,R,.,.,.,.,.,.,.,.,.,.,.,.,.,.,Salem,Hannoun,,
Fall2021-2022(202210),12238,MIMG,207,1,PrincipleofImagingII,3,3,HS,8,4,0830,0945,VANDYK,103,.,T,.,R,.,.,.,.,.,.,.,.,.,.,.,.,.,.,Hanane,Merhi,,
Fall2021-2022(202210),12239,MKTG,210,1,PrinciplesofMarketing,3,3,SB,34,1,0800,0915,OSB,216,.,T,.,R,.,.,.,.,.,.,.,.,.,.,.,.,.,.,Michel,Kfouri,,
Fall2021-2022(202210),12240,MKTG,210,2,PrinciplesofMarketing,3,3,SB,34,1,0930,1045,OSB,233,.,T,.,R,.,.,.,.,.,.,.,.,.,.,.,.,.,.,Hounaida,ElJurdi,,
Fall2021-2022(202210),12241,MKTG,210,3,PrinciplesofMarketing,3,3,SB,35,0,1100,1215,OSB,233,.,T,.,R,.,.,.,.,.,.,.,.,.,.,.,.,.,.,Abeer,Rawas,,
Fall2021-2022(202210),12242,MKTG,210,4,PrinciplesofMarketing,3,3,SB,37,-2,1400,1515,OSB,230,.,T,.,R,.,.,.,.,.,.,.,.,.,.,.,.,.,.,Zeina,Harfoush,,
Fall2021-2022(202210),12243,MKTG,210,5,PrinciplesofMarketing,3,3,SB,0,0,1700,1815,OSB,.,M,.,W,.,.,.,.,.,.,.,.,.,.,.,.,.,.,.,.,STAFF,,
Fall2021-2022(202210),12244,MKTG,210,6,PrinciplesofMarketing,3,3,SB,27,8,0800,0915,OSB,216,M,.,W,.,.,.,.,.,.,.,.,.,.,.,.,.,.,.,Michel,Kfouri,,
Fall2021-2022(202210),12245,MKTG,210,7,PrinciplesofMarketing,3,3,SB,33,2,1100,1215,OSB,226,M,.,W,.,.,.,.,.,.,.,.,.,.,.,.,.,.,.,Lama,Halwani,,
Fall2021-2022(202210),12246,MKTG,210,8,PrinciplesofMarketing,3,3,SB,35,0,1400,1515,OSB,230,M,.,W,.,.,.,.,.,.,.,.,.,.,.,.,.,.,.,Lama,Halwani,,
Fall2021-2022(202210),12247,MKTG,225,1,BrandStrategy&Communication,3,3,SB,41,-1,1230,1345,OSB,236,M,.,W,.,.,.,.,.,.,.,.,.,.,.,.,.,.,.,Leila,KhauliHanna,,
Fall2021-2022(202210),12248,MKTG,227,1,DigitalManagement,3,3,SB,30,0,1400,1515,OSB,236,M,.,W,.,.,.,.,.,.,.,.,.,.,.,.,.,.,.,Leila,KhauliHanna,,
Fall2021-2022(202210),12249,MKTG,231,1,CustomerExperienceDesign,3,3,SB,0,0,.,.,.,.,.,.,.,.,.,.,.,.,.,.,.,.,.,.,.,.,.,.,.,STAFF,,
Fall2021-2022(202210),12250,MKTG,240,1,ConsumerBehavior,3,3,SB,34,1,0930,1045,OSB,216,.,T,.,R,.,.,.,.,.,.,.,.,.,.,.,.,.,.,Michel,Kfouri,,
Fall2021-2022(202210),12251,MKTG,240,2,ConsumerBehavior,3,3,SB,27,8,0930,1045,OSB,216,M,.,W,.,.,.,.,.,.,.,.,.,.,.,.,.,.,.,Michel,Kfouri,,
Fall2021-2022(202210),13020,MKTG,250J,1,Digit.ContentCreationforBus,3,3,SB,40,0,1400,1515,OSB,238,.,T,.,R,.,.,.,.,.,.,.,.,.,.,.,.,.,.,Romy,Saber,,
Fall2021-2022(202210),12252,MKTG,250K,1,EthicsofCrisisCommunication,3,3,SB,40,0,1530,1645,OSB,238,.,T,.,R,.,.,.,.,.,.,.,.,.,.,.,.,.,.,Sally,Hammoud,,
Fall2021-2022(202210),12253,MKTG,250L,1,Luxury&FashionBrandMarketing,3,3,SB,41,-1,0930,1045,OSB,226,M,.,W,.,.,.,.,.,.,.,.,.,.,.,.,.,.,.,Manal,Khater,,
Fall2021-2022(202210),13379,MKTG,251B,1,Advertisng&CreativeStrateg.II,1.5,1.5,SB,1,0,.,.,.,.,.,.,.,.,.,.,.,.,.,.,.,.,.,.,.,.,.,.,Zeina,Harfoush,,
Fall2021-2022(202210),12254,MKTG,306,1,MarketingManagement,3,3,SB,26,14,1800,2030,OSB,241,M,.,.,.,.,.,.,.,.,.,.,.,.,.,.,.,.,.,Muhammad,Aljukhadar,,
Fall2021-2022(202210),10002,MKTG,306,9,MarketingManagement,3,3,SB,14,26,.,.,.,.,.,.,.,.,.,.,.,.,.,.,.,.,.,.,.,.,.,.,Muhammad,Aljukhadar,,
Fall2021-2022(202210),12255,MLSP,201,1,ClinicalHematologyI,3,3,HS,37,6,1400,1515,VANDYK,AUDT,M,.,W,.,.,.,.,.,.,.,.,.,.,.,.,.,.,.,RulaAlkhatib,Al-Jamal,,
Fall2021-2022(202210),12256,MLSP,203,B1,GeneralMicrobiology,0,0,HS,26,-5,0900,1059,VANDYK,403,.,T,W,.,.,.,.,.,.,.,.,.,.,.,.,.,.,.,Mirna,BouHamdan,12258,
Fall2021-2022(202210),12257,MLSP,203,B2,GeneralMicrobiology,0,0,HS,11,11,1100,1259,VANDYK,403,.,T,W,.,.,.,.,.,.,.,.,.,.,.,.,.,.,.,Mirna,BouHamdan,12258,
Fall2021-2022(202210),12258,MLSP,203,L,GeneralMicrobiology,3,3,HS,37,6,0900,0950,VANDYK,AUDT,M,.,.,.,.,.,.,1400,1450,VANDYK,AUDT,.,T,.,R,.,.,.,Mirna,BouHamdan,12256:or12257,
Fall2021-2022(202210),12259,MLSP,207,1,Immunology&BloodBanking,2,2,HS,36,9,1300,1350,VANDYK,AUDT,.,T,.,R,.,.,.,.,.,.,.,.,.,.,.,.,.,.,RulaAlkhatib,Al-Jamal,,
Fall2021-2022(202210),12260,MLSP,208,1,General&DiagnosticVirology,2,2,HS,36,9,1300,1350,VANDYK,201,M,.,W,.,.,.,.,.,.,.,.,.,.,.,.,.,.,.,Nada,Melhem,,
Fall2021-2022(202210),12261,MNGT,215,1,Fundam.ofManagmt.&Organ.Behav,3,3,SB,40,-5,1100,1215,OSB,233,M,.,W,.,.,.,.,.,.,.,.,.,.,.,.,.,.,.,Mahmoud,El-Bizri,,
Fall2021-2022(202210),12262,MNGT,215,2,Fundam.ofManagmt.&Organ.Behav,3,3,SB,33,2,1230,1345,OSB,216,M,.,W,.,.,.,.,.,.,.,.,.,.,.,.,.,.,.,Hagop,Panossian,,
Fall2021-2022(202210),12263,MNGT,215,3,Fundam.ofManagmt.&Organ.Behav,3,3,SB,37,-2,1400,1515,OSB,216,M,.,W,.,.,.,.,.,.,.,.,.,.,.,.,.,.,.,Hagop,Panossian,,
Fall2021-2022(202210),12264,MNGT,215,4,Fundam.ofManagmt.&Organ.Behav,3,3,SB,34,1,1400,1515,OSB,241,.,T,.,R,.,.,.,.,.,.,.,.,.,.,.,.,.,.,Hanin,Abdallah,,
Fall2021-2022(202210),12265,MNGT,215,5,Fundam.ofManagmt.&Organ.Behav,3,3,SB,0,0,0930,1045,OSB,.,M,.,W,.,.,.,.,.,.,.,.,.,.,.,.,.,.,.,.,STAFF,,
Fall2021-2022(202210),12266,MNGT,215,6,Fundam.ofManagmt.&Organ.Behav,3,3,SB,35,0,1100,1215,OSB,230,.,T,.,R,.,.,.,.,.,.,.,.,.,.,.,.,.,.,Hanin,Abdallah,,
Fall2021-2022(202210),12267,MNGT,215,7,Fundam.ofManagmt.&Organ.Behav,3,3,SB,38,-3,1230,1345,OSB,230,.,T,.,R,.,.,.,.,.,.,.,.,.,.,.,.,.,.,Hanin,Abdallah,,
Fall2021-2022(202210),12268,MNGT,215,8,Fundam.ofManagmt.&Organ.Behav,3,3,SB,0,0,1530,1645,OSB,.,.,T,.,R,.,.,.,.,.,.,.,.,.,.,.,.,.,.,.,STAFF,,
Fall2021-2022(202210),12269,MNGT,220,1,HumanResourceManagement,3,3,SB,41,-6,1230,1345,OSB,236,.,T,.,R,.,.,.,.,.,.,.,.,.,.,.,.,.,.,Elizabeth,Kassab,,
Fall2021-2022(202210),12270,MNGT,231,1,Judgment&DecisionMaking,3,3,SB,39,-4,1400,1515,OSB,226,M,.,W,.,.,.,.,.,.,.,.,.,.,.,.,.,.,.,Riad,Dimechkie,,
Fall2021-2022(202210),12271,MNGT,250P,1,StrategicManagmntofInnovat.,3,3,SB,0,0,1530,1800,OSB,216,.,.,W,.,.,.,.,.,.,.,.,.,.,.,.,.,.,.,.,STAFF,,
Fall2021-2022(202210),12272,MNGT,250Q,1,PerformanceManagnt&Compensat,3,3,SB,22,13,1700,1815,OSB,334,.,T,.,R,.,.,.,.,.,.,.,.,.,.,.,.,.,.,Yasmeen,Makarem,,
Fall2021-2022(202210),12273,MNGT,306,1,Leadershp&BehaviorinOrganiz,3,3,SB,44,1,1800,2030,OSB,227,.,T,.,.,.,.,.,.,.,.,.,.,.,.,.,.,.,.,Lina,Daouk-Oyry,,
Fall2021-2022(202210),10004,MNGT,306,9,Leadershp&BehaviorinOrganiz,3,3,SB,7,33,.,.,.,.,.,.,.,.,.,.,.,.,.,.,.,.,.,.,.,.,.,.,Yusuf,Sidani,,
Fall2021-2022(202210),13080,MNGT,350AD,1,StrategicBrandManagement,3,3,SB,9,31,1700,1930,OSB,236,.,.,W,.,.,.,.,.,.,.,.,.,.,.,.,.,.,.,Leila,KhauliHanna,,
Fall2021-2022(202210),13081,MNGT,350AD,9,StrategicBrandManagement,3,3,SB,3,47,.,.,.,.,.,.,.,.,.,.,.,.,.,.,.,.,.,.,.,.,.,.,Leila,KhauliHanna,,
Fall2021-2022(202210),12274,MSBA,000,1,Bootcamp&Orientation,0,0,SB,79,11,.,.,.,.,.,.,.,.,.,.,.,.,.,.,.,.,.,.,.,.,.,.,Krzysztof,Fleszar,,
Fall2021-2022(202210),12275,MSBA,300,1,BusinessUnderstanding,3,3,SB,35,10,1800,2045,OSB,211,.,.,.,R,.,.,.,.,.,.,.,.,.,.,.,.,.,.,Bijan,Azad,,
Fall2021-2022(202210),12276,MSBA,300,2,BusinessUnderstanding,3,3,SB,46,-1,1100,1345,OSB,211,.,.,.,R,.,.,.,.,.,.,.,.,.,.,.,.,.,.,Bijan,Azad,,
Fall2021-2022(202210),12277,MSBA,305,1,DataProcessingFramework,3,3,SB,46,-1,1400,1645,OSB,211,.,T,.,.,.,.,.,.,.,.,.,.,.,.,.,.,.,.,Elie,SemaanNasr,,
Fall2021-2022(202210),12278,MSBA,310,1,AppliedStatisticalAnalysis,3,3,SB,35,10,1800,2045,OSB,211,M,.,.,.,.,.,.,.,.,.,.,.,.,.,.,.,.,.,Imad,Bou-Hamad,,
Fall2021-2022(202210),12279,MSBA,310,2,AppliedStatisticalAnalysis,3,3,SB,46,-1,1400,1645,OSB,211,M,.,.,.,.,.,.,.,.,.,.,.,.,.,.,.,.,.,Imad,Bou-Hamad,,
Fall2021-2022(202210),12280,MSBA,320,1,Optimization&Simulation,3,3,SB,21,24,1800,2045,OSB,211,.,.,W,.,.,.,.,.,.,.,.,.,.,.,.,.,.,.,Krzysztof,Fleszar,,
Fall2021-2022(202210),12281,MSBA,320,2,Optimization&Simulation,3,3,SB,46,-1,1100,1345,OSB,211,.,.,W,.,.,.,.,.,.,.,.,.,.,.,.,.,.,.,Walid,Nasr,,
Fall2021-2022(202210),12282,MSBA,325,1,DataVisualization&Communicat,3,3,SB,20,25,1800,2045,OSB,211,.,T,.,.,.,.,.,.,.,.,.,.,.,.,.,.,.,.,Fouad,Zablith,,
Fall2021-2022(202210),13362,MSBA,390A,1,CapstoneProject-YassarH,3,0,SB,1,0,.,.,.,.,.,.,.,.,.,.,.,.,.,.,.,.,.,.,.,.,.,.,Wissam,Sammouri,,
Fall2021-2022(202210),13371,MSBA,390A,10,CapstoneProject-LeenElM.,3,0,SB,1,0,.,.,.,.,.,.,.,.,.,.,.,.,.,.,.,.,.,.,.,.,.,.,Wissam,Sammouri,,
Fall2021-2022(202210),13372,MSBA,390A,11,CapstoneProject-GhidaElCh.,3,0,SB,1,0,.,.,.,.,.,.,.,.,.,.,.,.,.,.,.,.,.,.,.,.,.,.,Bijan,Azad,,
Fall2021-2022(202210),13373,MSBA,390A,12,CapstoneProject-NourChaccour,3,0,SB,1,0,.,.,.,.,.,.,.,.,.,.,.,.,.,.,.,.,.,.,.,.,.,.,Wissam,Sammouri,,
Fall2021-2022(202210),13388,MSBA,390A,13,CapstoneProject-VeraSh,3,0,SB,0,1,.,.,.,.,.,.,.,.,.,.,.,.,.,.,.,.,.,.,.,.,.,.,Wissam,Sammouri,,
Fall2021-2022(202210),13363,MSBA,390A,2,CapstoneProject-IbrahimAlBa,3,0,SB,1,0,.,.,.,.,.,.,.,.,.,.,.,.,.,.,.,.,.,.,.,.,.,.,Wissam,Sammouri,,
Fall2021-2022(202210),13364,MSBA,390A,3,CapstoneProject-KenanH,3,0,SB,1,0,.,.,.,.,.,.,.,.,.,.,.,.,.,.,.,.,.,.,.,.,.,.,Wissam,Sammouri,,
Fall2021-2022(202210),13365,MSBA,390A,4,CapstoneProject-KarimAlM,3,0,SB,1,0,.,.,.,.,.,.,.,.,.,.,.,.,.,.,.,.,.,.,.,.,.,.,Wissam,Sammouri,,
Fall2021-2022(202210),13366,MSBA,390A,5,CapstoneProject-EmilyElH,3,0,SB,1,0,.,.,.,.,.,.,.,.,.,.,.,.,.,.,.,.,.,.,.,.,.,.,Wissam,Sammouri,,
Fall2021-2022(202210),13367,MSBA,390A,6,CapstoneProject-JospehElKh,3,0,SB,1,0,.,.,.,.,.,.,.,.,.,.,.,.,.,.,.,.,.,.,.,.,.,.,Wissam,Sammouri,,
Fall2021-2022(202210),13368,MSBA,390A,7,CapstoneProject-Anthony-JoeZ,3,0,SB,1,0,.,.,.,.,.,.,.,.,.,.,.,.,.,.,.,.,.,.,.,.,.,.,Wissam,Sammouri,,
Fall2021-2022(202210),13369,MSBA,390A,8,CapstoneProject-JihadH.,3,0,SB,1,0,.,.,.,.,.,.,.,.,.,.,.,.,.,.,.,.,.,.,.,.,.,.,Wissam,Sammouri,,
Fall2021-2022(202210),13370,MSBA,390A,9,CapstoneProject-AnnaMariaA.,3,0,SB,1,0,.,.,.,.,.,.,.,.,.,.,.,.,.,.,.,.,.,.,.,.,.,.,Wissam,Sammouri,,
Fall2021-2022(202210),13357,MSBA,395,1,ThesisProject-FabienneK-4,6,1,SB,1,0,.,.,.,.,.,.,.,.,.,.,.,.,.,.,.,.,.,.,.,.,.,.,Wissam,Sammouri,,
Fall2021-2022(202210),13358,MSBA,395,2,ThesisProject-PatriciaT-3,6,1,SB,1,0,.,.,.,.,.,.,.,.,.,.,.,.,.,.,.,.,.,.,.,.,.,.,Wissam,Sammouri,,
Fall2021-2022(202210),13359,MSBA,395,3,ThesisProject-RosaAzar,6,1,SB,1,0,.,.,.,.,.,.,.,.,.,.,.,.,.,.,.,.,.,.,.,.,.,.,Imad,Bou-Hamad,,
Fall2021-2022(202210),13360,MSBA,395,4,ThesisProject-JaafarHoteit,6,6,SB,1,0,.,.,.,.,.,.,.,.,.,.,.,.,.,.,.,.,.,.,.,.,.,.,Imad,Bou-Hamad,,
Fall2021-2022(202210),13393,MSBA,395,5,ThesisProject-KennyB,6,0,SB,1,0,.,.,.,.,.,.,.,.,.,.,.,.,.,.,.,.,.,.,.,.,.,.,Wael,Khreich,,
Fall2021-2022(202210),12283,MSCU,201,1,Coastal&MarineEnv.:Intr.Crs,3,3,AS,25,0,0930,1045,NICELY,318,.,T,.,R,.,.,.,.,.,.,.,.,.,.,.,.,.,.,Naseem,Raad,,
Fall2021-2022(202210),12284,MUSC,200,1,Elements&NotationofMusic,3,3,AS,20,3,0900,0950,NICELY,B2,M,.,W,.,F,.,.,.,.,.,.,.,.,.,.,.,.,.,Joelle,GarroElKhoury,,
Fall2021-2022(202210),12285,MUSC,220,1,WesternMusicalTraditionsI,3,3,AS,24,-1,1530,1645,NICELY,202,.,T,.,R,.,.,.,.,.,.,.,.,.,.,.,.,.,.,MayaBerta,Maalouf,,
Fall2021-2022(202210),12286,MUSC,225,1,MusicAppreciat:Histor.Survey,3,3,AS,23,0,1000,1050,NICELY,B2,M,.,W,.,F,.,.,.,.,.,.,.,.,.,.,.,.,.,Joelle,GarroElKhoury,,
Fall2021-2022(202210),12287,MUSC,230,1,Intr.totheWorldofOpera,3,3,AS,22,1,1200,1250,NICELY,B2,M,.,W,.,F,.,.,.,.,.,.,.,.,.,.,.,.,.,Joelle,GarroElKhoury,,
Fall2021-2022(202210),12288,MUSC,230,2,Intr.totheWorldofOpera,3,3,AS,0,0,.,.,.,.,.,.,.,.,.,.,.,.,.,.,.,.,.,.,.,.,.,.,.,STAFF,,
Fall2021-2022(202210),12289,MUSC,235,1,ListeningtoJazz,3,3,AS,26,-4,1100,1215,NICELY,B2,.,T,.,R,.,.,.,.,.,.,.,.,.,.,.,.,.,.,Gheith,Al-Amine,,
Fall2021-2022(202210),12290,MUSC,250,1,Arabic&MiddleEasternMusic,3,3,AS,23,0,0930,1045,NICELY,409,.,T,.,R,.,.,.,.,.,.,.,.,.,.,.,.,.,.,Rima,Khcheich,,
