Fall2021-2022(202210),13216,PBHL,210,1,COVID-19Inequal&Well-Being,3,3,HS,20,-5,1500,1740,VANDYK,103,.,.,W,.,.,.,.,.,.,.,.,.,.,.,.,.,.,.,Sasha,Fahme,,
Fall2021-2022(202210),12425,PBHL,306A,1,Library&Liter.SearchSkills,0,0,HS,71,-25,.,.,.,.,.,.,.,.,.,S,.,.,.,.,.,.,.,.,.,.,S,.,Jihad,Makhoul,,
Fall2021-2022(202210),13043,PBHL,307,1,PubHlthArmConfl:RegIssGlob,3,3,HS,9,1,1200,1430,VANDYK,101,.,.,.,R,.,.,.,.,.,.,.,.,.,.,.,.,.,.,Samer,Jabbour,,
Fall2021-2022(202210),13261,PBHL,308,1,MethinHuman.Settings,1,1,HS,7,3,.,.,.,.,.,.,.,.,.,.,.,.,.,.,.,.,.,.,.,.,.,.,Sawsan,Abdulrahim,,
Fall2021-2022(202210),12426,PBHL,310,B1,Res.MethodsinPubl.Health,0,0,HS,26,-11,1200,1400,VANDYK,201,.,.,.,.,F,.,.,.,.,.,.,.,.,.,.,.,.,.,Jocelyn,Dejong,12429,
Fall2021-2022(202210),12427,PBHL,310,B2,Res.MethodsinPubl.Health,0,0,HS,20,-5,0900,1100,VANDYK,201,M,.,.,.,.,.,.,.,.,.,.,.,.,.,.,.,.,.,Jocelyn,Dejong,12429,
Fall2021-2022(202210),12428,PBHL,310,B3,Res.MethodsinPubl.Health,0,0,HS,19,-4,1730,1930,VANDYK,201,.,T,.,.,.,.,.,.,.,.,.,.,.,.,.,.,.,.,Ghina,Mumtaz,12429,
Fall2021-2022(202210),12429,PBHL,310,L,Res.MethodsinPubl.Health,3,3,HS,65,-20,1530,1710,VANDYK,AUDT,.,.,.,R,.,.,.,.,.,.,.,.,.,.,.,.,.,.,Jocelyn,Dejong,12426:or12427:or12428,
Fall2021-2022(202210),12430,PBHL,312,B1,FoundationsofPublicHealth,0,0,HS,28,-4,0930,1100,VANDYK,203,.,.,.,R,.,.,.,.,.,.,.,.,.,.,.,.,.,.,Jihad,Makhoul,12432,
Fall2021-2022(202210),12431,PBHL,312,B2,FoundationsofPublicHealth,0,0,HS,38,-14,1730,1930,VANDYK,201,.,.,.,R,.,.,.,.,.,.,.,.,.,.,.,.,.,.,Jihad,Makhoul,12432,
Fall2021-2022(202210),12432,PBHL,312,L,FoundationsofPublicHealth,2,2,HS,66,-18,1530,1710,VANDYK,AUDT,.,.,W,.,.,.,.,.,.,.,.,.,.,.,.,.,.,.,Jihad,Makhoul,12430:or12431,
Fall2021-2022(202210),12433,PBHL,399A,1,IntegrativeLearningExperienc,1,1,HS,1,0,.,.,.,.,.,.,.,.,.,.,.,.,.,.,.,.,.,.,.,.,.,.,Khalil,ElAsmar,,
Fall2021-2022(202210),12434,PBHL,399A,10,IntegrativeLearningExperienc,1,1,HS,1,0,.,.,.,.,.,.,.,.,.,.,.,.,.,.,.,.,.,.,.,.,.,.,Shadi,Saleh,,
Fall2021-2022(202210),12435,PBHL,399A,11,IntegrativeLearningExperienc,1,1,HS,1,0,.,.,.,.,.,.,.,.,.,.,.,.,.,.,.,.,.,.,.,.,.,.,Faysal,Kak,,
Fall2021-2022(202210),12436,PBHL,399A,12,IntegrativeLearningExperienc,1,1,HS,1,0,.,.,.,.,.,.,.,.,.,.,.,.,.,.,.,.,.,.,.,.,.,.,Joumana,Kalot,,
Fall2021-2022(202210),12437,PBHL,399A,13,IntegrativeLearningExperienc,1,1,HS,1,0,.,.,.,.,.,.,.,.,.,.,.,.,.,.,.,.,.,.,.,.,.,.,Samer,Jabbour,,
Fall2021-2022(202210),12438,PBHL,399A,14,IntegrativeLearningExperienc,1,1,HS,1,0,.,.,.,.,.,.,.,.,.,.,.,.,.,.,.,.,.,.,.,.,.,.,Martine,Najem,,
Fall2021-2022(202210),12439,PBHL,399A,15,IntegrativeLearningExperienc,1,1,HS,1,0,.,.,.,.,.,.,.,.,.,.,.,.,.,.,.,.,.,.,.,.,.,.,Fadi,El-Jardali,,
Fall2021-2022(202210),12440,PBHL,399A,16,IntegrativeLearningExperienc,1,1,HS,1,0,.,.,.,.,.,.,.,.,.,.,.,.,.,.,.,.,.,.,.,.,.,.,Fadi,El-Jardali,,
Fall2021-2022(202210),12441,PBHL,399A,17,IntegrativeLearningExperienc,1,1,HS,1,0,.,.,.,.,.,.,.,.,.,.,.,.,.,.,.,.,.,.,.,.,.,.,VitoLuigi,Tanzi,,
Fall2021-2022(202210),12442,PBHL,399A,18,IntegrativeLearningExperienc,1,1,HS,1,0,.,.,.,.,.,.,.,.,.,.,.,.,.,.,.,.,.,.,.,.,.,.,Aline,Germani,,
Fall2021-2022(202210),12443,PBHL,399A,19,IntegrativeLearningExperienc,1,1,HS,1,0,.,.,.,.,.,.,.,.,.,.,.,.,.,.,.,.,.,.,.,.,.,.,Martine,Najem,,
Fall2021-2022(202210),12444,PBHL,399A,2,IntegrativeLearningExperienc,1,1,HS,1,0,.,.,.,.,.,.,.,.,.,.,.,.,.,.,.,.,.,.,.,.,.,.,Fadi,El-Jardali,,
Fall2021-2022(202210),12445,PBHL,399A,20,IntegrativeLearningExperienc,1,1,HS,1,0,.,.,.,.,.,.,.,.,.,.,.,.,.,.,.,.,.,.,.,.,.,.,Kassem,Kassak,,
Fall2021-2022(202210),12446,PBHL,399A,21,IntegrativeLearningExperienc,1,1,HS,1,0,.,.,.,.,.,.,.,.,.,.,.,.,.,.,.,.,.,.,.,.,.,.,DianaS.,Jamal,,
Fall2021-2022(202210),12447,PBHL,399A,22,IntegrativeLearningExperienc,1,1,HS,1,0,.,.,.,.,.,.,.,.,.,.,.,.,.,.,.,.,.,.,.,.,.,.,VitoLuigi,Tanzi,,
Fall2021-2022(202210),12448,PBHL,399A,23,IntegrativeLearningExperienc,1,1,HS,1,0,.,.,.,.,.,.,.,.,.,.,.,.,.,.,.,.,.,.,.,.,.,.,Kassem,Kassak,,
Fall2021-2022(202210),12449,PBHL,399A,24,IntegrativeLearningExperienc,1,1,HS,1,0,.,.,.,.,.,.,.,.,.,.,.,.,.,.,.,.,.,.,.,.,.,.,Aline,Germani,,
Fall2021-2022(202210),12450,PBHL,399A,25,IntegrativeLearningExperienc,1,1,HS,1,0,.,.,.,.,.,.,.,.,.,.,.,.,.,.,.,.,.,.,.,.,.,.,Joumana,Kalot,,
Fall2021-2022(202210),12451,PBHL,399A,26,IntegrativeLearningExperienc,1,1,HS,1,0,.,.,.,.,.,.,.,.,.,.,.,.,.,.,.,.,.,.,.,.,.,.,DianaS.,Jamal,,
Fall2021-2022(202210),12452,PBHL,399A,27,IntegrativeLearningExperienc,1,1,HS,1,0,.,.,.,.,.,.,.,.,.,.,.,.,.,.,.,.,.,.,.,.,.,.,Shadi,Saleh,,
Fall2021-2022(202210),12453,PBHL,399A,28,IntegrativeLearningExperienc,1,1,HS,1,0,.,.,.,.,.,.,.,.,.,.,.,.,.,.,.,.,.,.,.,.,.,.,Samer,Jabbour,,
Fall2021-2022(202210),12454,PBHL,399A,29,IntegrativeLearningExperienc,1,1,HS,1,0,.,.,.,.,.,.,.,.,.,.,.,.,.,.,.,.,.,.,.,.,.,.,Salim,Adib,,
Fall2021-2022(202210),12455,PBHL,399A,3,IntegrativeLearningExperienc,1,1,HS,1,0,.,.,.,.,.,.,.,.,.,.,.,.,.,.,.,.,.,.,.,.,.,.,Shadi,Saleh,,
Fall2021-2022(202210),12456,PBHL,399A,30,IntegrativeLearningExperienc,1,1,HS,1,0,.,.,.,.,.,.,.,.,.,.,.,.,.,.,.,.,.,.,.,.,.,.,Aline,Germani,,
Fall2021-2022(202210),12457,PBHL,399A,31,IntegrativeLearningExperienc,1,1,HS,1,0,.,.,.,.,.,.,.,.,.,.,.,.,.,.,.,.,.,.,.,.,.,.,Ghina,Mumtaz,,
Fall2021-2022(202210),12458,PBHL,399A,32,IntegrativeLearningExperienc,1,1,HS,1,0,.,.,.,.,.,.,.,.,.,.,.,.,.,.,.,.,.,.,.,.,.,.,CatherineGrace,Schenck,,
Fall2021-2022(202210),12459,PBHL,399A,33,IntegrativeLearningExperienc,1,1,HS,1,0,.,.,.,.,.,.,.,.,.,.,.,.,.,.,.,.,.,.,.,.,.,.,Maia,Sieverding,,
Fall2021-2022(202210),12460,PBHL,399A,34,IntegrativeLearningExperienc,1,1,HS,1,0,.,.,.,.,.,.,.,.,.,.,.,.,.,.,.,.,.,.,.,.,.,.,Kassem,Kassak,,
Fall2021-2022(202210),12461,PBHL,399A,35,IntegrativeLearningExperienc,1,1,HS,1,0,.,.,.,.,.,.,.,.,.,.,.,.,.,.,.,.,.,.,.,.,.,.,Marco,Bardus,,
Fall2021-2022(202210),12462,PBHL,399A,36,IntegrativeLearningExperienc,1,1,HS,1,0,.,.,.,.,.,.,.,.,.,.,.,.,.,.,.,.,.,.,.,.,.,.,Salim,Adib,,
Fall2021-2022(202210),12463,PBHL,399A,37,IntegrativeLearningExperienc,1,1,HS,1,0,.,.,.,.,.,.,.,.,.,.,.,.,.,.,.,.,.,.,.,.,.,.,Miran,SalameJaffa,,
Fall2021-2022(202210),12464,PBHL,399A,38,IntegrativeLearningExperienc,1,1,HS,1,0,.,.,.,.,.,.,.,.,.,.,.,.,.,.,.,.,.,.,.,.,.,.,VitoLuigi,Tanzi,,
Fall2021-2022(202210),12465,PBHL,399A,39,IntegrativeLearningExperienc,1,1,HS,1,0,.,.,.,.,.,.,.,.,.,.,.,.,.,.,.,.,.,.,.,.,.,.,DianaS.,Jamal,,
Fall2021-2022(202210),12466,PBHL,399A,4,IntegrativeLearningExperienc,1,1,HS,1,0,.,.,.,.,.,.,.,.,.,.,.,.,.,.,.,.,.,.,.,.,.,.,MohamedFouad,MohamedFouad,,
Fall2021-2022(202210),12467,PBHL,399A,40,IntegrativeLearningExperienc,1,1,HS,1,0,.,.,.,.,.,.,.,.,.,.,.,.,.,.,.,.,.,.,.,.,.,.,Lilian,Ghandour,,
Fall2021-2022(202210),12468,PBHL,399A,41,IntegrativeLearningExperienc,1,1,HS,1,0,.,.,.,.,.,.,.,.,.,.,.,.,.,.,.,.,.,.,.,.,.,.,Fadi,El-Jardali,,
Fall2021-2022(202210),12469,PBHL,399A,42,IntegrativeLearningExperienc,1,1,HS,1,0,.,.,.,.,.,.,.,.,.,.,.,.,.,.,.,.,.,.,.,.,.,.,Samer,Jabbour,,
Fall2021-2022(202210),13375,PBHL,399A,43,IntegrativeLearningExperienc,1,1,HS,1,0,.,.,.,.,.,.,.,.,.,.,.,.,.,.,.,.,.,.,.,.,.,.,Stephen,Mccall,,
Fall2021-2022(202210),12470,PBHL,399A,5,IntegrativeLearningExperienc,1,1,HS,1,0,.,.,.,.,.,.,.,.,.,.,.,.,.,.,.,.,.,.,.,.,.,.,Jihad,Makhoul,,
Fall2021-2022(202210),12471,PBHL,399A,6,IntegrativeLearningExperienc,1,1,HS,1,0,.,.,.,.,.,.,.,.,.,.,.,.,.,.,.,.,.,.,.,.,.,.,Shadi,Saleh,,
Fall2021-2022(202210),12472,PBHL,399A,7,IntegrativeLearningExperienc,1,1,HS,1,0,.,.,.,.,.,.,.,.,.,.,.,.,.,.,.,.,.,.,.,.,.,.,Samer,Jabbour,,
Fall2021-2022(202210),12473,PBHL,399A,8,IntegrativeLearningExperienc,1,1,HS,1,0,.,.,.,.,.,.,.,.,.,.,.,.,.,.,.,.,.,.,.,.,.,.,Fadi,El-Jardali,,
Fall2021-2022(202210),12474,PBHL,399A,9,IntegrativeLearningExperienc,1,1,HS,1,0,.,.,.,.,.,.,.,.,.,.,.,.,.,.,.,.,.,.,.,.,.,.,Aline,Germani,,
Fall2021-2022(202210),12475,PHIL,102,1,PhilosophicalClassics,3,3,AS,21,1,1530,1645,NICELY,415,.,T,.,R,.,.,.,.,.,.,.,.,.,.,.,.,.,.,Mahmoud,Baassiri,,
Fall2021-2022(202210),12476,PHIL,102,2,PhilosophicalClassics,3,3,AS,0,0,.,.,.,.,.,.,.,.,.,.,.,.,.,.,.,.,.,.,.,.,.,.,.,STAFF,,
Fall2021-2022(202210),12477,PHIL,201,1,IntroductiontoPhilosophy,3,3,AS,24,-1,0800,0915,FISK,339,.,T,.,R,.,.,.,.,.,.,.,.,.,.,.,.,.,.,Mahmoud,ElHassanieh,,
Fall2021-2022(202210),12478,PHIL,201,2,IntroductiontoPhilosophy,3,3,AS,23,0,0930,1045,FISK,313,.,T,.,R,.,.,.,.,.,.,.,.,.,.,.,.,.,.,Mahmoud,ElHassanieh,,
Fall2021-2022(202210),12479,PHIL,201,3,IntroductiontoPhilosophy,3,3,AS,23,0,1530,1645,PHYS,331,M,.,W,.,.,.,.,.,.,.,.,.,.,.,.,.,.,.,Zainab,Sabra,,
Fall2021-2022(202210),12480,PHIL,201,4,IntroductiontoPhilosophy,3,3,AS,23,0,1100,1215,BLISS,206,.,T,.,R,.,.,.,.,.,.,.,.,.,.,.,.,.,.,Rabih,Salloum,,
Fall2021-2022(202210),12481,PHIL,201,5,IntroductiontoPhilosophy,3,3,AS,21,1,1400,1515,FISK,337,.,T,.,R,.,.,.,.,.,.,.,.,.,.,.,.,.,.,Mahmoud,ElHassanieh,,
Fall2021-2022(202210),12482,PHIL,201,6,IntroductiontoPhilosophy,3,3,AS,0,0,.,.,.,.,.,.,.,.,.,.,.,.,.,.,.,.,.,.,.,.,.,.,.,STAFF,,
Fall2021-2022(202210),12484,PHIL,205,1,Bio-MedicalEthics,3,3,AS,20,2,1400,1515,PHYS,217,.,T,.,R,.,.,.,.,.,.,.,.,.,.,.,.,.,.,Rabih,Salloum,,
Fall2021-2022(202210),12485,PHIL,205,2,Bio-MedicalEthics,3,3,AS,22,0,1530,1645,PHYS,215,.,T,.,R,.,.,.,.,.,.,.,.,.,.,.,.,.,.,Rabih,Salloum,,
Fall2021-2022(202210),12486,PHIL,208A,1,AppEthics:EthicsofAI,3,3,AS,9,1,1400,1515,NICELY,325,M,.,W,.,.,.,.,.,.,.,.,.,.,.,.,.,.,.,HansD.,Muller,,
Fall2021-2022(202210),12487,PHIL,209,1,EnvironmentalEthics,3,3,AS,20,3,1530,1645,PHYS,333,M,.,W,.,.,.,.,.,.,.,.,.,.,.,.,.,.,.,Muhannad,Hariri,,
Fall2021-2022(202210),12488,PHIL,209,2,EnvironmentalEthics,3,3,AS,22,1,1700,1815,PHYS,333,M,.,W,.,.,.,.,.,.,.,.,.,.,.,.,.,.,.,Muhannad,Hariri,,
Fall2021-2022(202210),12489,PHIL,210,1,Ethics,3,3,AS,22,1,0930,1045,BLISS,206,.,T,.,R,.,.,.,.,.,.,.,.,.,.,.,.,.,.,Zainab,Sabra,,
Fall2021-2022(202210),12490,PHIL,210,2,Ethics,3,3,AS,23,0,0800,0915,FISK,313,.,T,.,R,.,.,.,.,.,.,.,.,.,.,.,.,.,.,Zainab,Sabra,,
Fall2021-2022(202210),12491,PHIL,210,3,Ethics,3,3,AS,0,0,.,.,.,.,.,.,.,.,.,.,.,.,.,.,.,.,.,.,.,.,.,.,.,STAFF,,
Fall2021-2022(202210),12492,PHIL,210,4,Ethics,3,3,AS,23,0,1400,1515,NICELY,406,.,T,.,R,.,.,.,.,.,.,.,.,.,.,.,.,.,.,Muhannad,Hariri,,
Fall2021-2022(202210),12493,PHIL,210,5,Ethics,3,3,AS,21,1,1400,1515,PHYS,333,M,.,W,.,.,.,.,.,.,.,.,.,.,.,.,.,.,.,Muhannad,Hariri,,
Fall2021-2022(202210),12494,PHIL,210,6,Ethics,3,3,AS,22,0,1530,1645,NICELY,322,M,.,W,.,.,.,.,.,.,.,.,.,.,.,.,.,.,.,Bashshar,Haydar,,
Fall2021-2022(202210),12495,PHIL,210,7,Ethics,3,3,AS,0,0,.,.,.,.,.,.,.,.,.,.,.,.,.,.,.,.,.,.,.,.,.,.,.,STAFF,,
Fall2021-2022(202210),13113,PHIL,210,8,Ethics,3,3,AS,23,0,1400,1515,FISK,309,.,T,.,R,.,.,.,.,.,.,.,.,.,.,.,.,.,.,Bana,Bashour,,
Fall2021-2022(202210),13114,PHIL,210,9,Ethics,3,3,AS,23,0,1530,1645,FISK,309,.,T,.,R,.,.,.,.,.,.,.,.,.,.,.,.,.,.,Bana,Bashour,,
Fall2021-2022(202210),12496,PHIL,211,1,IntroductiontoLogic,3,3,AS,19,11,1100,1150,FISK,309,M,.,W,.,F,.,.,.,.,.,.,.,.,.,.,.,.,.,HansD.,Muller,,
Fall2021-2022(202210),12497,PHIL,213,1,HistofAncient&MedievalPhil,3,3,AS,18,4,1100,1215,FISK,337,.,T,.,R,.,.,.,.,.,.,.,.,.,.,.,.,.,.,Emma,Gannage,,
Fall2021-2022(202210),12498,PHIL,216,1,PoliticalPhilosophy,3,3,AS,17,5,1700,1815,NICELY,325,.,T,.,R,.,.,.,.,.,.,.,.,.,.,.,.,.,.,Quinn,Gibson,,
Fall2021-2022(202210),12499,PHIL,218,1,Metaphysics&Epistemology,3,3,AS,11,11,1230,1345,BLISS,205,.,T,.,R,.,.,.,.,.,.,.,.,.,.,.,.,.,.,Saleh,Agha,,
Fall2021-2022(202210),12500,PHIL,219,1,Existentialism,3,3,AS,20,2,0930,1045,FISK,337,.,T,.,R,.,.,.,.,.,.,.,.,.,.,.,.,.,.,Hani,Hassan,,
Fall2021-2022(202210),12501,PHIL,221,1,PhilosophyofMind,3,3,AS,15,7,1830,1945,FISK,313,.,T,.,R,.,.,.,.,.,.,.,.,.,.,.,.,.,.,Quinn,Gibson,,
Fall2021-2022(202210),12502,PHIL,225,1,HistoryofMoralPhilosophy,3,3,AS,0,0,.,.,.,.,.,.,.,.,.,.,.,.,.,.,.,.,.,.,.,.,.,.,.,STAFF,,
Fall2021-2022(202210),12503,PHIL,225,2,HistoryofMoralPhilosophy,3,3,AS,0,0,.,.,.,.,.,.,.,.,.,.,.,.,.,.,.,.,.,.,.,.,.,.,.,STAFF,,
Fall2021-2022(202210),12504,PHIL,227,1,MarxandPhilosophy,3,3,AS,15,7,1700,1815,NICELY,107,.,.,W,.,F,.,.,.,.,.,.,.,.,.,.,.,.,.,Raymond,Brassier,,
Fall2021-2022(202210),12505,PHIL,230,1,PhilosophyofPlato,3,3,AS,10,12,1400,1515,FISK,313,.,.,W,.,F,.,.,.,.,.,.,.,.,.,.,.,.,.,Christopher,Johns,,
Fall2021-2022(202210),12506,PHIL,232,1,IslamicPhilosophy,3,3,AS,0,0,.,.,.,.,.,.,.,.,.,.,.,.,.,.,.,.,.,.,.,.,.,.,.,STAFF,,
Fall2021-2022(202210),12507,PHIL,249,1,PhilosophyofFeminism,3,3,AS,20,2,1530,1645,NICELY,417,M,.,W,.,.,.,.,.,.,.,.,.,.,.,.,.,.,.,Fidaa,Chehayeb,,
Fall2021-2022(202210),12508,PHIL,251L,1,ST.inIslamicEthics,3,3,AS,7,15,1530,1645,BLISS,206,.,T,.,R,.,.,.,.,.,.,.,.,.,.,.,.,.,.,Bashshar,Haydar,,
Fall2021-2022(202210),12509,PHIL,252O,1,ST:PolPhil:WhatisAuthority?,3,3,AS,7,3,1400,1515,NICELY,209,.,T,.,R,.,.,.,.,.,.,.,.,.,.,.,.,.,.,Nadia,BouAli,,
Fall2021-2022(202210),13391,PHIL,301J,1,Sp.Tp:inIslamicEthics,3,3,AS,1,0,1530,1645,BLISS,206,.,T,.,R,.,.,.,.,.,.,.,.,.,.,.,.,.,.,Bashshar,Haydar,,
Fall2021-2022(202210),12510,PHIL,302K,1,ST:PolPhil:WhatisAuthority?,3,3,AS,6,-1,1400,1515,NICELY,209,.,T,.,R,.,.,.,.,.,.,.,.,.,.,.,.,.,.,Nadia,BouAli,,
Fall2021-2022(202210),12511,PHIL,304G,1,ST:Metaphysics:Good&Evil,3,3,AS,0,0,.,.,.,.,.,.,.,.,.,.,.,.,.,.,.,.,.,.,.,.,.,.,.,STAFF,,
Fall2021-2022(202210),12512,PHIL,310V,1,ST:HistofPhil:Aristotle,3,3,AS,8,2,1530,1800,FISK,337,.,.,W,.,.,.,.,.,.,.,.,.,.,.,.,.,.,.,Emma,Gannage,,
Fall2021-2022(202210),12513,PHIL,395A,1,ComprehensiveExam,0,0,AS,2,-2,.,.,.,.,.,.,.,.,.,.,.,.,.,.,.,.,.,.,.,.,.,.,Christopher,Johns,,
Fall2021-2022(202210),12514,PHIL,399,1,M.A.Thesis,9,7.2,AS,0,5,.,.,.,.,.,.,.,.,.,.,.,.,.,.,.,.,.,.,.,.,.,.,Bana,Bashour,,
Fall2021-2022(202210),12515,PHIL,399,2,M.A.Thesis,9,7.2,AS,0,5,.,.,.,.,.,.,.,.,.,.,.,.,.,.,.,.,.,.,.,.,.,.,Bashshar,Haydar,,
Fall2021-2022(202210),12517,PHIL,399,4,M.A.Thesis,9,7.2,AS,0,5,.,.,.,.,.,.,.,.,.,.,.,.,.,.,.,.,.,.,.,.,.,.,HansD.,Muller,,
Fall2021-2022(202210),12518,PHIL,399,5,M.A.Thesis,9,7.2,AS,0,5,.,.,.,.,.,.,.,.,.,.,.,.,.,.,.,.,.,.,.,.,.,.,Christopher,Johns,,
Fall2021-2022(202210),12519,PHIL,399,6,M.A.Thesis,9,7.2,AS,0,5,.,.,.,.,.,.,.,.,.,.,.,.,.,.,.,.,.,.,.,.,.,.,Raymond,Brassier,,
Fall2021-2022(202210),12520,PHIL,399,7,M.A.Thesis,9,7.2,AS,0,5,.,.,.,.,.,.,.,.,.,.,.,.,.,.,.,.,.,.,.,.,.,.,Quinn,Gibson,,
Fall2021-2022(202210),12521,PHIL,399A,1,M.A.Thesis,9,0,AS,0,5,.,.,.,.,.,.,.,.,.,.,.,.,.,.,.,.,.,.,.,.,.,.,Bana,Bashour,,
Fall2021-2022(202210),12522,PHIL,399A,2,M.A.Thesis,9,0,AS,0,5,.,.,.,.,.,.,.,.,.,.,.,.,.,.,.,.,.,.,.,.,.,.,Raymond,Brassier,,
Fall2021-2022(202210),12523,PHIL,399A,3,M.A.Thesis,9,0,AS,0,5,.,.,.,.,.,.,.,.,.,.,.,.,.,.,.,.,.,.,.,.,.,.,Quinn,Gibson,,
Fall2021-2022(202210),12524,PHIL,399A,4,M.A.Thesis,9,0,AS,0,5,.,.,.,.,.,.,.,.,.,.,.,.,.,.,.,.,.,.,.,.,.,.,Bashshar,Haydar,,
Fall2021-2022(202210),12525,PHIL,399A,5,M.A.Thesis,9,0,AS,0,5,.,.,.,.,.,.,.,.,.,.,.,.,.,.,.,.,.,.,.,.,.,.,Christopher,Johns,,
Fall2021-2022(202210),12526,PHIL,399A,6,M.A.Thesis,9,0,AS,0,5,.,.,.,.,.,.,.,.,.,.,.,.,.,.,.,.,.,.,.,.,.,.,HansD.,Muller,,
Fall2021-2022(202210),12527,PHIL,399B,1,M.A.Thesis,9,0,AS,0,5,.,.,.,.,.,.,.,.,.,.,.,.,.,.,.,.,.,.,.,.,.,.,Raymond,Brassier,,
Fall2021-2022(202210),12528,PHIL,399B,2,M.A.Thesis,9,0,AS,0,5,.,.,.,.,.,.,.,.,.,.,.,.,.,.,.,.,.,.,.,.,.,.,Christopher,Johns,,
Fall2021-2022(202210),12529,PHIL,399B,3,M.A.Thesis,9,0,AS,0,5,.,.,.,.,.,.,.,.,.,.,.,.,.,.,.,.,.,.,.,.,.,.,Bana,Bashour,,
Fall2021-2022(202210),12530,PHIL,399B,4,M.A.Thesis,9,0,AS,0,5,.,.,.,.,.,.,.,.,.,.,.,.,.,.,.,.,.,.,.,.,.,.,Quinn,Gibson,,
Fall2021-2022(202210),12531,PHIL,399B,5,M.A.Thesis,9,0,AS,0,5,.,.,.,.,.,.,.,.,.,.,.,.,.,.,.,.,.,.,.,.,.,.,Bashshar,Haydar,,
Fall2021-2022(202210),12532,PHIL,399B,6,M.A.Thesis,9,0,AS,0,5,.,.,.,.,.,.,.,.,.,.,.,.,.,.,.,.,.,.,.,.,.,.,HansD.,Muller,,
Fall2021-2022(202210),12533,PHIL,399C,1,M.A.Thesis,9,0,AS,0,5,.,.,.,.,.,.,.,.,.,.,.,.,.,.,.,.,.,.,.,.,.,.,Bana,Bashour,,
Fall2021-2022(202210),12534,PHIL,399C,2,M.A.Thesis,9,0,AS,1,4,.,.,.,.,.,.,.,.,.,.,.,.,.,.,.,.,.,.,.,.,.,.,Raymond,Brassier,,
Fall2021-2022(202210),12535,PHIL,399C,3,M.A.Thesis,9,0,AS,0,5,.,.,.,.,.,.,.,.,.,.,.,.,.,.,.,.,.,.,.,.,.,.,Quinn,Gibson,,
Fall2021-2022(202210),12536,PHIL,399C,4,M.A.Thesis,9,0,AS,0,5,.,.,.,.,.,.,.,.,.,.,.,.,.,.,.,.,.,.,.,.,.,.,Bashshar,Haydar,,
Fall2021-2022(202210),12537,PHIL,399C,5,M.A.Thesis,9,0,AS,0,5,.,.,.,.,.,.,.,.,.,.,.,.,.,.,.,.,.,.,.,.,.,.,Christopher,Johns,,
Fall2021-2022(202210),12538,PHIL,399C,6,M.A.Thesis,9,0,AS,0,5,.,.,.,.,.,.,.,.,.,.,.,.,.,.,.,.,.,.,.,.,.,.,HansD.,Muller,,
Fall2021-2022(202210),12539,PHNU,300,1,Fundam.ofPublicHealthNutrit,3,3,AH,9,5,1500,1615,.,.,.,T,.,R,.,.,.,.,.,.,.,.,.,.,.,.,.,.,Lara,Nasreddine,,
Fall2021-2022(202210),13179,PHNU,301,1,NutritionintheLifeCycle,3,3,AH,4,6,0900,1015,.,.,.,T,.,R,.,.,.,.,.,.,.,.,.,.,.,.,.,.,Linda,Shaker,,
Fall2021-2022(202210),12540,PHNU,302,1,Nutri.RelatedChronicDisease,3,3,AH,3,5,1400,1515,AGRIC,325,M,.,W,.,.,.,.,.,.,.,.,.,.,.,.,.,.,.,Lara,Nasreddine,,
Fall2021-2022(202210),13355,PHNU,391A,1,IntegrativeLearningExper.I,1,1,AH,1,1,.,.,.,.,.,.,.,.,.,.,.,.,.,.,.,.,.,.,.,.,.,.,Lara,Nasreddine,,
Fall2021-2022(202210),12541,PHNU,396,1,ComprehensiveExam,0,0,AH,0,4,.,.,.,.,.,.,.,.,.,.,.,.,.,.,.,.,.,.,.,.,.,.,Lara,Nasreddine,,
Fall2021-2022(202210),12542,PHNU,399,1,Thesis,6,7.2,AH,2,2,.,.,.,.,.,.,.,.,.,.,.,.,.,.,.,.,.,.,.,.,.,.,Lara,Nasreddine,,
Fall2021-2022(202210),12543,PHNU,399A,1,Thesis,6,0,AH,0,0,.,.,.,.,.,.,.,.,.,.,.,.,.,.,.,.,.,.,.,.,.,.,Lara,Nasreddine,,
Fall2021-2022(202210),12544,PHNU,399B,1,Thesis,6,0,AH,0,0,.,.,.,.,.,.,.,.,.,.,.,.,.,.,.,.,.,.,.,.,.,.,Lara,Nasreddine,,
Fall2021-2022(202210),13112,PHNU,399B,2,Thesis,6,0,AH,1,1,.,.,.,.,.,.,.,.,.,.,.,.,.,.,.,.,.,.,.,.,.,.,Farah,Naja,,
Fall2021-2022(202210),13052,PHRM,240,0,Pharmacology&Therapeutics,3,3,FM,56,9,0805,0855,.,.,M,.,W,.,F,.,.,.,.,.,.,.,.,.,.,.,.,.,Fouad,Zouein,,
Fall2021-2022(202210),12545,PHRM,300,0,Pharmacology&Toxicology,7,7,FM,4,21,0101,0102,.,.,M,.,.,.,.,.,.,.,.,.,.,.,.,.,.,.,.,.,Hana,Itani,,
Fall2021-2022(202210),12546,PHRM,307,0,TutorialinPharmacology,3,3,FM,0,2,.,.,.,.,.,.,.,.,.,.,.,.,.,.,.,.,.,.,.,.,.,.,AhmedFawzi,El-Yazbi,,Online
Fall2021-2022(202210),13141,PHRM,315,0,PrinciplesofPharmacology,2,2,FM,3,7,.,.,.,.,.,.,.,.,.,.,.,.,.,.,.,.,.,.,.,.,.,.,Fouad,Zouein,,
Fall2021-2022(202210),12547,PHRM,395A,0,ComprehensiveExam,0,0,FM,0,25,.,.,.,.,.,.,.,.,.,.,.,.,.,.,.,.,.,.,.,.,.,.,Ramzi,Sabra,,Online
Fall2021-2022(202210),12548,PHRM,399,0,MSThesis,9,7.65,FM,0,25,.,.,.,.,.,.,.,.,.,.,.,.,.,.,.,.,.,.,.,.,.,.,Ramzi,Sabra,,Online
Fall2021-2022(202210),12549,PHRM,399A,0,MSThesis,9,0,FM,0,10,.,.,.,.,.,.,.,.,.,.,.,.,.,.,.,.,.,.,.,.,.,.,Ramzi,Sabra,,Online
Fall2021-2022(202210),12550,PHRM,399B,0,MSThesis,9,0,FM,1,9,.,.,.,.,.,.,.,.,.,.,.,.,.,.,.,.,.,.,.,.,.,.,Ramzi,Sabra,,Online
Fall2021-2022(202210),12551,PHYL,310,0,CellPhysiol.andBiophysics,3,3,FM,19,31,.,.,.,.,.,.,.,.,.,.,.,.,.,.,.,.,.,.,.,.,.,.,Assaad,Eid,,
Fall2021-2022(202210),12552,PHYL,395A,0,ComprehensiveExam,0,0,FM,6,19,.,.,.,.,.,.,.,.,.,.,.,.,.,.,.,.,.,.,.,.,.,.,Georges,Daoud,,Online
Fall2021-2022(202210),12553,PHYL,399,0,M.S.Thesis,9,7.65,FM,11,14,.,.,.,.,.,.,.,.,.,.,.,.,.,.,.,.,.,.,.,.,.,.,Georges,Daoud,,Online
Fall2021-2022(202210),12554,PHYL,399A,0,MSThesis,9,0,FM,0,25,.,.,.,.,.,.,.,.,.,.,.,.,.,.,.,.,.,.,.,.,.,.,Georges,Daoud,,Online
Fall2021-2022(202210),12555,PHYL,399B,0,MSThesis,9,0,FM,5,20,.,.,.,.,.,.,.,.,.,.,.,.,.,.,.,.,.,.,.,.,.,.,Georges,Daoud,,Online
Fall2021-2022(202210),12556,PHYS,103,1,PhysicsfortheLifeSciences,3,3,AS,22,13,1100,1150,PHYS,219,M,.,W,.,F,.,.,.,.,.,.,.,.,.,.,.,.,.,Malek,Tabbal,,
Fall2021-2022(202210),12557,PHYS,200,1,UnderstandingtheUniverse,3,3,AS,55,-5,1300,1350,PHYS,219,M,.,W,.,F,.,.,.,.,.,.,.,.,.,.,.,.,.,Ola,HosseikyMalaeb,,
Fall2021-2022(202210),12558,PHYS,204,E1,ClassicalPhysicsforLifeSc.,0,0,AS,30,0,1000,1050,PHYS,217,M,.,.,.,.,.,.,.,.,.,.,.,.,.,.,.,.,.,Samih,Isber,12564:or12565,
Fall2021-2022(202210),12559,PHYS,204,E2,ClassicalPhysicsforLifeSc.,0,0,AS,27,3,1000,1050,PHYS,217,.,.,.,.,F,.,.,.,.,.,.,.,.,.,.,.,.,.,Samih,Isber,12564:or12565,
Fall2021-2022(202210),12560,PHYS,204,E3,ClassicalPhysicsforLifeSc.,0,0,AS,17,13,0930,1020,PHYS,329,.,T,.,.,.,.,.,.,.,.,.,.,.,.,.,.,.,.,Samih,Isber,12564:or12565,
Fall2021-2022(202210),12561,PHYS,204,E4,ClassicalPhysicsforLifeSc.,0,0,AS,30,0,1100,1150,PHYS,215,.,.,.,.,F,.,.,.,.,.,.,.,.,.,.,.,.,.,Samih,Isber,12564:or12565,
Fall2021-2022(202210),12562,PHYS,204,E5,ClassicalPhysicsforLifeSc.,0,0,AS,28,2,1230,1320,PHYS,327,.,T,.,.,.,.,.,.,.,.,.,.,.,.,.,.,.,.,Samih,Isber,12564:or12565,
Fall2021-2022(202210),12563,PHYS,204,E6,ClassicalPhysicsforLifeSc.,0,0,AS,31,-1,0900,0950,PHYS,329,.,.,.,.,F,.,.,.,.,.,.,.,.,.,.,.,.,.,Samih,Isber,12564:or12565,
Fall2021-2022(202210),12564,PHYS,204,L1,ClassicalPhysicsforLifeSc.,3,3,AS,73,17,0900,0950,CHEM,001,M,.,W,.,.,.,.,.,.,.,.,.,.,.,.,.,.,.,Samih,Isber,12558:or12559:or12560:or12561:or12562:or12563,
Fall2021-2022(202210),12565,PHYS,204,L2,ClassicalPhysicsforLifeSc.,3,3,AS,90,0,1100,1150,BIOL,SLH,M,.,W,.,.,.,.,.,.,.,.,.,.,.,.,.,.,.,Samih,Isber,12558:or12559:or12560:or12561:or12562:or12563,
Fall2021-2022(202210),12566,PHYS,204L,B1,Classic.Phys.forLifeSc.Lab.,1,1,AS,14,0,1200,1359,PHYS,208,M,.,.,.,.,.,.,1400,1429,PHYS,219,M,.,.,.,.,.,.,Samih,Isber,,
Fall2021-2022(202210),12567,PHYS,204L,B10,Classic.Phys.forLifeSc.Lab.,1,1,AS,15,-1,1400,1559,PHYS,208,.,.,.,.,F,.,.,1600,1629,PHYS,219,.,.,.,.,F,.,.,Samih,Isber,,
Fall2021-2022(202210),12568,PHYS,204L,B2,Classic.Phys.forLifeSc.Lab.,1,1,AS,14,0,1400,1559,PHYS,208,M,.,.,.,.,.,.,1600,1629,PHYS,219,M,.,.,.,.,.,.,Samih,Isber,,
Fall2021-2022(202210),12569,PHYS,204L,B3,Classic.Phys.forLifeSc.Lab.,1,1,AS,13,1,1200,1359,PHYS,208,.,T,.,.,.,.,.,1400,1429,PHYS,219,.,T,.,.,.,.,.,Samih,Isber,,
Fall2021-2022(202210),12570,PHYS,204L,B4,Classic.Phys.forLifeSc.Lab.,1,1,AS,12,2,1400,1559,PHYS,208,.,T,.,.,.,.,.,1600,1629,PHYS,219,.,T,.,.,.,.,.,Samih,Isber,,
Fall2021-2022(202210),12571,PHYS,204L,B5,Classic.Phys.forLifeSc.Lab.,1,1,AS,14,0,1200,1359,PHYS,208,.,.,W,.,.,.,.,1400,1429,PHYS,219,.,.,W,.,.,.,.,Samih,Isber,,
Fall2021-2022(202210),12572,PHYS,204L,B6,Classic.Phys.forLifeSc.Lab.,1,1,AS,14,0,1400,1559,PHYS,208,.,.,W,.,.,.,.,1600,1629,PHYS,219,.,.,W,.,.,.,.,Samih,Isber,,
Fall2021-2022(202210),12573,PHYS,204L,B7,Classic.Phys.forLifeSc.Lab.,1,1,AS,14,0,1200,1359,PHYS,208,.,.,.,R,.,.,.,1400,1429,PHYS,219,.,.,.,R,.,.,.,Samih,Isber,,
Fall2021-2022(202210),12574,PHYS,204L,B8,Classic.Phys.forLifeSc.Lab.,1,1,AS,13,1,1400,1559,PHYS,208,.,.,.,R,.,.,.,1600,1629,PHYS,219,.,.,.,R,.,.,.,Samih,Isber,,
Fall2021-2022(202210),12575,PHYS,204L,B9,Classic.Phys.forLifeSc.Lab.,1,1,AS,14,0,1200,1359,PHYS,208,.,.,.,.,F,.,.,1400,1429,PHYS,219,.,.,.,.,F,.,.,Samih,Isber,,
Fall2021-2022(202210),12576,PHYS,210,E1,IntroductoryPhysicsII,0,0,AS,19,11,0930,1020,PHYS,329,.,.,.,R,.,.,.,.,.,.,.,.,.,.,.,.,.,.,Michel,Kazan,12585:or12586:or12587,
Fall2021-2022(202210),12577,PHYS,210,E2,IntroductoryPhysicsII,0,0,AS,13,17,1100,1150,PHYS,215,.,.,W,.,.,.,.,.,.,.,.,.,.,.,.,.,.,.,Michel,Kazan,12585:or12586:or12587,
Fall2021-2022(202210),12578,PHYS,210,E3,IntroductoryPhysicsII,0,0,AS,27,3,1100,1150,PHYS,215,.,.,.,R,.,.,.,.,.,.,.,.,.,.,.,.,.,.,Michel,Kazan,12585:or12586:or12587,
Fall2021-2022(202210),12579,PHYS,210,E4,IntroductoryPhysicsII,0,0,AS,10,20,1200,1250,CHEM,101,.,.,.,.,F,.,.,.,.,.,.,.,.,.,.,.,.,.,Michel,Kazan,12585:or12586:or12587,
Fall2021-2022(202210),12580,PHYS,210,E5,IntroductoryPhysicsII,0,0,AS,27,3,1100,1150,PHYS,215,M,.,.,.,.,.,.,.,.,.,.,.,.,.,.,.,.,.,Michel,Kazan,12585:or12586:or12587,
Fall2021-2022(202210),12581,PHYS,210,E6,IntroductoryPhysicsII,0,0,AS,9,21,0900,0950,PHYS,327,.,.,W,.,.,.,.,.,.,.,.,.,.,.,.,.,.,.,Michel,Kazan,12585:or12586:or12587,
Fall2021-2022(202210),12582,PHYS,210,E7,IntroductoryPhysicsII,0,0,AS,8,22,0900,0950,PHYS,327,M,.,.,.,.,.,.,.,.,.,.,.,.,.,.,.,.,.,Michel,Kazan,12585:or12586:or12587,
Fall2021-2022(202210),12583,PHYS,210,E8,IntroductoryPhysicsII,0,0,AS,29,1,1230,1320,PHYS,327,.,.,.,R,.,.,.,.,.,.,.,.,.,.,.,.,.,.,Michel,Kazan,12585:or12586:or12587,
Fall2021-2022(202210),12584,PHYS,210,E9,IntroductoryPhysicsII,0,0,AS,30,0,1100,1150,PHYS,215,.,T,.,.,.,.,.,.,.,.,.,.,.,.,.,.,.,.,Michel,Kazan,12585:or12586:or12587,
Fall2021-2022(202210),12585,PHYS,210,L1,IntroductoryPhysicsII,3,3,AS,53,37,1000,1050,CHSC,AUDITORIUM,M,.,W,.,F,.,.,.,.,.,.,.,.,.,.,.,.,.,Michel,Kazan,12576:or12577:or12578:or12579:or12580:or12581:or12582:or12583:or12584,
Fall2021-2022(202210),12586,PHYS,210,L2,IntroductoryPhysicsII,3,3,AS,70,20,1200,1250,BIOL,SLH,M,.,W,.,F,.,.,.,.,.,.,.,.,.,.,.,.,.,Michel,Kazan,12576:or12577:or12578:or12579:or12580:or12581:or12582:or12583:or12584,
Fall2021-2022(202210),12587,PHYS,210,L3,IntroductoryPhysicsII,3,3,AS,49,41,1300,1350,CHEM,001,M,.,W,.,F,.,.,.,.,.,.,.,.,.,.,.,.,.,Michel,Kazan,12576:or12577:or12578:or12579:or12580:or12581:or12582:or12583:or12584,
Fall2021-2022(202210),12588,PHYS,210L,B1,IntroductoryPhys.Lab.II.,1,1,AS,16,-2,1200,1359,PHYS,204,M,.,.,.,.,.,.,1400,1429,PHYS,219,M,.,.,.,.,.,.,Michel,Kazan,,
Fall2021-2022(202210),12589,PHYS,210L,B10,IntroductoryPhys.Lab.II.,1,1,AS,14,0,1400,1559,PHYS,204,.,.,.,.,F,.,.,1600,1629,PHYS,219,.,.,.,.,F,.,.,Michel,Kazan,,
Fall2021-2022(202210),12590,PHYS,210L,B2,IntroductoryPhys.Lab.II.,1,1,AS,14,0,1400,1559,PHYS,204,M,.,.,.,.,.,.,1600,1629,PHYS,219,M,.,.,.,.,.,.,Michel,Kazan,,
Fall2021-2022(202210),12591,PHYS,210L,B3,IntroductoryPhys.Lab.II.,1,1,AS,14,0,1200,1359,PHYS,204,.,T,.,.,.,.,.,1400,1429,PHYS,219,.,T,.,.,.,.,.,Michel,Kazan,,
Fall2021-2022(202210),12592,PHYS,210L,B4,IntroductoryPhys.Lab.II.,1,1,AS,14,0,1400,1559,PHYS,204,.,T,.,.,.,.,.,1600,1629,PHYS,219,.,T,.,.,.,.,.,Michel,Kazan,,
Fall2021-2022(202210),12593,PHYS,210L,B5,IntroductoryPhys.Lab.II.,1,1,AS,14,0,1200,1359,PHYS,204,.,.,W,.,.,.,.,1400,1429,PHYS,219,.,.,W,.,.,.,.,Michel,Kazan,,
Fall2021-2022(202210),12594,PHYS,210L,B6,IntroductoryPhys.Lab.II.,1,1,AS,15,-1,1400,1559,PHYS,204,.,.,W,.,.,.,.,1600,1629,PHYS,219,.,.,W,.,.,.,.,Michel,Kazan,,
Fall2021-2022(202210),12595,PHYS,210L,B7,IntroductoryPhys.Lab.II.,1,1,AS,14,0,1200,1359,PHYS,204,.,.,.,R,.,.,.,1400,1429,PHYS,219,.,.,.,R,.,.,.,Michel,Kazan,,
Fall2021-2022(202210),12596,PHYS,210L,B8,IntroductoryPhys.Lab.II.,1,1,AS,15,-1,1400,1559,PHYS,204,.,.,.,R,.,.,.,1600,1629,PHYS,219,.,.,.,R,.,.,.,Michel,Kazan,,
Fall2021-2022(202210),12597,PHYS,210L,B9,IntroductoryPhys.Lab.II.,1,1,AS,14,0,1200,1359,PHYS,204,.,.,.,.,F,.,.,1400,1429,PHYS,219,.,.,.,.,F,.,.,Michel,Kazan,,
Fall2021-2022(202210),12598,PHYS,211,E1,Electricity&Magnetism,0,0,AS,24,1,1200,1250,PHYS,329,.,.,.,.,F,.,.,.,.,.,.,.,.,.,.,.,.,.,Ghassan,Antar,12602,
Fall2021-2022(202210),12599,PHYS,211,E2,Electricity&Magnetism,0,0,AS,22,3,0900,0950,PHYS,327,.,.,.,.,F,.,.,.,.,.,.,.,.,.,.,.,.,.,Ghassan,Antar,12602,
Fall2021-2022(202210),12600,PHYS,211,E3,Electricity&Magnetism,0,0,AS,24,1,1300,1350,PHYS,327,M,.,.,.,.,.,.,.,.,.,.,.,.,.,.,.,.,.,Ghassan,Antar,12602,
Fall2021-2022(202210),12601,PHYS,211,E4,Electricity&Magnetism,0,0,AS,24,1,1000,1050,PHYS,217,.,.,W,.,.,.,.,.,.,.,.,.,.,.,.,.,.,.,Ghassan,Antar,12602,
Fall2021-2022(202210),12602,PHYS,211,L1,Electricity&Magnetism,3,3,AS,94,6,1100,1150,BIOL,SLH,.,T,.,R,.,.,.,.,.,.,.,.,.,.,.,.,.,.,Ghassan,Antar,12598:or12599:or12600:or12601,
Fall2021-2022(202210),12603,PHYS,211L,B1,Electricity&MagnetismLab.,1,1,AS,14,0,1200,1359,PHYS,202,.,T,.,.,.,.,.,1400,1429,PHYS,219,.,T,.,.,.,.,.,Samih,Isber,,
Fall2021-2022(202210),12604,PHYS,211L,B2,Electricity&MagnetismLab.,1,1,AS,15,-1,1400,1559,PHYS,202,.,T,.,.,.,.,.,1600,1629,PHYS,219,.,T,.,.,.,.,.,Samih,Isber,,
Fall2021-2022(202210),12605,PHYS,211L,B3,Electricity&MagnetismLab.,1,1,AS,12,2,1200,1359,PHYS,202,.,.,W,.,.,.,.,1400,1429,PHYS,219,.,.,W,.,.,.,.,Samih,Isber,,
Fall2021-2022(202210),12606,PHYS,211L,B4,Electricity&MagnetismLab.,1,1,AS,13,1,1400,1559,PHYS,202,.,.,W,.,.,.,.,1600,1629,PHYS,219,.,.,W,.,.,.,.,Samih,Isber,,
Fall2021-2022(202210),12607,PHYS,211L,B5,Electricity&MagnetismLab.,1,1,AS,14,0,1200,1359,PHYS,202,.,.,.,R,.,.,.,1400,1429,PHYS,219,.,.,.,R,.,.,.,Samih,Isber,,
Fall2021-2022(202210),12608,PHYS,211L,B6,Electricity&MagnetismLab.,1,1,AS,14,0,1400,1559,PHYS,202,.,.,.,R,.,.,.,1600,1629,PHYS,219,.,.,.,R,.,.,.,Samih,Isber,,
Fall2021-2022(202210),12609,PHYS,212,1,ModernPhysics,3,3,AS,21,14,0900,0950,PHYS,215,M,.,W,.,F,.,.,.,.,.,.,.,.,.,.,.,.,.,Wafic,Sabra,,
Fall2021-2022(202210),12610,PHYS,216,1,Mathemat.MethodsforPhys.,3,3,AS,14,11,1230,1345,PHYS,217,.,T,.,R,.,.,.,.,.,.,.,.,.,.,.,.,.,.,Ali,Chamseddine,,
Fall2021-2022(202210),12611,PHYS,217,1,Mechanics,3,3,AS,14,11,1200,1250,PHYS,215,M,.,W,.,F,.,.,.,.,.,.,.,.,.,.,.,.,.,Wafic,Sabra,,
Fall2021-2022(202210),12612,PHYS,221L,B1,JuniorLaboratory,3,3,AS,14,0,1400,1700,PHYS,211,M,.,W,.,.,.,.,.,.,.,.,.,.,.,.,.,.,.,Theodore,Christidis,,
Fall2021-2022(202210),12613,PHYS,222,1,ComputationalPhysics,3,3,AS,12,13,0900,0950,PHYS,310,M,.,W,.,F,.,.,.,.,.,.,.,.,.,.,.,.,.,Sara,Najem,,
Fall2021-2022(202210),12614,PHYS,228,1,Electronics,3,3,AS,11,14,1100,1150,PHYS,329,M,.,W,.,F,.,.,.,.,.,.,.,.,.,.,.,.,.,Verjouhi,Bodakian,,
Fall2021-2022(202210),12615,PHYS,228L,B1,ElectronicsLaboratory,1,1,AS,11,1,1400,1559,PHYS,206,.,T,.,.,.,.,.,1600,1629,PHYS,206,.,T,.,.,.,.,.,Verjouhi,Bodakian,,
Fall2021-2022(202210),12616,PHYS,231J,1,ST.GeneralRelativity,3,3,AS,0,0,.,.,.,.,.,.,.,.,.,.,.,.,.,.,.,.,.,.,.,.,.,.,.,STAFF,,
Fall2021-2022(202210),12617,PHYS,235,1,StatisticalPhysics,3,3,AS,11,14,1000,1050,PHYS,333,M,.,W,.,F,.,.,.,.,.,.,.,.,.,.,.,.,.,Leonid,Klushin,,
Fall2021-2022(202210),12618,PHYS,237,1,Intr.toPlasmaPhysics,3,3,AS,6,4,0930,1045,PHYS,215,.,T,.,R,.,.,.,.,.,.,.,.,.,.,.,.,.,.,Ghassan,Antar,,
Fall2021-2022(202210),12619,PHYS,301,1,ClassicalMechanics,3,3,AS,3,12,0900,1015,PHYS,310,.,T,.,R,.,.,.,.,.,.,.,.,.,.,.,.,.,.,Jihad,Touma,,
Fall2021-2022(202210),12620,PHYS,303,1,ElectromagneticTheory,3,3,AS,3,12,1030,1145,PHYS,310,.,T,.,R,.,.,.,.,.,.,.,.,.,.,.,.,.,.,Ali,Chamseddine,,
Fall2021-2022(202210),13240,PHYS,307,1,Adv.Mathemat.MethodsofPhysic,3,3,AS,1,-1,.,.,.,.,.,.,.,.,.,.,.,.,.,.,.,.,.,.,.,.,.,.,Wafic,Sabra,,
Fall2021-2022(202210),12621,PHYS,310A,1,ComputationalPhysics,3,3,AS,4,11,0900,0950,PHYS,310,M,.,W,.,F,.,.,.,.,.,.,.,.,.,.,.,.,.,Sara,Najem,,
Fall2021-2022(202210),12622,PHYS,310R,1,ST.GeneralRelativity,3,3,AS,0,0,.,.,.,.,.,.,.,.,.,.,.,.,.,.,.,.,.,.,.,.,.,.,.,STAFF,,
Fall2021-2022(202210),13239,PHYS,310X,1,Sp.T:Adv.StatisticalMechanics,3,3,AS,5,2,1100,1150,PHYS,310,M,.,W,.,F,.,.,.,.,.,.,.,.,.,.,.,.,.,Leonid,Klushin,,
Fall2021-2022(202210),13283,PHYS,322,1,ThinFilmsPhysics,3,3,AS,0,0,.,.,.,.,.,.,.,.,.,.,.,.,.,.,.,.,.,.,.,.,.,.,.,STAFF,,
Fall2021-2022(202210),13336,PHYS,391AB,1,Tut.ThinFilmsPhysics,3,3,AS,1,0,.,.,.,.,.,.,.,.,.,.,.,.,.,.,.,.,.,.,.,.,.,.,Malek,Tabbal,,
Fall2021-2022(202210),13335,PHYS,391AC,1,Tut.PhysicsofActiveMatter,3,3,AS,1,0,.,.,.,.,.,.,.,.,.,.,.,.,.,.,.,.,.,.,.,.,.,.,Sara,Najem,,
Fall2021-2022(202210),13334,PHYS,391AD,1,Tut.(Exo)-PlanetaryPhysics,3,3,AS,1,0,.,.,.,.,.,.,.,.,.,.,.,.,.,.,.,.,.,.,.,.,.,.,Jihad,Touma,,
Fall2021-2022(202210),12623,PHYS,395A,1,ComprehensiveExam,0,0,AS,4,6,.,.,.,.,.,.,.,.,.,.,.,.,.,.,.,.,.,.,.,.,.,.,Jihad,Touma,,
Fall2021-2022(202210),12624,PHYS,399,1,M.S.Thesis,9,7.28,AS,0,5,.,.,.,.,.,.,.,.,.,.,.,.,.,.,.,.,.,.,.,.,.,.,Ghassan,Antar,,
Fall2021-2022(202210),12625,PHYS,399,10,M.S.Thesis,9,7.28,AS,0,5,.,.,.,.,.,.,.,.,.,.,.,.,.,.,.,.,.,.,.,.,.,.,Wafic,Sabra,,
Fall2021-2022(202210),12626,PHYS,399,11,M.S.Thesis,9,7.28,AS,1,4,.,.,.,.,.,.,.,.,.,.,.,.,.,.,.,.,.,.,.,.,.,.,Malek,Tabbal,,
Fall2021-2022(202210),12627,PHYS,399,12,M.S.Thesis,9,7.28,AS,0,5,.,.,.,.,.,.,.,.,.,.,.,.,.,.,.,.,.,.,.,.,.,.,Jihad,Touma,,
Fall2021-2022(202210),12629,PHYS,399,3,M.S.Thesis,9,7.28,AS,0,5,.,.,.,.,.,.,.,.,.,.,.,.,.,.,.,.,.,.,.,.,.,.,Ali,Chamseddine,,
Fall2021-2022(202210),12631,PHYS,399,5,M.S.Thesis,9,7.28,AS,1,4,.,.,.,.,.,.,.,.,.,.,.,.,.,.,.,.,.,.,.,.,.,.,Mohammad,Haidar,,
Fall2021-2022(202210),12632,PHYS,399,6,M.S.Thesis,9,7.28,AS,0,5,.,.,.,.,.,.,.,.,.,.,.,.,.,.,.,.,.,.,.,.,.,.,Samih,Isber,,
Fall2021-2022(202210),12633,PHYS,399,7,M.S.Thesis,9,7.28,AS,0,5,.,.,.,.,.,.,.,.,.,.,.,.,.,.,.,.,.,.,.,.,.,.,Michel,Kazan,,
Fall2021-2022(202210),12634,PHYS,399,8,M.S.Thesis,9,7.28,AS,0,5,.,.,.,.,.,.,.,.,.,.,.,.,.,.,.,.,.,.,.,.,.,.,Leonid,Klushin,,
Fall2021-2022(202210),12635,PHYS,399,9,M.S.Thesis,9,7.28,AS,0,5,.,.,.,.,.,.,.,.,.,.,.,.,.,.,.,.,.,.,.,.,.,.,Sara,Najem,,
Fall2021-2022(202210),12636,PHYS,399A,1,M.S.Thesis,9,0,AS,0,5,.,.,.,.,.,.,.,.,.,.,.,.,.,.,.,.,.,.,.,.,.,.,Ghassan,Antar,,
Fall2021-2022(202210),12637,PHYS,399A,10,M.S.Thesis,9,0,AS,0,5,.,.,.,.,.,.,.,.,.,.,.,.,.,.,.,.,.,.,.,.,.,.,Wafic,Sabra,,
Fall2021-2022(202210),12638,PHYS,399A,11,M.S.Thesis,9,0,AS,0,5,.,.,.,.,.,.,.,.,.,.,.,.,.,.,.,.,.,.,.,.,.,.,Malek,Tabbal,,
Fall2021-2022(202210),12639,PHYS,399A,12,M.S.Thesis,9,0,AS,1,4,.,.,.,.,.,.,.,.,.,.,.,.,.,.,.,.,.,.,.,.,.,.,Jihad,Touma,,
Fall2021-2022(202210),12641,PHYS,399A,3,M.S.Thesis,9,0,AS,0,5,.,.,.,.,.,.,.,.,.,.,.,.,.,.,.,.,.,.,.,.,.,.,Ali,Chamseddine,,
Fall2021-2022(202210),12643,PHYS,399A,5,M.S.Thesis,9,0,AS,0,5,.,.,.,.,.,.,.,.,.,.,.,.,.,.,.,.,.,.,.,.,.,.,Mohammad,Haidar,,
Fall2021-2022(202210),12644,PHYS,399A,6,M.S.Thesis,9,0,AS,0,5,.,.,.,.,.,.,.,.,.,.,.,.,.,.,.,.,.,.,.,.,.,.,Samih,Isber,,
Fall2021-2022(202210),12645,PHYS,399A,7,M.S.Thesis,9,0,AS,0,5,.,.,.,.,.,.,.,.,.,.,.,.,.,.,.,.,.,.,.,.,.,.,Michel,Kazan,,
Fall2021-2022(202210),12646,PHYS,399A,8,M.S.Thesis,9,0,AS,0,5,.,.,.,.,.,.,.,.,.,.,.,.,.,.,.,.,.,.,.,.,.,.,Leonid,Klushin,,
Fall2021-2022(202210),12647,PHYS,399A,9,M.S.Thesis,9,0,AS,0,5,.,.,.,.,.,.,.,.,.,.,.,.,.,.,.,.,.,.,.,.,.,.,Sara,Najem,,
Fall2021-2022(202210),12648,PHYS,399B,1,M.S.Thesis,9,0,AS,0,5,.,.,.,.,.,.,.,.,.,.,.,.,.,.,.,.,.,.,.,.,.,.,Ghassan,Antar,,
Fall2021-2022(202210),12649,PHYS,399B,10,M.S.Thesis,9,0,AS,0,5,.,.,.,.,.,.,.,.,.,.,.,.,.,.,.,.,.,.,.,.,.,.,Wafic,Sabra,,
Fall2021-2022(202210),12650,PHYS,399B,11,M.S.Thesis,9,0,AS,0,5,.,.,.,.,.,.,.,.,.,.,.,.,.,.,.,.,.,.,.,.,.,.,Malek,Tabbal,,
Fall2021-2022(202210),12651,PHYS,399B,12,M.S.Thesis,9,0,AS,0,5,.,.,.,.,.,.,.,.,.,.,.,.,.,.,.,.,.,.,.,.,.,.,Jihad,Touma,,
Fall2021-2022(202210),12653,PHYS,399B,3,M.S.Thesis,9,0,AS,0,5,.,.,.,.,.,.,.,.,.,.,.,.,.,.,.,.,.,.,.,.,.,.,Ali,Chamseddine,,
Fall2021-2022(202210),12655,PHYS,399B,5,M.S.Thesis,9,0,AS,0,5,.,.,.,.,.,.,.,.,.,.,.,.,.,.,.,.,.,.,.,.,.,.,Mohammad,Haidar,,
Fall2021-2022(202210),12656,PHYS,399B,6,M.S.Thesis,9,0,AS,0,5,.,.,.,.,.,.,.,.,.,.,.,.,.,.,.,.,.,.,.,.,.,.,Samih,Isber,,
Fall2021-2022(202210),12657,PHYS,399B,7,M.S.Thesis,9,0,AS,0,5,.,.,.,.,.,.,.,.,.,.,.,.,.,.,.,.,.,.,.,.,.,.,Michel,Kazan,,
Fall2021-2022(202210),12658,PHYS,399B,8,M.S.Thesis,9,0,AS,0,5,.,.,.,.,.,.,.,.,.,.,.,.,.,.,.,.,.,.,.,.,.,.,Leonid,Klushin,,
Fall2021-2022(202210),12659,PHYS,399B,9,M.S.Thesis,9,0,AS,0,5,.,.,.,.,.,.,.,.,.,.,.,.,.,.,.,.,.,.,.,.,.,.,Sara,Najem,,
Fall2021-2022(202210),12660,PHYS,399C,1,M.S.Thesis,9,0,AS,0,5,.,.,.,.,.,.,.,.,.,.,.,.,.,.,.,.,.,.,.,.,.,.,Ghassan,Antar,,
Fall2021-2022(202210),12661,PHYS,399C,10,M.S.Thesis,9,0,AS,0,5,.,.,.,.,.,.,.,.,.,.,.,.,.,.,.,.,.,.,.,.,.,.,Wafic,Sabra,,
Fall2021-2022(202210),12662,PHYS,399C,11,M.S.Thesis,9,0,AS,1,4,.,.,.,.,.,.,.,.,.,.,.,.,.,.,.,.,.,.,.,.,.,.,Malek,Tabbal,,
Fall2021-2022(202210),12663,PHYS,399C,12,M.S.Thesis,9,0,AS,0,5,.,.,.,.,.,.,.,.,.,.,.,.,.,.,.,.,.,.,.,.,.,.,Jihad,Touma,,
Fall2021-2022(202210),12665,PHYS,399C,3,M.S.Thesis,9,0,AS,0,5,.,.,.,.,.,.,.,.,.,.,.,.,.,.,.,.,.,.,.,.,.,.,Ali,Chamseddine,,
Fall2021-2022(202210),12667,PHYS,399C,5,M.S.Thesis,9,0,AS,0,5,.,.,.,.,.,.,.,.,.,.,.,.,.,.,.,.,.,.,.,.,.,.,Mohammad,Haidar,,
Fall2021-2022(202210),12668,PHYS,399C,6,M.S.Thesis,9,0,AS,0,5,.,.,.,.,.,.,.,.,.,.,.,.,.,.,.,.,.,.,.,.,.,.,Samih,Isber,,
Fall2021-2022(202210),12669,PHYS,399C,7,M.S.Thesis,9,0,AS,1,4,.,.,.,.,.,.,.,.,.,.,.,.,.,.,.,.,.,.,.,.,.,.,Michel,Kazan,,
Fall2021-2022(202210),12670,PHYS,399C,8,M.S.Thesis,9,0,AS,0,5,.,.,.,.,.,.,.,.,.,.,.,.,.,.,.,.,.,.,.,.,.,.,Leonid,Klushin,,
Fall2021-2022(202210),12671,PHYS,399C,9,M.S.Thesis,9,0,AS,0,5,.,.,.,.,.,.,.,.,.,.,.,.,.,.,.,.,.,.,.,.,.,.,Sara,Najem,,
Fall2021-2022(202210),12672,PHYS,480,1,QualifyingExamI:Compr.Exam,0,0,AS,1,4,.,.,.,.,.,.,.,.,.,.,.,.,.,.,.,.,.,.,.,.,.,.,Jihad,Touma,,
Fall2021-2022(202210),12673,PHYS,481,1,Qualif.ExamII:Def.ThesisProp,0,0,AS,0,5,.,.,.,.,.,.,.,.,.,.,.,.,.,.,.,.,.,.,.,.,.,.,Jihad,Touma,,
Fall2021-2022(202210),12674,PHYS,484,1,PhDThesis,30,30,AS,0,5,.,.,.,.,.,.,.,.,.,.,.,.,.,.,.,.,.,.,.,.,.,.,Ghassan,Antar,,
Fall2021-2022(202210),12675,PHYS,484,10,PhDThesis,30,30,AS,0,5,.,.,.,.,.,.,.,.,.,.,.,.,.,.,.,.,.,.,.,.,.,.,Wafic,Sabra,,
Fall2021-2022(202210),12676,PHYS,484,11,PhDThesis,30,30,AS,0,5,.,.,.,.,.,.,.,.,.,.,.,.,.,.,.,.,.,.,.,.,.,.,Malek,Tabbal,,
Fall2021-2022(202210),12677,PHYS,484,12,PhDThesis,30,30,AS,0,5,.,.,.,.,.,.,.,.,.,.,.,.,.,.,.,.,.,.,.,.,.,.,Jihad,Touma,,
Fall2021-2022(202210),12679,PHYS,484,3,PhDThesis,30,30,AS,0,5,.,.,.,.,.,.,.,.,.,.,.,.,.,.,.,.,.,.,.,.,.,.,Ali,Chamseddine,,
Fall2021-2022(202210),12681,PHYS,484,5,PhDThesis,30,30,AS,0,5,.,.,.,.,.,.,.,.,.,.,.,.,.,.,.,.,.,.,.,.,.,.,Mohammad,Haidar,,
Fall2021-2022(202210),12682,PHYS,484,6,PhDThesis,30,30,AS,0,5,.,.,.,.,.,.,.,.,.,.,.,.,.,.,.,.,.,.,.,.,.,.,Samih,Isber,,
Fall2021-2022(202210),12683,PHYS,484,7,PhDThesis,30,30,AS,0,5,.,.,.,.,.,.,.,.,.,.,.,.,.,.,.,.,.,.,.,.,.,.,Michel,Kazan,,
Fall2021-2022(202210),12684,PHYS,484,8,PhDThesis,30,30,AS,0,5,.,.,.,.,.,.,.,.,.,.,.,.,.,.,.,.,.,.,.,.,.,.,Leonid,Klushin,,
Fall2021-2022(202210),12685,PHYS,484,9,PhDThesis,30,30,AS,0,5,.,.,.,.,.,.,.,.,.,.,.,.,.,.,.,.,.,.,.,.,.,.,Sara,Najem,,
Fall2021-2022(202210),12686,PHYS,484A,1,PhDThesis,30,0,AS,0,5,.,.,.,.,.,.,.,.,.,.,.,.,.,.,.,.,.,.,.,.,.,.,Ghassan,Antar,,
Fall2021-2022(202210),12687,PHYS,484A,10,PhDThesis,30,0,AS,0,5,.,.,.,.,.,.,.,.,.,.,.,.,.,.,.,.,.,.,.,.,.,.,Wafic,Sabra,,
Fall2021-2022(202210),12688,PHYS,484A,11,PhDThesis,30,0,AS,0,5,.,.,.,.,.,.,.,.,.,.,.,.,.,.,.,.,.,.,.,.,.,.,Malek,Tabbal,,
Fall2021-2022(202210),12689,PHYS,484A,12,PhDThesis,30,0,AS,0,5,.,.,.,.,.,.,.,.,.,.,.,.,.,.,.,.,.,.,.,.,.,.,Jihad,Touma,,
Fall2021-2022(202210),12691,PHYS,484A,3,PhDThesis,30,0,AS,0,5,.,.,.,.,.,.,.,.,.,.,.,.,.,.,.,.,.,.,.,.,.,.,Ali,Chamseddine,,
Fall2021-2022(202210),12693,PHYS,484A,5,PhDThesis,30,0,AS,0,5,.,.,.,.,.,.,.,.,.,.,.,.,.,.,.,.,.,.,.,.,.,.,Mohammad,Haidar,,
Fall2021-2022(202210),12694,PHYS,484A,6,PhDThesis,30,0,AS,0,5,.,.,.,.,.,.,.,.,.,.,.,.,.,.,.,.,.,.,.,.,.,.,Samih,Isber,,
Fall2021-2022(202210),12695,PHYS,484A,7,PhDThesis,30,0,AS,0,5,.,.,.,.,.,.,.,.,.,.,.,.,.,.,.,.,.,.,.,.,.,.,Michel,Kazan,,
Fall2021-2022(202210),12696,PHYS,484A,8,PhDThesis,30,0,AS,0,5,.,.,.,.,.,.,.,.,.,.,.,.,.,.,.,.,.,.,.,.,.,.,Leonid,Klushin,,
Fall2021-2022(202210),12697,PHYS,484A,9,PhDThesis,30,0,AS,0,5,.,.,.,.,.,.,.,.,.,.,.,.,.,.,.,.,.,.,.,.,.,.,Sara,Najem,,
Fall2021-2022(202210),12698,PHYS,484B,1,PhDThesis,30,0,AS,0,5,.,.,.,.,.,.,.,.,.,.,.,.,.,.,.,.,.,.,.,.,.,.,Ghassan,Antar,,
Fall2021-2022(202210),12699,PHYS,484B,10,PhDThesis,30,0,AS,0,5,.,.,.,.,.,.,.,.,.,.,.,.,.,.,.,.,.,.,.,.,.,.,Wafic,Sabra,,
Fall2021-2022(202210),12700,PHYS,484B,11,PhDThesis,30,0,AS,0,5,.,.,.,.,.,.,.,.,.,.,.,.,.,.,.,.,.,.,.,.,.,.,Malek,Tabbal,,
Fall2021-2022(202210),12701,PHYS,484B,12,PhDThesis,30,0,AS,1,4,.,.,.,.,.,.,.,.,.,.,.,.,.,.,.,.,.,.,.,.,.,.,Jihad,Touma,,
Fall2021-2022(202210),12703,PHYS,484B,3,PhDThesis,30,0,AS,0,5,.,.,.,.,.,.,.,.,.,.,.,.,.,.,.,.,.,.,.,.,.,.,Ali,Chamseddine,,
Fall2021-2022(202210),12705,PHYS,484B,5,PhDThesis,30,0,AS,0,5,.,.,.,.,.,.,.,.,.,.,.,.,.,.,.,.,.,.,.,.,.,.,Mohammad,Haidar,,
Fall2021-2022(202210),12706,PHYS,484B,6,PhDThesis,30,0,AS,0,5,.,.,.,.,.,.,.,.,.,.,.,.,.,.,.,.,.,.,.,.,.,.,Samih,Isber,,
Fall2021-2022(202210),12707,PHYS,484B,7,PhDThesis,30,0,AS,0,5,.,.,.,.,.,.,.,.,.,.,.,.,.,.,.,.,.,.,.,.,.,.,Michel,Kazan,,
Fall2021-2022(202210),12708,PHYS,484B,8,PhDThesis,30,0,AS,0,5,.,.,.,.,.,.,.,.,.,.,.,.,.,.,.,.,.,.,.,.,.,.,Leonid,Klushin,,
Fall2021-2022(202210),12709,PHYS,484B,9,PhDThesis,30,0,AS,0,5,.,.,.,.,.,.,.,.,.,.,.,.,.,.,.,.,.,.,.,.,.,.,Sara,Najem,,
Fall2021-2022(202210),12710,PHYS,484C,1,PhDThesis,30,0,AS,0,3,.,.,.,.,.,.,.,.,.,.,.,.,.,.,.,.,.,.,.,.,.,.,Ghassan,Antar,,
Fall2021-2022(202210),12711,PHYS,484C,10,PhDThesis,30,0,AS,0,3,.,.,.,.,.,.,.,.,.,.,.,.,.,.,.,.,.,.,.,.,.,.,Wafic,Sabra,,
Fall2021-2022(202210),12712,PHYS,484C,11,PhDThesis,30,0,AS,0,3,.,.,.,.,.,.,.,.,.,.,.,.,.,.,.,.,.,.,.,.,.,.,Malek,Tabbal,,
Fall2021-2022(202210),12713,PHYS,484C,12,PhDThesis,30,0,AS,0,3,.,.,.,.,.,.,.,.,.,.,.,.,.,.,.,.,.,.,.,.,.,.,Jihad,Touma,,
Fall2021-2022(202210),12715,PHYS,484C,3,PhDThesis,30,0,AS,0,3,.,.,.,.,.,.,.,.,.,.,.,.,.,.,.,.,.,.,.,.,.,.,Ali,Chamseddine,,
Fall2021-2022(202210),12717,PHYS,484C,5,PhDThesis,30,0,AS,0,3,.,.,.,.,.,.,.,.,.,.,.,.,.,.,.,.,.,.,.,.,.,.,Mohammad,Haidar,,
Fall2021-2022(202210),12718,PHYS,484C,6,PhDThesis,30,0,AS,0,3,.,.,.,.,.,.,.,.,.,.,.,.,.,.,.,.,.,.,.,.,.,.,Samih,Isber,,
Fall2021-2022(202210),12719,PHYS,484C,7,PhDThesis,30,0,AS,0,3,.,.,.,.,.,.,.,.,.,.,.,.,.,.,.,.,.,.,.,.,.,.,Michel,Kazan,,
Fall2021-2022(202210),12720,PHYS,484C,8,PhDThesis,30,0,AS,0,3,.,.,.,.,.,.,.,.,.,.,.,.,.,.,.,.,.,.,.,.,.,.,Leonid,Klushin,,
Fall2021-2022(202210),12721,PHYS,484C,9,PhDThesis,30,0,AS,0,3,.,.,.,.,.,.,.,.,.,.,.,.,.,.,.,.,.,.,.,.,.,.,Sara,Najem,,
Fall2021-2022(202210),12722,PPIA,301,1,PublicPolicy,3,3,AS,24,-9,1500,1730,ISSAM,302,.,T,.,.,.,.,.,.,.,.,.,.,.,.,.,.,.,.,Charbel,Nahas,,
Fall2021-2022(202210),12723,PPIA,302,1,InternationalAffairs,3,3,AS,19,-4,1530,1759,NICELY,101,.,.,W,.,.,.,.,.,.,.,.,.,.,.,.,.,.,.,Nikolas,Kosmatopoulos,,
Fall2021-2022(202210),13247,PPIA,310D,1,ST:PublPol:MiddleEastCases,3,3,AS,7,-2,1530,1800,NICELY,321,.,T,.,.,.,.,.,.,.,.,.,.,.,.,.,.,.,.,Mahmoud,YoussefHaidar,,
Fall2021-2022(202210),12724,PPIA,311G,1,ST:UN&InternationalPolitics,3,3,AS,9,-4,1500,1730,ISSAM,102,.,.,.,R,.,.,.,.,.,.,.,.,.,.,.,.,.,.,Karim,Makdisi,,
Fall2021-2022(202210),12725,PPIA,311K,1,ST:HumanitarianAidinLebanon,3,3,AS,0,0,.,.,.,.,.,.,.,.,.,.,.,.,.,.,.,.,.,.,.,.,.,.,.,STAFF,,
Fall2021-2022(202210),13231,PPIA,311M,1,ST.EastMedGasGeopoliticsPol,3,3,AS,13,2,1500,1730,NICELY,209,M,.,.,.,.,.,.,.,.,.,.,.,.,.,.,.,.,.,Laurie,Haytayan,,
Fall2021-2022(202210),12726,PPIA,311N,1,ST.InternationalLaw&Security,3,3,AS,0,0,.,.,.,.,.,.,.,.,.,.,.,.,.,.,.,.,.,.,.,.,.,.,.,STAFF,,
Fall2021-2022(202210),12727,PPIA,395A,1,ComprehensiveExam,0,0,AS,6,-1,.,.,.,.,.,.,.,.,.,.,.,.,.,.,.,.,.,.,.,.,.,.,Karim,Makdisi,,
Fall2021-2022(202210),12728,PPIA,397,1,Internship,3,3,AS,1,4,.,.,.,.,.,.,.,.,.,.,.,.,.,.,.,.,.,.,.,.,.,.,Karim,Makdisi,,
Fall2021-2022(202210),12729,PPIA,398,1,Project,3,3,AS,2,3,.,.,.,.,.,.,.,.,.,.,.,.,.,.,.,.,.,.,.,.,.,.,Tariq,Tell,,
Fall2021-2022(202210),12730,PPIA,398,2,Project,3,3,AS,1,4,.,.,.,.,.,.,.,.,.,.,.,.,.,.,.,.,.,.,.,.,.,.,Nikolas,Kosmatopoulos,,
Fall2021-2022(202210),12731,PPIA,398,3,Project,3,3,AS,1,4,.,.,.,.,.,.,.,.,.,.,.,.,.,.,.,.,.,.,.,.,.,.,Ohannes,Geukjian,,
Fall2021-2022(202210),12732,PPIA,398,4,Project,3,3,AS,0,5,.,.,.,.,.,.,.,.,.,.,.,.,.,.,.,.,.,.,.,.,.,.,Karim,Makdisi,,
Fall2021-2022(202210),13064,PPIA,398,5,Project,3,3,AS,0,5,.,.,.,.,.,.,.,.,.,.,.,.,.,.,.,.,.,.,.,.,.,.,Rabih,Shibli,,
Fall2021-2022(202210),13392,PPIA,398,6,Project,3,3,AS,1,4,.,.,.,.,.,.,.,.,.,.,.,.,.,.,.,.,.,.,.,.,.,.,Jamil,Mouawad,,
Fall2021-2022(202210),13271,PPIA,398A,1,Project,3,0,AS,1,4,.,.,.,.,.,.,.,.,.,.,.,.,.,.,.,.,.,.,.,.,.,.,Karim,Makdisi,,
Fall2021-2022(202210),13295,PPIA,398A,2,Project,3,0,AS,1,4,.,.,.,.,.,.,.,.,.,.,.,.,.,.,.,.,.,.,.,.,.,.,Rabih,Shibli,,
Fall2021-2022(202210),12733,PPIA,399,1,Thesis,6,7.2,AS,0,5,.,.,.,.,.,.,.,.,.,.,.,.,.,.,.,.,.,.,.,.,.,.,Tariq,Tell,,
Fall2021-2022(202210),12734,PPIA,399,2,Thesis,6,7.2,AS,0,5,.,.,.,.,.,.,.,.,.,.,.,.,.,.,.,.,.,.,.,.,.,.,Karim,Makdisi,,
Fall2021-2022(202210),12735,PPIA,399,3,Thesis,6,7.2,AS,1,4,.,.,.,.,.,.,.,.,.,.,.,.,.,.,.,.,.,.,.,.,.,.,Nikolas,Kosmatopoulos,,
Fall2021-2022(202210),13324,PPIA,399,4,Thesis,6,7.2,AS,1,4,.,.,.,.,.,.,.,.,.,.,.,.,.,.,.,.,.,.,.,.,.,.,Ohannes,Geukjian,,
Fall2021-2022(202210),13397,PPIA,399,5,Thesis,6,7.2,AS,0,5,.,.,.,.,.,.,.,.,.,.,.,.,.,.,.,.,.,.,.,.,.,.,Carmen,Geha,,
Fall2021-2022(202210),13463,PPIA,399,6,Thesis,6,7.2,AS,0,5,.,.,.,.,.,.,.,.,.,.,.,.,.,.,.,.,.,.,.,.,.,.,Coralie,Hindawi,,
Fall2021-2022(202210),12739,PPIA,399A,1,Thesis,6,0,AS,0,5,.,.,.,.,.,.,.,.,.,.,.,.,.,.,.,.,.,.,.,.,.,.,Karim,Makdisi,,
Fall2021-2022(202210),12740,PPIA,399A,2,Thesis,6,0,AS,0,5,.,.,.,.,.,.,.,.,.,.,.,.,.,.,.,.,.,.,.,.,.,.,Charlotte,Karam,,
Fall2021-2022(202210),12741,PPIA,399A,3,Thesis,6,0,AS,0,5,.,.,.,.,.,.,.,.,.,.,.,.,.,.,.,.,.,.,.,.,.,.,Tariq,Tell,,
Fall2021-2022(202210),12742,PPIA,399A,4,Thesis,6,0,AS,0,5,.,.,.,.,.,.,.,.,.,.,.,.,.,.,.,.,.,.,.,.,.,.,.,STAFF,,
Fall2021-2022(202210),13115,PPIA,399A,5,Thesis,6,0,AS,1,4,.,.,.,.,.,.,.,.,.,.,.,.,.,.,.,.,.,.,.,.,.,.,Giuliano,Martiniello,,
Fall2021-2022(202210),13325,PPIA,399A,6,Thesis,6,0,AS,1,4,.,.,.,.,.,.,.,.,.,.,.,.,.,.,.,.,.,.,.,.,.,.,Hiba,Khodr,,
Fall2021-2022(202210),13470,PPIA,399A,7,Thesis,6,0,AS,0,5,.,.,.,.,.,.,.,.,.,.,.,.,.,.,.,.,.,.,.,.,.,.,Nikolas,Kosmatopoulos,,
Fall2021-2022(202210),13465,PPIA,399B,1,Thesis,6,1,AS,1,4,.,.,.,.,.,.,.,.,.,.,.,.,.,.,.,.,.,.,.,.,.,.,Coralie,Hindawi,,
Fall2021-2022(202210),12743,PSPA,101,1,IssuesinContemporaryPolitic,3,3,AS,28,2,0900,0950,NICELY,320,M,.,W,.,F,.,.,.,.,.,.,.,.,.,.,.,.,.,Ghada,Awada,,
Fall2021-2022(202210),12744,PSPA,201,1,IntrotoPoliticalScience,3,3,AS,25,0,0800,0850,NICELY,410,M,.,W,.,F,.,.,.,.,.,.,.,.,.,.,.,.,.,Vera,Choulhadjian,,
Fall2021-2022(202210),12745,PSPA,201,2,IntrotoPoliticalScience,3,3,AS,24,1,1100,1215,NICELY,417,.,T,.,R,.,.,.,.,.,.,.,.,.,.,.,.,.,.,Rand,Al-Maleh,,
Fall2021-2022(202210),12746,PSPA,201,3,IntrotoPoliticalScience,3,3,AS,24,1,0900,0950,NICELY,410,M,.,W,.,F,.,.,.,.,.,.,.,.,.,.,.,.,.,Vera,Choulhadjian,,
Fall2021-2022(202210),12747,PSPA,201,4,IntrotoPoliticalScience,3,3,AS,32,-2,1300,1350,NICELY,416,M,.,W,.,F,.,.,.,.,.,.,.,.,.,.,.,.,.,Vera,Choulhadjian,,
Fall2021-2022(202210),12749,PSPA,202,1,IntrotoPublicAdministration,3,3,AS,28,-3,1000,1050,NICELY,411,M,.,W,.,F,.,.,.,.,.,.,.,.,.,.,.,.,.,Melissa,Ajamian,,
Fall2021-2022(202210),12751,PSPA,202,3,IntrotoPublicAdministration,3,3,AS,26,-1,0800,0850,NICELY,324,M,.,W,.,F,.,.,.,.,.,.,.,.,.,.,.,.,.,Rima,Shaar,,
Fall2021-2022(202210),12753,PSPA,203,2,ResearchMethods,3,3,AS,31,-6,1400,1515,NICELY,206,.,T,.,R,.,.,.,.,.,.,.,.,.,.,.,.,.,.,Michel,Douaihy,,
Fall2021-2022(202210),12754,PSPA,210,1,Intr.toPoliticalThought,3,3,AS,31,-1,1400,1515,NICELY,103,.,T,.,R,.,.,.,.,.,.,.,.,.,.,.,.,.,.,Samer,Frangie,,
Fall2021-2022(202210),12755,PSPA,210,2,Intr.toPoliticalThought,3,3,AS,32,-2,1700,1815,NICELY,414,.,T,.,R,.,.,.,.,.,.,.,.,.,.,.,.,.,.,Rand,Al-Maleh,,
Fall2021-2022(202210),12756,PSPA,211,1,Intr.toComparativePolitics,3,3,AS,0,0,.,.,.,.,.,.,.,.,.,.,.,.,.,.,.,.,.,.,.,.,.,.,.,STAFF,,
Fall2021-2022(202210),12757,PSPA,211,2,Intr.toComparativePolitics,3,3,AS,23,7,1230,1345,NICELY,211,.,T,.,R,.,.,.,.,.,.,.,.,.,.,.,.,.,.,Tariq,Tell,,
Fall2021-2022(202210),12758,PSPA,212,1,Contem.TrendsinPubl.Adm&Mngt,3,3,AS,13,17,0800,0850,NICELY,318,M,.,W,.,F,.,.,.,.,.,.,.,.,.,.,.,.,.,Samer,Hankir,,
Fall2021-2022(202210),12759,PSPA,213,1,Intr.toInternationalPol.,3,3,AS,0,0,.,.,.,.,.,.,.,.,.,.,.,.,.,.,.,.,.,.,.,.,.,.,.,STAFF,,
Fall2021-2022(202210),12760,PSPA,213,2,Intr.toInternationalPol.,3,3,AS,25,5,1100,1150,NICELY,410,M,.,W,.,F,.,.,.,.,.,.,.,.,.,.,.,.,.,Dima,Smaira,,
Fall2021-2022(202210),12761,PSPA,219,1,ArabPolitic.Thought&Ideolog,3,3,AS,16,14,1400,1515,NICELY,214,M,.,W,.,.,.,.,.,.,.,.,.,.,.,.,.,.,.,Rand,Al-Maleh,,
Fall2021-2022(202210),12762,PSPA,221,1,Theories&Hist.oftheState,3,3,AS,18,12,1530,1645,NICELY,211,.,T,.,R,.,.,.,.,.,.,.,.,.,.,.,.,.,.,Tariq,Tell,,
Fall2021-2022(202210),12763,PSPA,222,1,Democr:CivicEngag.&Leadership,3,3,AS,27,-2,1530,1645,NICELY,406,.,T,.,R,.,.,.,.,.,.,.,.,.,.,.,.,.,.,Zeina,Mohanna,,
Fall2021-2022(202210),12764,PSPA,223,1,ConstitutionalLaw,3,3,AS,22,3,1700,1815,NICELY,412,.,T,.,R,.,.,.,.,.,.,.,.,.,.,.,.,.,.,RabihC,Maalouf,,
Fall2021-2022(202210),12765,PSPA,225,1,PublicInternationalLaw,3,3,AS,27,-2,1400,1450,NICELY,417,M,.,W,.,F,.,.,.,.,.,.,.,.,.,.,.,.,.,Dima,Smaira,,
Fall2021-2022(202210),12766,PSPA,232,1,Conflict&ConflictRegulation,3,3,AS,25,0,1000,1050,NICELY,414,M,.,W,.,F,.,.,.,.,.,.,.,.,.,.,.,.,.,Ohannes,Geukjian,,
Fall2021-2022(202210),12767,PSPA,235,1,HumanRightsandInt'lPolit.,3,3,AS,26,-1,1700,1815,NICELY,108,.,T,.,R,.,.,.,.,.,.,.,.,.,.,.,.,.,.,Zeina,Mohanna,,
Fall2021-2022(202210),12768,PSPA,236,1,TheArab-IsraeliConflict,3,3,AS,17,8,1400,1515,NICELY,415,.,T,.,R,.,.,.,.,.,.,.,.,.,.,.,.,.,.,Hilal,Khashan,,
Fall2021-2022(202210),12769,PSPA,238,1,Internat'lPoliticalEconomy,3,3,AS,16,9,0800,0915,NICELY,324,.,T,.,R,.,.,.,.,.,.,.,.,.,.,.,.,.,.,MohamadHussein,Mansour,,
Fall2021-2022(202210),12770,PSPA,253,1,Politics&Govern:MiddleEast,3,3,AS,17,8,1400,1515,NICELY,212,.,T,.,R,.,.,.,.,.,.,.,.,.,.,.,.,.,.,Jamil,Mouawad,,
Fall2021-2022(202210),12771,PSPA,256,1,PoliticsinLebanon,3,3,AS,20,5,0930,1045,NICELY,206,.,T,.,R,.,.,.,.,.,.,.,.,.,.,.,.,.,.,Jamil,Mouawad,,
Fall2021-2022(202210),12772,PSPA,256,2,PoliticsinLebanon,3,3,AS,9,16,1830,2059,NICELY,206,M,.,.,.,.,.,.,.,.,.,.,.,.,.,.,.,.,.,Jamil,Mouawad,,
Fall2021-2022(202210),12773,PSPA,258,1,ComparativePublicAdminstrat.,3,3,AS,9,16,1700,1815,NICELY,411,.,T,.,R,.,.,.,.,.,.,.,.,.,.,.,.,.,.,Samer,Hankir,,
Fall2021-2022(202210),12774,PSPA,263,1,Publ.Policy&LegalFramework,3,3,AS,0,0,.,.,.,.,.,.,.,.,.,.,.,.,.,.,.,.,.,.,.,.,.,.,.,STAFF,,
Fall2021-2022(202210),12775,PSPA,272,1,TheNon-ProfitSector,3,3,AS,26,-1,1100,1215,NICELY,103,.,T,.,R,.,.,.,.,.,.,.,.,.,.,.,.,.,.,Tania,Haddad,,
Fall2021-2022(202210),12776,PSPA,273,1,HR&PersonnelAdministration,3,3,AS,30,-5,1230,1345,NICELY,212,.,T,.,R,.,.,.,.,.,.,.,.,.,.,.,.,.,.,Tania,Haddad,,
Fall2021-2022(202210),12777,PSPA,276,1,PublicPolicy,3,3,AS,24,1,1100,1215,NICELY,318,.,T,.,R,.,.,.,.,.,.,.,.,.,.,.,.,.,.,Mahmoud,YoussefHaidar,,
Fall2021-2022(202210),12778,PSPA,277,1,PublicBudgeting,3,3,AS,17,8,0800,0915,NICELY,321,.,T,.,R,.,.,.,.,.,.,.,.,.,.,.,.,.,.,Rima,Shaar,,
Fall2021-2022(202210),13061,PSPA,289X,1,ST.CurrntGenderIssuesinMENA,3,3,AS,28,-3,1100,1215,NICELY,210,.,T,.,R,.,.,.,.,.,.,.,.,.,.,.,.,.,.,Lina,AbouHabib,,
Fall2021-2022(202210),13253,PSPA,289Y,1,ST.Pub.PolicyMiddleEastCases,3,3,AS,1,9,1530,1800,NICELY,321,.,T,.,.,.,.,.,.,.,.,.,.,.,.,.,.,.,.,Mahmoud,YoussefHaidar,,
Fall2021-2022(202210),12781,PSPA,293N,1,Sn.Sm.ThePoliticsoftheSeas,3,3,AS,11,14,0930,1045,NICELY,321,.,T,.,R,.,.,.,.,.,.,.,.,.,.,.,.,.,.,Nikolas,Kosmatopoulos,,
Fall2021-2022(202210),13270,PSPA,297,1,SrSeminarinOrganizationTh.,3,3,AS,15,0,1530,1800,NICELY,318,M,.,.,.,.,.,.,.,.,.,.,.,.,.,.,.,.,.,Samer,Hankir,,
Fall2021-2022(202210),12782,PSPA,298,1,Sen.Sem.Publ.Policy&Publ.Admi,3,3,AS,0,0,.,.,.,.,.,.,.,.,.,.,.,.,.,.,.,.,.,.,.,.,.,.,.,STAFF,,
Fall2021-2022(202210),12783,PSPA,299,1,InternshipProgram,3,3,AS,13,2,.,.,.,.,.,.,.,.,.,.,.,.,.,.,.,.,.,.,.,.,.,.,Zeinab,Mirza,,
Fall2021-2022(202210),12784,PSPA,300,1,Methodology&ResearchDesign,3,3,AS,9,6,1530,1759,JESUP,207,M,.,.,.,.,.,.,.,.,.,.,.,.,.,.,.,.,.,Jamil,Mouawad,,
Fall2021-2022(202210),12785,PSPA,301,1,PoliticalTheory,3,3,AS,5,10,1530,1759,NICELY,214,.,T,.,.,.,.,.,.,.,.,.,.,.,.,.,.,.,.,Samer,Frangie,,
Fall2021-2022(202210),12786,PSPA,312,1,InternationalLaw&Security,3,3,AS,0,0,.,.,.,.,.,.,.,.,.,.,.,.,.,.,.,.,.,.,.,.,.,.,.,STAFF,,
Fall2021-2022(202210),12787,PSPA,314,1,TheUN&InternationalPolit.,3,3,AS,9,1,1500,1730,ISSAM,102,.,.,.,R,.,.,.,.,.,.,.,.,.,.,.,.,.,.,Karim,Makdisi,,
Fall2021-2022(202210),12788,PSPA,320,1,TheoriesofComparativePolit.,3,3,AS,5,10,1530,1759,NICELY,209,.,.,.,R,.,.,.,.,.,.,.,.,.,.,.,.,.,.,Hilal,Khashan,,
Fall2021-2022(202210),12790,PSPA,395A,1,ComprehensiveExam,0,0,AS,7,-2,.,.,.,.,.,.,.,.,.,.,.,.,.,.,.,.,.,.,.,.,.,.,Ohannes,Geukjian,,
Fall2021-2022(202210),12791,PSPA,399,1,M.A.Thesis,6,7.2,AS,0,5,.,.,.,.,.,.,.,.,.,.,.,.,.,.,.,.,.,.,.,.,.,.,DanyelTobias,Reiche,,
Fall2021-2022(202210),12792,PSPA,399,10,M.A.Thesis,6,7.2,AS,1,4,.,.,.,.,.,.,.,.,.,.,.,.,.,.,.,.,.,.,.,.,.,.,Ohannes,Geukjian,,
Fall2021-2022(202210),12793,PSPA,399,12,M.A.Thesis,6,7.2,AS,0,5,.,.,.,.,.,.,.,.,.,.,.,.,.,.,.,.,.,.,.,.,.,.,Eric,Goodfield,,
Fall2021-2022(202210),12794,PSPA,399,2,M.A.Thesis,6,7.2,AS,0,5,.,.,.,.,.,.,.,.,.,.,.,.,.,.,.,.,.,.,.,.,.,.,Coralie,Hindawi,,
Fall2021-2022(202210),12795,PSPA,399,3,M.A.Thesis,6,7.2,AS,0,5,.,.,.,.,.,.,.,.,.,.,.,.,.,.,.,.,.,.,.,.,.,.,Samer,Frangie,,
Fall2021-2022(202210),12796,PSPA,399,4,M.A.Thesis,6,7.2,AS,2,3,.,.,.,.,.,.,.,.,.,.,.,.,.,.,.,.,.,.,.,.,.,.,Tania,Haddad,,
Fall2021-2022(202210),12797,PSPA,399,5,M.A.Thesis,6,7.2,AS,0,5,.,.,.,.,.,.,.,.,.,.,.,.,.,.,.,.,.,.,.,.,.,.,Tariq,Tell,,
Fall2021-2022(202210),12798,PSPA,399,6,M.A.Thesis,6,7.2,AS,0,5,.,.,.,.,.,.,.,.,.,.,.,.,.,.,.,.,.,.,.,.,.,.,Carmen,Geha,,
Fall2021-2022(202210),12799,PSPA,399,7,M.A.Thesis,6,7.2,AS,0,5,.,.,.,.,.,.,.,.,.,.,.,.,.,.,.,.,.,.,.,.,.,.,Hilal,Khashan,,
Fall2021-2022(202210),12800,PSPA,399,8,M.A.Thesis,6,7.2,AS,0,5,.,.,.,.,.,.,.,.,.,.,.,.,.,.,.,.,.,.,.,.,.,.,Hiba,Khodr,,
Fall2021-2022(202210),12801,PSPA,399,9,M.A.Thesis,6,7.2,AS,1,4,.,.,.,.,.,.,.,.,.,.,.,.,.,.,.,.,.,.,.,.,.,.,Karim,Makdisi,,
Fall2021-2022(202210),12802,PSPA,399A,1,M.A.Thesis,6,0,AS,1,4,.,.,.,.,.,.,.,.,.,.,.,.,.,.,.,.,.,.,.,.,.,.,Tania,Haddad,,
Fall2021-2022(202210),12803,PSPA,399A,10,M.A.Thesis,6,0,AS,1,4,.,.,.,.,.,.,.,.,.,.,.,.,.,.,.,.,.,.,.,.,.,.,Ohannes,Geukjian,,
Fall2021-2022(202210),12804,PSPA,399A,12,M.A.Thesis,6,0,AS,0,5,.,.,.,.,.,.,.,.,.,.,.,.,.,.,.,.,.,.,.,.,.,.,Eric,Goodfield,,
Fall2021-2022(202210),12805,PSPA,399A,2,M.A.Thesis,6,0,AS,0,5,.,.,.,.,.,.,.,.,.,.,.,.,.,.,.,.,.,.,.,.,.,.,Tariq,Tell,,
Fall2021-2022(202210),12806,PSPA,399A,3,M.A.Thesis,6,0,AS,1,4,.,.,.,.,.,.,.,.,.,.,.,.,.,.,.,.,.,.,.,.,.,.,Hilal,Khashan,,
Fall2021-2022(202210),12807,PSPA,399A,4,M.A.Thesis,6,0,AS,0,5,.,.,.,.,.,.,.,.,.,.,.,.,.,.,.,.,.,.,.,.,.,.,Hiba,Khodr,,
Fall2021-2022(202210),12808,PSPA,399A,5,M.A.Thesis,6,0,AS,0,5,.,.,.,.,.,.,.,.,.,.,.,.,.,.,.,.,.,.,.,.,.,.,Karim,Makdisi,,
Fall2021-2022(202210),12809,PSPA,399A,6,M.A.Thesis,6,0,AS,0,5,.,.,.,.,.,.,.,.,.,.,.,.,.,.,.,.,.,.,.,.,.,.,DanyelTobias,Reiche,,
Fall2021-2022(202210),12810,PSPA,399A,7,M.A.Thesis,6,0,AS,0,5,.,.,.,.,.,.,.,.,.,.,.,.,.,.,.,.,.,.,.,.,.,.,Coralie,Hindawi,,
Fall2021-2022(202210),12811,PSPA,399A,8,M.A.Thesis,6,0,AS,0,5,.,.,.,.,.,.,.,.,.,.,.,.,.,.,.,.,.,.,.,.,.,.,Samer,Frangie,,
Fall2021-2022(202210),12812,PSPA,399A,9,M.A.Thesis,6,0,AS,1,4,.,.,.,.,.,.,.,.,.,.,.,.,.,.,.,.,.,.,.,.,.,.,Carmen,Geha,,
Fall2021-2022(202210),12813,PSPA,399B,1,M.A.Thesis,6,0,AS,0,5,.,.,.,.,.,.,.,.,.,.,.,.,.,.,.,.,.,.,.,.,.,.,Tania,Haddad,,
Fall2021-2022(202210),12814,PSPA,399B,10,M.A.Thesis,6,0,AS,0,5,.,.,.,.,.,.,.,.,.,.,.,.,.,.,.,.,.,.,.,.,.,.,Ohannes,Geukjian,,
Fall2021-2022(202210),12815,PSPA,399B,12,M.A.Thesis,6,0,AS,0,5,.,.,.,.,.,.,.,.,.,.,.,.,.,.,.,.,.,.,.,.,.,.,Eric,Goodfield,,
Fall2021-2022(202210),12816,PSPA,399B,2,M.A.Thesis,6,0,AS,0,5,.,.,.,.,.,.,.,.,.,.,.,.,.,.,.,.,.,.,.,.,.,.,Tariq,Tell,,
Fall2021-2022(202210),12817,PSPA,399B,3,M.A.Thesis,6,0,AS,0,5,.,.,.,.,.,.,.,.,.,.,.,.,.,.,.,.,.,.,.,.,.,.,Hilal,Khashan,,
Fall2021-2022(202210),12818,PSPA,399B,4,M.A.Thesis,6,0,AS,0,5,.,.,.,.,.,.,.,.,.,.,.,.,.,.,.,.,.,.,.,.,.,.,Hiba,Khodr,,
Fall2021-2022(202210),12819,PSPA,399B,5,M.A.Thesis,6,0,AS,0,5,.,.,.,.,.,.,.,.,.,.,.,.,.,.,.,.,.,.,.,.,.,.,Karim,Makdisi,,
Fall2021-2022(202210),12821,PSPA,399B,7,M.A.Thesis,6,0,AS,0,5,.,.,.,.,.,.,.,.,.,.,.,.,.,.,.,.,.,.,.,.,.,.,Coralie,Hindawi,,
Fall2021-2022(202210),12822,PSPA,399B,8,M.A.Thesis,6,0,AS,0,5,.,.,.,.,.,.,.,.,.,.,.,.,.,.,.,.,.,.,.,.,.,.,Samer,Frangie,,
Fall2021-2022(202210),12823,PSPA,399B,9,M.A.Thesis,6,0,AS,0,5,.,.,.,.,.,.,.,.,.,.,.,.,.,.,.,.,.,.,.,.,.,.,Carmen,Geha,,
Fall2021-2022(202210),12824,PSPA,399C,1,M.A.Thesis,6,0,AS,0,5,.,.,.,.,.,.,.,.,.,.,.,.,.,.,.,.,.,.,.,.,.,.,Tania,Haddad,,
Fall2021-2022(202210),12825,PSPA,399C,10,M.A.Thesis,6,0,AS,0,5,.,.,.,.,.,.,.,.,.,.,.,.,.,.,.,.,.,.,.,.,.,.,Ohannes,Geukjian,,
Fall2021-2022(202210),12826,PSPA,399C,12,M.A.Thesis,6,0,AS,0,5,.,.,.,.,.,.,.,.,.,.,.,.,.,.,.,.,.,.,.,.,.,.,Eric,Goodfield,,
Fall2021-2022(202210),12827,PSPA,399C,2,M.A.Thesis,6,0,AS,0,5,.,.,.,.,.,.,.,.,.,.,.,.,.,.,.,.,.,.,.,.,.,.,Tariq,Tell,,
Fall2021-2022(202210),12828,PSPA,399C,3,M.A.Thesis,6,0,AS,0,5,.,.,.,.,.,.,.,.,.,.,.,.,.,.,.,.,.,.,.,.,.,.,Hilal,Khashan,,
Fall2021-2022(202210),12829,PSPA,399C,4,M.A.Thesis,6,0,AS,0,5,.,.,.,.,.,.,.,.,.,.,.,.,.,.,.,.,.,.,.,.,.,.,Hiba,Khodr,,
Fall2021-2022(202210),12830,PSPA,399C,5,M.A.Thesis,6,0,AS,0,5,.,.,.,.,.,.,.,.,.,.,.,.,.,.,.,.,.,.,.,.,.,.,DanyelTobias,Reiche,,
Fall2021-2022(202210),12831,PSPA,399C,6,M.A.Thesis,6,0,AS,0,5,.,.,.,.,.,.,.,.,.,.,.,.,.,.,.,.,.,.,.,.,.,.,Karim,Makdisi,,
Fall2021-2022(202210),12832,PSPA,399C,7,M.A.Thesis,6,0,AS,0,5,.,.,.,.,.,.,.,.,.,.,.,.,.,.,.,.,.,.,.,.,.,.,Coralie,Hindawi,,
Fall2021-2022(202210),12833,PSPA,399C,8,M.A.Thesis,6,0,AS,0,5,.,.,.,.,.,.,.,.,.,.,.,.,.,.,.,.,.,.,.,.,.,.,Samer,Frangie,,
Fall2021-2022(202210),12834,PSPA,399C,9,M.A.Thesis,6,0,AS,0,5,.,.,.,.,.,.,.,.,.,.,.,.,.,.,.,.,.,.,.,.,.,.,Carmen,Geha,,
Fall2021-2022(202210),13400,PSPA,399E,1,M.A.Thesis,6,1,AS,1,-1,.,.,.,.,.,.,.,.,.,.,.,.,.,.,.,.,.,.,.,.,.,.,Tariq,Tell,,
Fall2021-2022(202210),12835,PSYC,101,1,Fresh.Int.toPsychologi.Sc.,3,3,AS,27,-2,1230,1345,NICELY,320,.,T,.,R,.,.,.,.,.,.,.,.,.,.,.,.,.,.,Hana,Majzoub,,
Fall2021-2022(202210),12836,PSYC,201,1,Int.toPsychologicalScience,3,3,AS,32,-7,1000,1050,NICELY,325,M,.,W,.,F,.,.,.,.,.,.,.,.,.,.,.,.,.,May,Awaida,,
Fall2021-2022(202210),12837,PSYC,201,2,Int.toPsychologicalScience,3,3,AS,29,-4,1200,1250,NICELY,210,M,.,W,.,F,.,.,.,.,.,.,.,.,.,.,.,.,.,May,Awaida,,
Fall2021-2022(202210),12838,PSYC,201,3,Int.toPsychologicalScience,3,3,AS,54,-1,0930,1045,HSON,102,.,T,.,R,.,.,.,.,.,.,.,.,.,.,.,.,.,.,Lana,Seguias,,
Fall2021-2022(202210),12839,PSYC,201,4,Int.toPsychologicalScience,3,3,AS,28,-3,1230,1345,NICELY,210,.,T,.,R,.,.,.,.,.,.,.,.,.,.,.,.,.,.,Lea,Merhi,,
Fall2021-2022(202210),12840,PSYC,210,1,LifespanDevelopmentPsych.,3,3,AS,21,4,1530,1645,NICELY,210,M,.,W,.,.,.,.,.,.,.,.,.,.,.,.,.,.,.,May,Awaida,,
Fall2021-2022(202210),12841,PSYC,210,2,LifespanDevelopmentPsych.,3,3,AS,16,9,1700,1815,NICELY,210,M,.,W,.,.,.,.,.,.,.,.,.,.,.,.,.,.,.,May,Awaida,,
Fall2021-2022(202210),12842,PSYC,212,1,SocialPsychology,3,3,AS,36,-11,1400,1515,NICELY,323,.,T,.,R,.,.,.,.,.,.,.,.,.,.,.,.,.,.,Vivienne,Badaan,,
Fall2021-2022(202210),12843,PSYC,214,1,AdultAbnormalPsychology,3,3,AS,0,0,.,.,.,.,.,.,.,.,.,.,.,.,.,.,.,.,.,.,.,.,.,.,.,STAFF,,
Fall2021-2022(202210),13057,PSYC,215,1,ChildAbnormalPsychology,3,3,AS,26,-1,1830,1945,NICELY,324,.,T,.,R,.,.,.,.,.,.,.,.,.,.,.,.,.,.,Sabine,Saade,,
Fall2021-2022(202210),13166,PSYC,216,1,PersonalityPsychology,3,3,AS,28,-3,0900,0950,NICELY,322,M,.,W,.,F,.,.,.,.,.,.,.,.,.,.,.,.,.,Mona,Ayoub,,
Fall2021-2022(202210),13058,PSYC,220,1,Psychol.ofLearning&Behavior,3,3,AS,33,-8,1700,1815,NICELY,324,.,T,.,R,.,.,.,.,.,.,.,.,.,.,.,.,.,.,Sabine,Saade,,
Fall2021-2022(202210),13167,PSYC,220,2,Psychol.ofLearning&Behavior,3,3,AS,20,-6,1400,1450,NICELY,103,M,.,W,.,F,.,.,.,.,.,.,.,.,.,.,.,.,.,Jennifer,Fisher,,
Fall2021-2022(202210),12844,PSYC,222,1,BehavioralNeuroscience,3,3,AS,33,-8,1100,1215,NICELY,214,.,T,.,R,.,.,.,.,.,.,.,.,.,.,.,.,.,.,Arne,Dietrich,,
Fall2021-2022(202210),13065,PSYC,229,1,CognitiveNeuroscience,3,3,AS,22,3,0930,1045,NICELY,212,.,T,.,R,.,.,.,.,.,.,.,.,.,.,.,.,.,.,Julien,Besle,,
Fall2021-2022(202210),13168,PSYC,230,1,ClinicalPsychology,3,3,AS,0,0,.,.,.,.,.,.,.,.,.,.,.,.,.,.,.,.,.,.,.,.,.,.,.,STAFF,,
Fall2021-2022(202210),13242,PSYC,230,2,ClinicalPsychology,3,3,AS,17,-7,1530,1645,NICELY,323,.,T,.,R,.,.,.,.,.,.,.,.,.,.,.,.,.,.,NadiaTina,Dandan,,
Fall2021-2022(202210),12847,PSYC,240K,1,ST.PsychologyofGender,3,3,AS,18,-3,1400,1629,NICELY,209,.,.,W,.,.,.,.,.,.,.,.,.,.,.,.,.,.,.,Vivienne,Badaan,,
Fall2021-2022(202210),12848,PSYC,240Q,1,ST.AnimalBehavior,3,3,AS,6,4,1300,1350,PHYS,217,M,.,W,.,F,.,.,.,.,.,.,.,.,.,.,.,.,.,Riyad,Sadek,,
Fall2021-2022(202210),12849,PSYC,280,1,History&SystemsofPsychol.,3,3,AS,36,-11,0930,1045,NICELY,211,.,T,.,R,.,.,.,.,.,.,.,.,.,.,.,.,.,.,Arne,Dietrich,,
Fall2021-2022(202210),12850,PSYC,282,1,ResearchDesigninPsychology,3,3,AS,20,5,1200,1250,NICELY,103,M,.,W,.,F,.,.,.,.,.,.,.,.,.,.,.,.,.,Jennifer,Fisher,,
Fall2021-2022(202210),12851,PSYC,282,2,ResearchDesigninPsychology,3,3,AS,10,15,1100,1150,NICELY,325,M,.,W,.,F,.,.,.,.,.,.,.,.,.,.,.,.,.,Jennifer,Fisher,,
Fall2021-2022(202210),12852,PSYC,284,1,StatisticalAnalysisinPsyc.,3,3,AS,31,-6,1530,1645,NICELY,108,.,T,.,R,.,.,.,.,.,.,.,.,.,.,.,.,.,.,Julien,Besle,,
Fall2021-2022(202210),12854,PSYC,288,1,Undergrad.Sem.inPsychology,3,3,AS,16,-6,1400,1629,NICELY,324,M,.,.,.,.,.,.,.,.,.,.,.,.,.,.,.,.,.,Mona,Ayoub,,
Fall2021-2022(202210),12855,PSYC,318F,1,ST:Gender&Psychology,3,3,AS,10,-5,1400,1629,NICELY,209,.,.,W,.,.,.,.,.,.,.,.,.,.,.,.,.,.,.,Vivienne,Badaan,,
Fall2021-2022(202210),13087,PSYC,358,1,ClinicalInterventionsII,3,3,AS,5,10,1630,1859,JESUP,107,M,.,.,.,.,.,.,.,.,.,.,.,.,.,.,.,.,.,Ghena,Ismail,,
Fall2021-2022(202210),12858,PSYC,362A,1,ClinicalPracticum,3,3,AS,0,0,.,.,.,.,.,.,.,.,.,.,.,.,.,.,.,.,.,.,.,.,.,.,.,STAFF,,
Fall2021-2022(202210),12859,PSYC,362B,1,ClinicalPracticum,3,3,AS,7,-5,.,.,.,.,.,.,.,.,.,.,.,.,.,.,.,.,.,.,.,.,.,.,Ghena,Ismail,,
Fall2021-2022(202210),12860,PSYC,399,1,M.A.Thesis,6,7.2,AS,0,5,.,.,.,.,.,.,.,.,.,.,.,.,.,.,.,.,.,.,.,.,.,.,Fatimah,ElJamil,,
Fall2021-2022(202210),12861,PSYC,399,2,M.A.Thesis,6,7.2,AS,0,5,.,.,.,.,.,.,.,.,.,.,.,.,.,.,.,.,.,.,.,.,.,.,Arne,Dietrich,,
Fall2021-2022(202210),12862,PSYC,399,3,M.A.Thesis,6,7.2,AS,1,4,.,.,.,.,.,.,.,.,.,.,.,.,.,.,.,.,.,.,.,.,.,.,Vivienne,Badaan,,
Fall2021-2022(202210),12863,PSYC,399,4,M.A.Thesis,6,7.2,AS,0,5,.,.,.,.,.,.,.,.,.,.,.,.,.,.,.,.,.,.,.,.,.,.,Ghena,Ismail,,
Fall2021-2022(202210),13467,PSYC,399,5,M.A.Thesis,6,7.2,AS,1,4,.,.,.,.,.,.,.,.,.,.,.,.,.,.,.,.,.,.,.,.,.,.,Mona,Ayoub,,
Fall2021-2022(202210),12865,PSYC,399,6,M.A.Thesis,6,7.2,AS,0,5,.,.,.,.,.,.,.,.,.,.,.,.,.,.,.,.,.,.,.,.,.,.,Tania,Bosqui,,
Fall2021-2022(202210),12866,PSYC,399,7,M.A.Thesis,6,7.2,AS,0,5,.,.,.,.,.,.,.,.,.,.,.,.,.,.,.,.,.,.,.,.,.,.,Pia,Zeinoun,,
Fall2021-2022(202210),12867,PSYC,399,8,M.A.Thesis,6,7.2,AS,0,5,.,.,.,.,.,.,.,.,.,.,.,.,.,.,.,.,.,.,.,.,.,.,Julien,Besle,,
Fall2021-2022(202210),12868,PSYC,399,9,M.A.Thesis,9,7.28,AS,0,5,.,.,.,.,.,.,.,.,.,.,.,.,.,.,.,.,.,.,.,.,.,.,Zahra,Hussain,,
Fall2021-2022(202210),12869,PSYC,399A,1,M.A.Thesis,6,0,AS,0,5,.,.,.,.,.,.,.,.,.,.,.,.,.,.,.,.,.,.,.,.,.,.,Arne,Dietrich,,
Fall2021-2022(202210),12870,PSYC,399A,2,M.A.Thesis,6,0,AS,0,5,.,.,.,.,.,.,.,.,.,.,.,.,.,.,.,.,.,.,.,.,.,.,Pia,Zeinoun,,
Fall2021-2022(202210),13345,PSYC,399A,3,M.A.Thesis,9,0,AS,2,3,.,.,.,.,.,.,.,.,.,.,.,.,.,.,.,.,.,.,.,.,.,.,Vivienne,Badaan,,
Fall2021-2022(202210),12873,PSYC,399A,5,M.A.Thesis,6,0,AS,0,5,.,.,.,.,.,.,.,.,.,.,.,.,.,.,.,.,.,.,.,.,.,.,Ghena,Ismail,,
Fall2021-2022(202210),12875,PSYC,399A,7,M.A.Thesis,6,0,AS,0,5,.,.,.,.,.,.,.,.,.,.,.,.,.,.,.,.,.,.,.,.,.,.,Julien,Besle,,
Fall2021-2022(202210),12876,PSYC,399A,8,M.A.Thesis,6,0,AS,0,5,.,.,.,.,.,.,.,.,.,.,.,.,.,.,.,.,.,.,.,.,.,.,Tania,Bosqui,,
Fall2021-2022(202210),12877,PSYC,399A,9,M.A.Thesis,6,0,AS,0,5,.,.,.,.,.,.,.,.,.,.,.,.,.,.,.,.,.,.,.,.,.,.,Zahra,Hussain,,
Fall2021-2022(202210),12879,PSYC,399B,2,M.A.Thesis,6,0,AS,0,5,.,.,.,.,.,.,.,.,.,.,.,.,.,.,.,.,.,.,.,.,.,.,Pia,Zeinoun,,
Fall2021-2022(202210),12880,PSYC,399B,3,M.A.Thesis,6,0,AS,0,5,.,.,.,.,.,.,.,.,.,.,.,.,.,.,.,.,.,.,.,.,.,.,Arne,Dietrich,,
Fall2021-2022(202210),12882,PSYC,399B,5,M.A.Thesis,6,0,AS,1,4,.,.,.,.,.,.,.,.,.,.,.,.,.,.,.,.,.,.,.,.,.,.,Ghena,Ismail,,
Fall2021-2022(202210),12884,PSYC,399B,7,M.A.Thesis,6,0,AS,0,5,.,.,.,.,.,.,.,.,.,.,.,.,.,.,.,.,.,.,.,.,.,.,Julien,Besle,,
Fall2021-2022(202210),12885,PSYC,399B,8,M.A.Thesis,6,0,AS,0,5,.,.,.,.,.,.,.,.,.,.,.,.,.,.,.,.,.,.,.,.,.,.,Tania,Bosqui,,
Fall2021-2022(202210),12886,PSYC,399B,9,M.A.Thesis,6,0,AS,1,4,.,.,.,.,.,.,.,.,.,.,.,.,.,.,.,.,.,.,.,.,.,.,Zahra,Hussain,,
Fall2021-2022(202210),13133,PSYC,399C,1,M.A.Thesis,9,0,AS,2,3,.,.,.,.,.,.,.,.,.,.,.,.,.,.,.,.,.,.,.,.,.,.,Vivienne,Badaan,,
Fall2021-2022(202210),12888,PSYC,399C,2,M.A.Thesis,6,0,AS,0,5,.,.,.,.,.,.,.,.,.,.,.,.,.,.,.,.,.,.,.,.,.,.,Pia,Zeinoun,,
Fall2021-2022(202210),12889,PSYC,399C,3,M.A.Thesis,6,0,AS,0,5,.,.,.,.,.,.,.,.,.,.,.,.,.,.,.,.,.,.,.,.,.,.,Arne,Dietrich,,
Fall2021-2022(202210),12891,PSYC,399C,5,M.A.Thesis,6,0,AS,0,5,.,.,.,.,.,.,.,.,.,.,.,.,.,.,.,.,.,.,.,.,.,.,Ghena,Ismail,,
Fall2021-2022(202210),12892,PSYC,399C,6,M.A.Thesis,6,0,AS,0,5,.,.,.,.,.,.,.,.,.,.,.,.,.,.,.,.,.,.,.,.,.,.,Rim,Saab,,
Fall2021-2022(202210),12893,PSYC,399C,7,M.A.Thesis,6,0,AS,0,5,.,.,.,.,.,.,.,.,.,.,.,.,.,.,.,.,.,.,.,.,.,.,Julien,Besle,,
Fall2021-2022(202210),12894,PSYC,399C,8,M.A.Thesis,6,0,AS,1,4,.,.,.,.,.,.,.,.,.,.,.,.,.,.,.,.,.,.,.,.,.,.,Tania,Bosqui,,
Fall2021-2022(202210),12895,PSYC,399C,9,M.A.Thesis,6,0,AS,0,5,.,.,.,.,.,.,.,.,.,.,.,.,.,.,.,.,.,.,.,.,.,.,Zahra,Hussain,,
Fall2021-2022(202210),12896,PSYT,300,1,Clin.PsychologyPracticumI,4,4,FM,4,1,.,.,.,.,.,.,.,.,.,.,.,.,.,.,.,.,.,.,.,.,.,.,Brigitte,Khoury,,Online
Fall2021-2022(202210),12897,PSYT,302,1,Clin.PsychologyPracticumIII,6,6,FM,4,1,.,.,.,.,.,.,.,.,.,.,.,.,.,.,.,.,.,.,.,.,.,.,Brigitte,Khoury,,Online
